set,id,verdict,note,topic,sheet,row,col
png,acid-base-litmus,text,LITMUS TEST label,chemistry: acid base litmus,,3,1
png,active-vs-passive-transport,text,baked-in labels,biology: active vs passive transport,,1,3
png,adaptation-camouflage-stick-insect,garbled,incoherent shapes,biology: adaptation camouflage stick insect,,2,2
png,agung-gong,style,heavy digital shading,general: agung gong,,1,0
png,arrow-curved,style,heavy digital shading,general: arrow curved,,3,0
png,atomic-model-timeline,text,model labels baked in,chemistry: atomic model timeline,,1,1
png,baking-soda-box-spoon,text,BAKING SODA text,chemistry: baking soda box spoon,,2,2
png,balut-eating-roadside-scene,off-topic,not a roadside eating scene,general: balut eating roadside scene,,0,1
png,bamboo-band-musikong-bumbong,off-topic,"brass instruments, not bamboo",general: bamboo band musikong bumbong,,1,1
png,benefits-of-exercise-body,text,baked-in labels,biology: benefits of exercise body,,2,3
png,bodies-of-water-overview,text,labels baked in,earth-science: bodies of water overview,,3,2
png,bottle-cap-opener-lever,text,lever labels baked in,physics: bottle cap opener lever,,2,2
png,bottle-opener-lever-action,text,title text baked in,physics: bottle opener lever action,,2,3
png,candle-wax-melting-vs-burning,text,chemical burning label,chemistry: candle wax melting vs burning,,3,2
png,carinderia-eatery-scene,text,sign text baked in,general: carinderia eatery scene,,2,1
png,cellular-respiration-simple,text,labels baked in,flagged: cellular respiration simple,,3,1
png,changes-of-state-cycle,text,state labels baked in,chemistry: changes of state cycle,,2,3
png,chemical-equation-balanced,text,equation labels baked in,chemistry: chemical equation balanced,,0,1
png,circuit-series-parallel,text,series label baked in,physics: circuit series parallel,,1,3
png,climate-factors,text,labels baked in,flagged: climate factors,,3,2
png,combustion-of-candle-products,text,reaction labels baked in,chemistry: combustion of candle products,,2,1
png,complete-vs-incomplete-metamorphosis,text,labels baked in,flagged: complete vs incomplete metamorphosis,,3,3
png,conductor-insulator,text,diagram labels baked in,physics: conductor insulator,,2,2
png,continental-drift-pangaea,text,labels baked in,earth-science: continental drift pangaea,,3,1
png,damselfly,style,inverted black background,biology: damselfly,,2,1
png,diagram-litmus-acid-base,text,ACID label baked in,chemistry: diagram litmus acid base,,3,3
png,diagram-ph-scale-strip,text,Acidic Basic labels,chemistry: diagram ph scale strip,,0,1
png,dichotomous-key-branching,text,baked-in labels,flagged: dichotomous key branching,,0,1
png,dog-following-scent-trail,style,inverted black background,biology: dog following scent trail,,2,0
png,double-replacement-reaction,text,reaction labels baked in,chemistry: double replacement reaction,,2,2
png,eagle-hunting-monkey,style,inverted black background,biology: eagle hunting monkey,,2,0
png,eagle-on-nest,style,inverted black background,biology: eagle on nest,,2,1
png,earth-tilt-seasons,text,season labels baked in,earth-science: earth tilt seasons,,3,2
png,earth-vs-other-planets,text,baked-in text garbled,earth-science: earth vs other planets,,3,3
png,earthworm,style,inverted black background,biology: earthworm,,1,1
png,el-nino-la-nina,text,labels baked in,earth-science: el nino la nina,,1,3
png,electric-jeepney-charging,text,E-Jeep sign baked in,physics: electric jeepney charging,,3,1
png,element-symbols-first20,text,element symbols baked in,chemistry: element symbols first20,,1,0
png,em-spectrum,text,gibberish spectrum labels,physics: em spectrum,,1,2
png,emergency-hotline-numbers,text,title text baked in,general: emergency hotline numbers,,2,2
png,energy-forms-icons,text,gibberish icon labels,physics: energy forms icons,,1,3
png,energy-transformation-pe-ke,text,gibberish energy labels,physics: energy transformation pe ke,,2,0
png,exothermic-vs-endothermic,text,title words baked in,chemistry: exothermic vs endothermic,,2,0
png,fault-types,text,labels baked in,earth-science: fault types,,0,3
png,fennec-skip,off-topic,bird not fennec fox,biology: fennec skip,,1,2
png,fiesta-food-stalls,text,foreign text on signs,general: fiesta food stalls,,2,1
png,fiesta-parade-marching-scene,text,banner text baked in,general: fiesta parade marching scene,,3,1
png,fiesta-street-celebration-scene,text,title text baked in,general: fiesta street celebration scene,,3,3
png,food-from-farm-to-table,text,MARKET text baked in,flagged: food from farm to table,,1,2
png,food-groups-sorting-plate,text,baked-in GO/GROW/GLOW,biology: food groups sorting plate,,3,1
png,food-label-nutrition-facts,text,gibberish label text,general: food label nutrition facts,,0,2
png,food-making-in-chloroplast,text,baked-in Sugar/Chloroplast/Grain,biology: food making in chloroplast,,3,2
png,food-spoilage-fresh-vs-rotten,text,baked-in Vs text,biology: food spoilage fresh vs rotten,,0,0
png,foodweb-mangrove-ph,text,baked-in labels,flagged: foodweb mangrove ph,,2,2
png,foodweb-pond-freshwater,quality,hand photobombs image,flagged: foodweb pond freshwater,,2,3
png,foodweb-seagrass-meadow,text,baked-in labels,flagged: foodweb seagrass meadow,,3,2
png,force-pull-arrow,text,PULL word baked in,physics: force pull arrow,,0,2
png,fossil-fuel-formation,text,baked-in title text,earth-science: fossil fuel formation,,3,2
png,four-s-dengue-prevention,text,labels and title baked in,flagged: four s dengue prevention,,0,0
png,free-body-diagram,text,gibberish force labels,physics: free body diagram,,1,1
png,gas-exchange-in-leaf,text,labels baked in,flagged: gas exchange in leaf,,0,1
png,gas-laws-boyle,text,Boyle label baked in,chemistry: gas laws boyle,,3,3
png,global-warming-impacts,text,labels baked in,earth-science: global warming impacts,,3,0
png,go-grow-glow-food-groups,text,food labels baked in,flagged: go grow glow food groups,,0,2
png,guard-cells-stomata,text,baked-in text labels,biology: guard cells stomata,,2,0
png,halo-ring-around-moon,off-topic,shows ringed planet,earth-science: halo ring around moon,,1,3
png,healthy-snack-fruit-vs-chips,text,VS baked in,biology: healthy snack fruit vs chips,,0,3
png,healthy-snack-vs-sugary-drink,text,gibberish title text,general: healthy snack vs sugary drink,,3,2
png,homeostasis-feedback,text,diagram labels baked in,flagged: homeostasis feedback,,1,2
png,homologous-limbs-comparison,text,labels baked in,biology: homologous limbs comparison,,0,0
png,igneous-rock-formation,text,labels baked in,earth-science: igneous rock formation,,1,0
png,insect-in-net,off-topic,magnifier not net,biology: insect in net,,0,3
png,invisible-ink-calamansi,text,handwritten note baked in,chemistry: invisible ink calamansi,,2,1
png,invisible-ink-lemon-heat,text,handwritten note baked in,chemistry: invisible ink lemon heat,,2,2
png,kinetic-potential-energy,text,gibberish energy labels,physics: kinetic potential energy,,3,1
png,lewis-dot-structures,text,fake element labels,chemistry: lewis dot structures,,3,0
png,life-cycle-of-a-star,text,labels baked in,earth-science: life cycle of a star,,3,1
png,magnet-on-tile-streak,off-topic,shows rock not tile streak,physics: magnet on tile streak,,1,1
png,mangrove-nutrient-cycle-diagram,text,cycle labels baked in,flagged: mangrove nutrient cycle diagram,,2,1
png,metal-coin-sinking-in-water,text,$ symbol baked in,chemistry: metal coin sinking in water,,3,0
png,metals-nonmetals-metalloids,text,category labels baked in,chemistry: metals nonmetals metalloids,,3,2
png,minerals-and-their-uses,text,mineral labels baked in,earth-science: minerals and their uses,,0,3
png,mitosis-stages,text,stage labels baked in,biology: mitosis stages,,1,3
png,mold-bread-observation-jars,text,'FRESH' label baked in,biology: mold bread observation jars,,2,3
png,monsoon-habagat-amihan,text,wrong monsoon label,earth-science: monsoon habagat amihan,,1,2
png,mosquito-borne-disease-prevention,text,labels baked in,flagged: mosquito borne disease prevention,,2,2
png,mosquito-borne-illness-prevention,text,baked-in title text,biology: mosquito borne illness prevention,,3,3
png,moth-near-lamp,off-topic,concrete slab not moth,physics: moth near lamp,,0,0
png,mud-lobster-on-mound,style,heavy black border,biology: mud lobster on mound,,2,2
png,mutation-types,text,mutation table text,biology: mutation types,,3,3
png,myna-flock-roost,off-topic,single bird not flock roost,biology: myna flock roost,,0,2
png,nerve-cell-labeled-parts,quality,missing part labels,biology: nerve cell labeled parts,,3,3
png,neutralization-acid-base,text,flask labels baked in,chemistry: neutralization acid base,,1,3
png,newtons-second-law,text,garbled formula text,physics: newtons second law,,1,3
png,nitrogen-cycle,text,cycle labels baked in,flagged: nitrogen cycle,,3,0
png,nitrogen-cycle-ecosystem,text,cycle labels baked in,flagged: nitrogen cycle ecosystem,,2,3
png,nutrients-on-food-label,text,mostly fake text labels,biology: nutrients on food label,,3,0
png,organ-heart,style,heavy digital gray shading,biology: organ heart,,1,1
png,organ-kidneys,style,heavy digital gray shading,biology: organ kidneys,,1,2
png,organ-lungs,style,heavy digital gray shading,biology: organ lungs,,1,3
png,osmosis-turgid-vs-wilted,off-topic,shows beakers not plants,biology: osmosis turgid vs wilted,,2,1
png,overfishing-empty-net-scene,off-topic,net is full of fish,biology: overfishing empty net scene,,3,2
png,palawan-peacock-pheasant,off-topic,"looks like peacock, not peacock-pheasant",biology: palawan peacock pheasant,,0,3
png,panda-eating-bamboo,style,heavy black fill,biology: panda eating bamboo,,1,3
png,paper-airplane-distance-test,text,baked-in numbers,physics: paper airplane distance test,,0,2
png,particle-model-states,text,state labels baked in,chemistry: particle model states,,3,3
png,pedigree-chart,text,mislabeled Pegatree,biology: pedigree chart,,2,2
png,periodic-table-cell,text,cell labels baked in,chemistry: periodic table cell,,0,0
png,periodic-trends,text,trend labels baked in,chemistry: periodic trends,,0,2
png,ph-scale,text,pH word labels baked in,chemistry: ph scale,,0,3
png,philippine-landforms-overview,text,garbled place labels,earth-science: philippine landforms overview,,2,3
png,photosynthesis-detailed,text,process labels baked in,flagged: photosynthesis detailed,,3,1
png,photosynthesis-vs-combustion,text,gas labels baked in,flagged: photosynthesis vs combustion,,3,2
png,physical-vs-chemical-change-sort,text,chart labels baked in,chemistry: physical vs chemical change sort,,1,2
png,pista-balloon-darts-stall,text,fiesta sign text,general: pista balloon darts stall,,1,0
png,plant-fruit,style,heavy digital shading,biology: plant fruit,,2,3
png,projectile-motion,text,baked-in labels,physics: projectile motion,,1,2
png,proper-handwashing-steps,text,steps and words baked in,general: proper handwashing steps,,2,1
png,properties-of-materials-chart,text,property labels baked in,chemistry: properties of materials chart,,2,2
png,public-elementary-school-building-object,text,public school text,general: public elementary school building object,,3,3
png,reaction-rate-factors,text,title and labels baked in,chemistry: reaction rate factors,,0,1
png,recycling-drive-collection-scene,text,sign text baked in,earth-science: recycling drive collection scene,,1,1
png,reflex-arc,text,baked-in title,biology: reflex arc,,2,3
png,renewable-vs-nonrenewable-resources,text,Vs text baked in,earth-science: renewable vs nonrenewable resources,,1,3
png,respiration-cellular,text,molecule labels baked in,flagged: respiration cellular,,3,3
png,reversible-vs-irreversible-change,text,labels baked in,flagged: reversible vs irreversible change,,0,0
png,rice-growing-stages-paddy,text,garbled labels baked in,biology: rice growing stages paddy,,3,0
png,rock-cycle,text,rock cycle labels baked in,earth-science: rock cycle,,1,0
png,role-herbivore,text,baked-in text,biology: role herbivore,,2,2
png,rough-vs-smooth-ramp-roll,text,baked-in labels,physics: rough vs smooth ramp roll,,1,3
png,rust-formation-nail-jars,text,condition labels baked in,chemistry: rust formation nail jars,,3,0
png,rust-formation-stages-nail,text,stage labels baked in,chemistry: rust formation stages nail,,3,1
png,sari-sari-store,style,heavy window shading,general: sari sari store,,0,3
png,sari-sari-store-corner-scene,text,gibberish sign text,general: sari sari store corner scene,,0,0
png,sari-sari-store-front,text,product label text,general: sari sari store front,,0,1
png,sari-sari-store-tingi-measuring,text,tingi sugar labels,general: sari sari store tingi measuring,,0,2
png,sari-sari-with-videoke-scene,text,sari-store sign text,general: sari sari with videoke scene,,1,1
png,scramble-iced-drink,style,heavy gray wash,general: scramble iced drink,,3,1
png,seismic-waves,text,wave labels baked in,earth-science: seismic waves,,1,3
png,separating-sand-salt-water,text,labels baked in,flagged: separating sand salt water,,0,2
png,shadow-puppet-wall-light,off-topic,dog not shadow puppet,physics: shadow puppet wall light,,0,1
png,simple-carbon-cycle-diagram,text,cycle labels baked in,earth-science: simple carbon cycle diagram,,3,0
png,single-replacement-reaction,text,gibberish formulas,chemistry: single replacement reaction,,2,0
png,solute-solvent-solution,text,solute label baked in,chemistry: solute solvent solution,,3,3
png,sound-pitch-loudness,text,gibberish labels,physics: sound pitch loudness,,2,0
png,substance-vs-mixture-particles,text,category labels baked in,chemistry: substance vs mixture particles,,0,2
png,sun-earth-moon-model,off-topic,Earth-centered with two moons,earth-science: sun earth moon model,,2,3
png,sun-earth-size,off-topic,sun drawn with Earth continents,earth-science: sun earth size,,3,0
png,sun-spots-surface,off-topic,"shows moon craters, not sunspots",earth-science: sun spots surface,,0,1
png,swimming-pool-bent-stick-refraction,off-topic,straw in glass not pool,physics: swimming pool bent stick refraction,,2,0
png,symbiosis-types-diagram,text,gibberish baked-in labels,biology: symbiosis types diagram,,3,1
png,synthesis-reaction-combine,text,NO label baked in,chemistry: synthesis reaction combine,,2,1
png,three-rock-types-comparison,text,labels baked in,earth-science: three rock types comparison,,3,3
png,tides-spring-neap,text,labels baked in,earth-science: tides spring neap,,0,3
png,tomato-kamatis,style,heavy digital shading,biology: tomato kamatis,,2,3
png,tricycle-engine-energy-flow,text,baked-in text,physics: tricycle engine energy flow,,3,1
png,trophic-roles-web-diagram,text,gibberish labels,biology: trophic roles web diagram,,0,0
png,typhoon-preparation-home-scene,text,labels baked in,earth-science: typhoon preparation home scene,,3,3
png,uses-of-metal-objects,text,Metals label baked in,chemistry: uses of metal objects,,1,1
png,vaccination-immunity,text,gibberish text,biology: vaccination immunity,,2,1
png,visible-light-roygbiv,off-topic,not recognizable as light,physics: visible light roygbiv,,2,2
png,vitamin-a-food-sources,text,misspelled labels,biology: vitamin a food sources,,1,0
png,vitamins-sources-fruits-veg,text,gibberish labels,biology: vitamins sources fruits veg,,1,3
png,volcano-crater,style,heavy border clashes with style,earth-science: volcano crater,,2,2
png,volcano-in-lake,style,black frame baked in,earth-science: volcano in lake,,3,1
png,waste-segregation-bins-scene,text,labels baked in,earth-science: waste segregation bins scene,,0,0
png,water-refilling-station-scene,text,gibberish sign text,chemistry: water refilling station scene,,1,0
png,wave-transverse,text,labels baked in,physics: wave transverse,,0,1
png,weather-chart,text,baked-in day names,earth-science: weather chart,,3,0
png,weather-forecasting-tools,text,readout text baked in,earth-science: weather forecasting tools,,3,2
png,weather-vs-climate-comparison,text,labels and misspellings baked in,earth-science: weather vs climate comparison,,0,2
png,wheelbarrow-cement-load,text,labels baked in,physics: wheelbarrow cement load,,2,1
png,why-philippines-has-wet-dry-seasons,text,misspelled labels baked in,earth-science: why philippines has wet dry seasons,,1,2
png,window-air-conditioner,style,solid black background,physics: window air conditioner,,1,2
png,wood-floating-on-water,style,black background clash,chemistry: wood floating on water,,1,3
png,work-force-distance,text,labels baked in,physics: work force distance,,2,2
webp,ffct-00085,off-topic,root vegetable not safety,Plant Safety,,0,1
webp,ffct-00119,off-topic,no red tide context,can you still eat fish during red tide,,0,1
webp,ffct-00142,off-topic,eye does not illustrate concept,not a sickness you catch,,2,2
webp,ffct-00195,text,ORS label baked in,Newer low-osmolarity ORS is gentler and more effective,,1,2
webp,ffct-00225,text,ear anatomy labels,otitis media middle ear infection in children,,0,3
webp,ffct-00227,text,lymphatic labels baked in,lymphatic drainage prevents swelling,,1,1
webp,ffct-00229,text,molasses jar label,molasses is the byproduct of sugar refining,,1,2
webp,ffct-00306,text,vaccine label baked in,what the cold chain is,,3,3
webp,ffct-00355,off-topic,shows treatment not cause,Diarrhea and vomiting cause dehydration,,1,1
webp,ffct-00392,text,vaccine label baked in,adjuvants in vaccines boost immune response,,0,3
webp,ffct-00400,text,vaccine label baked in,MMR vaccine protects against three diseases,,1,2
webp,ffct-00432,text,layer labels baked in,thermal stratification of lakes in tropics,,2,0
webp,ffct-00534,text,product label text baked in,fluoride protects teeth,,3,0
webp,ffct-00555,text,drug label text baked in,TB was deadly before medicines but now curable,,1,1
webp,ffct-00566,text,anatomy label baked in,ear tube balances air pressure,,2,3
webp,ffct-00589,text,vaccine label text baked in,who discovered the first vaccine,,1,0
webp,ffct-00645,text,label text baked in,alcohol or sanitizer when no soap and water,,3,0
webp,ffct-00650,text,drug label text baked in,treatable with antibiotics,,3,3
webp,ffct-00881,text,drug label text baked in,Expiration date tells when medicine goes bad,,1,1
webp,ffct-00908,text,N95 and warning text,N95 respirators filter better,,0,2
webp,ffct-00951,text,warning label text,warnings and side effects,,1,2
webp,ffct-01023,text,aspirin label text baked in,wrong dose risk,,1,0
webp,ffct-01046,text,medicated cream label text,scabies treated with medicine,,3,2
webp,ffct-01125,text,drug label text baked in,do not share or save antibiotics,,2,0
webp,ffct-01158,text,soy sauce label text,soy sauce is made by mold fermentation,,2,1
webp,ffct-01346,text,SAFE ZONE label baked in,the body keeps conditions within a narrow range,,2,1
webp,ffct-01367,text,Chinese characters baked in,be careful with street food,,3,3
webp,ffct-01584,text,VACCINE label baked in,vaccines train the body to make antibodies,,3,3
webp,ffct-01659,text,INCUBATOR label baked in,Egg Incubator,,0,0
webp,ffct-01674,text,VACCINE label baked in,vaccine versus deworming medicine,,1,2
webp,ffct-01690,off-topic,shows kidney not lymphatic,lymphatic system,,0,0
webp,ffct-01758,text,labels baked in,why vision becomes blurry,,3,2
webp,ffct-01861,off-topic,eye unrelated to traits,inherited traits vs learned traits,,2,3
webp,ffct-01865,off-topic,water bottle not overheating,When skin cannot keep up overheating happens,,3,1
webp,ffct-01866,off-topic,no insect host shown,pseudoscorpions hitch rides on insects called phoresy,,3,2
webp,ffct-01875,off-topic,only one species shown,Mullerian mimicry shared warning signals,,0,2
webp,ffct-01878,off-topic,shows sprouting not rot,too much water can rot a seed,,0,3
webp,ffct-02070,text,labels baked in,Left atrium receives oxygen-rich blood from lungs,,1,3
webp,ffct-02115,off-topic,single bird no competition,competition in ecosystems,,0,0
webp,ffct-02155,off-topic,snail not children in water,children who play in water are at risk,,1,2
webp,ffct-02232,text,label text baked in,Generic name versus brand name on label,,1,0
webp,ffct-02277,off-topic,only cardiac muscle shown,three types of muscle in the body,,3,1
webp,ffct-02283,text,milk text baked in,calcium from milk and dairy for Philippine children,,0,1
webp,ffct-02445,off-topic,gallbladder not a lump,misconception that every lump is dangerous,,1,3
webp,ffct-02534,off-topic,tick is parasite not host,what a host is,,1,1
webp,ffct-02582,off-topic,boat unrelated to kids helping,how kids can help,,3,1
webp,ffct-02606,off-topic,cheese blocks not keystone species,what a keystone species is,,2,0
webp,ffct-02708,text,opium label text baked in,why read labels,,0,1
webp,ffct-02730,text,pill bottle label text baked in,TB can be cured with medicine,,2,1
webp,ffct-02757,text,vial label text baked in,how a germ is weakened to make a vaccine,,0,1
webp,ffct-02792,text,blood bag label text baked in,blood banks store and label blood,,2,3
webp,ffct-02825,text,jar label text baked in,Ilocos Bagoong Probiotics,,0,2
webp,ffct-02853,off-topic,belly does not show vessels,blood vessels regrow to feed new skin,,2,3
webp,ffct-02863,text,dewormer text baked in,deworming medicine,,0,1
webp,ffct-02874,text,sunscreen label text baked in,Sun Safety,,2,1
webp,ffct-02938,text,blood bag text labels,blood donation saves lives,,3,3
webp,ffct-03109,text,insulin label text,type 1 diabetes,,1,3
webp,ffct-03171,text,vitamin label text,which vitamin deficiency causes beriberi,,1,0
webp,ffct-03264,off-topic,wrong pig species,Visayan warty pig different subspecies on each island,,0,1
webp,ffct-03302,off-topic,does not show competition,competitive exclusion principle,,1,2
webp,ffct-03344,text,product label text baked in,sunscreen and vitamin D balance,,2,1
webp,ffct-03466,text,dry yeast product label,dry yeast is alive but resting,,3,0
webp,ffct-03588,text,vaccine vial label text,how vaccines are tested before use,,1,3
webp,ffct-03599,text,ORS product label text,"ORS works for adults and athletes too, not just kids",,3,0
webp,ffct-03653,off-topic,shows healthy child not wasting,wasting acute malnutrition,,0,3
webp,ffct-03665,text,mouthwash product label text,mouthwash kills bacteria in the mouth,,2,0
webp,ffct-03841,text,anatomical labels baked in,how many tiny bones are in the ear,,3,3
webp,ffct-03985,text,ORS text baked in,ORS called a major lifesaving discovery for children,,1,0
webp,ffct-04069,off-topic,sunflower not skin,darker skin needs more sun for vitamin D,,0,0
webp,ffct-04195,text,ORS label baked in,ORS paired with zinc for childhood diarrhea,,3,3
webp,ffct-04215,text,vaccine label baked in,what is inside a vaccine,,2,3
webp,ffct-04219,off-topic,shows vessels not blood color,Human blood color,,3,1
webp,ffct-04222,text,anatomical labels baked in,skin cells renew,,3,3
webp,ffct-04228,off-topic,shows fingernail not clotting,How long blood takes to clot,,0,1
webp,ffct-04266,off-topic,pufferfish no sand circles,pufferfish building ornate sand circles for mating,,1,2
webp,ffct-04323,off-topic,caterpillar not Jose Rizal,Jose Rizal,,1,2
webp,ffct-04330,text,vaccine label baked in,"Vaccine prevents, medicine only treats",,2,3
webp,ffct-04363,text,vaccine labels baked in,vaccine vial monitor,,2,1
webp,ffct-04364,text,vaccine label baked in,Vaccines teach the body to recognize germs early,,2,2
webp,ffct-04366,off-topic,cooked rice not germination,Rice Germination,,2,3
webp,ffct-04376,text,taxonomy labels baked in,the largest/broadest taxonomy rank (below domain),,0,0
webp,ffct-04407,off-topic,single shark not commensalism,how commensalism works through riding food shelter,,0,2
webp,ffct-04411,text,sea patroller text baked in,community sea guards,,1,1
webp,ffct-04467,text,vaccine labels baked in,freezing also damages vaccines,,1,0
webp,ffct-04495,off-topic,stump not misconception,Misconception: nothing happens right away,,0,2
webp,ffct-04508,off-topic,bent nail not doctor,Knowing when to see a doctor,,2,1
webp,ffct-04529,off-topic,carabao not scientists counting,How scientists count rare animals,,0,1
webp,ffct-04605,off-topic,single face not melanin,why skin colors differ,,1,0
webp,ffct-04643,text,baked-in label text,Armpit lymph nodes as a concrete everyday example,,2,2
webp,ffct-04680,off-topic,carabao not tamaraw,How kids can help save the tamaraw,,1,2
webp,ffct-04756,off-topic,heart not pH accident,PH everyday example of a near accident,,1,2
webp,ffct-04841,text,baked-in D VITAMIN text,Extra vitamins do not give extra energy,,2,3
webp,ffct-04844,off-topic,snail not larva in water,The larva enters through human skin in water,,3,1
webp,ffct-04852,text,baked-in ORS label text,why ORS has sugar,,0,0
webp,ffct-05051,off-topic,pouring liquid not blowing,blowing on a wound does not heal it,,1,0
webp,ffct-05278,off-topic,electric eel not habituation,Why a shock gets weaker after repeated use,,2,3
webp,ffct-05364,off-topic,single fish no interbreeding,invasive species interbreeding with natives,,0,0
webp,ffct-05425,text,SOAP label baked in,worm infections can be treated and prevented,,0,0
webp,ffct-05544,off-topic,hydrogen fuel cell not microbial,bacteria extract energy from wastewater in microbial fuel cells,,1,0
webp,ffct-05617,off-topic,dough bowl not cold or yeast,cold slows yeast down,,1,1
webp,ffct-05685,text,vaccine label baked in,heat ruins vaccines,,0,3
webp,ffct-05702,text,vaccine label baked in,vaccines train immune memory,,3,1
webp,ffct-05741,text,vaccine label baked in,how vaccines changed health,,3,2
webp,ffct-05926,text,RED and GREEN labels,some people cannot tell certain colors apart,,3,3
webp,ffct-05929,text,SILENCED text on alarm,lowering only the fever does not cure the real sickness,,0,1
webp,ffct-05965,text,QUININE SULPHATE text,masking real illness,,0,0
webp,ffct-06038,text,AMOXICILLIN CAPSULES text,Batch or lot number tracks a medicine group,,1,1
webp,ffct-06059,text,VACCINE text on bottle,A vaccine helps prevent mumps,,2,3
webp,ffct-06308,off-topic,carabao not extinct or endangered,difference between extinct and endangered,,3,3
webp,ffct-06385,off-topic,thermometer not rest or immune,Why rest saves energy for the immune system,,1,0
webp,ffct-06696,text,vitamin label text,Vitamins alone do not stop tiredness,,2,0
webp,ffct-06706,off-topic,"shoe, no fungus shown",athlete's foot is a fungus,,3,3
webp,ffct-06730,text,vaccine label text,how mRNA vaccines work,,2,1
webp,ffct-06738,text,cap instructions text,Childproof cap and keep away from children,,3,2
webp,ffct-06861,off-topic,dugong not seagrass loss,seagrass loss from coastal development and pollution,,1,2
webp,ffct-06945,off-topic,"just water, no fear shown",fear of water is a sign of rabies,,0,0
webp,ffct-07059,text,prescription text,how antibiotics work,,0,0
webp,ffct-07067,scary,graphic blood in water,dysentery bloody diarrhea,,1,3
webp,ffct-07081,off-topic,microscope not antibiotic timeline,timeline of antibiotic discovery from penicillin to modern drugs,,0,0
webp,ffct-07129,off-topic,Komodo dragon not scan,scientists confirmed the venom with scans,,1,2
webp,ffct-07130,off-topic,dancer not human senses,Human Senses,,1,3
webp,ffct-07148,text,biogas digester label,methane-producing bacteria in biogas digesters,,3,3
webp,ffct-07178,text,Rx label baked in,different antibiotics target different bacteria,,2,0
webp,ffct-07396,text,medicine label baked in,do not share medicine,,2,3
webp,ffct-07414,off-topic,tiger not naming rules,how scientific names are written,,1,0
webp,ffct-07415,off-topic,DNA not project year,what year did the Human Genome Project begin,,1,1
webp,ffct-07446,text,ether inhaler label,when was ether anesthesia first demonstrated,,1,1
webp,ffct-07613,off-topic,shrub does not illustrate concept,evolution has no fixed goal,,3,3
webp,ffct-07686,text,SOAP baked in,Soap breaks the virus coat,,0,3
webp,ffct-07758,text,TEMPERATURE baked in,Poultry Incubator,,1,1
webp,ffct-07897,text,VACCINE label baked in,who created the rabies vaccine,,3,3
webp,ffct-07939,text,blood bag labels baked in,why blood must match,,3,1
webp,ffct-07942,off-topic,fish instead of lake,Laguna de Bay is a large Philippine lake,,3,2
webp,ffct-08084,text,book titles baked in,Why scientists group life into kingdoms,,3,1
webp,ffct-08160,text,ORS label baked in,Body signs that show ORS is needed,,0,0
webp,ffct-08274,text,vaccine label baked in,rubella is a different disease in the MMR vaccine,,1,0
webp,ffct-08364,text,vegetable oil label baked,vitamin E from nuts and oils protects cells,,3,0
webp,ffct-08519,text,ASPIRIN label baked in,why expired medicine is unsafe,,0,1
webp,ffct-08561,text,VACCINE label baked in,how vaccines work,,1,3
webp,ffct-08651,off-topic,human muscles not scientific name,how many words in a scientific name,,0,3
webp,ffct-08658,text,anatomical labels baked in,skin keeps water inside the body,,1,3
webp,ffct-08660,off-topic,glass of water not urine color,urine color shows hydration,,2,1
webp,ffct-08705,text,ORS text baked in,Early ORS can prevent the need for hospital care,,0,3
webp,ffct-08729,text,EUSTACHIAN TUBE label baked in,ear pressure equalizing,,3,2
webp,ffct-08732,text,inner ear labels baked in,why ears ring after loud noise,,0,0
webp,ffct-08790,off-topic,shows corn not yeast,yeast used in biotechnology for ethanol production,,2,0
webp,ffct-08838,off-topic,shows clam not medical care,"there is no antidote, only supportive care",,3,1
webp,ffct-09191,off-topic,shows morphine not insulin,Insulin was discovered about a century ago,,2,2
webp,ffct-09274,text,ORS label baked in,Why ORS may taste salty and how to help kids take it,,0,0
webp,ffct-09317,text,asthma labels baked in,asthma attack mechanism,,0,2
webp,ffct-09347,off-topic,shows sun not skin pigment,Skin color comes from a sun-blocking pigment,,0,0
webp,ffct-09434,text,temperature numbers baked in,When a fever needs a doctor's attention,,3,1
webp,ffct-09537,text,SPF label text baked in,Sun Safety,,2,0
webp,ffct-09550,text,blood bag label text baked in,donor and recipient must be compatible,,2,3
webp,ffct-09552,text,vaccine label text baked in,polio vaccine prevents paralysis,,3,0
webp,ffct-09688,text,baked-in 'CALCIUM' text,Calcium supplements help when food is short,,2,3
webp,ffct-09699,text,anatomical labels baked in,eardrum vibrates with incoming sound,,0,1
webp,ffct-09736,text,coin text and numbers,inheritance is probability,,0,0
webp,ffct-09743,text,skin layer labels,the dermis is the busy layer,,1,0
webp,ffct-09842,off-topic,"snail, not Philippine map",endemic regions in the Philippines,,1,3
webp,ffct-09847,text,bottle label text,Reading a real paracetamol label example,,2,3
webp,ffct-09848,text,epinephrine label text,anaphylaxis,,3,0
webp,ffct-09871,text,ointment label text,treat all household members for scabies,,1,2
webp,ffct-09955,off-topic,"newborn, not fetus",Fetal Development,,3,1
webp,ffct-10013,text,muscle/tendon/bone labels,tendons,,0,2
webp,ffct-10026,text,brain lobe labels,human brain usage,,2,2
webp,ffct-10051,text,vaccine vial label,what does a vaccine do,,1,0
webp,ffct-10078,off-topic,"passion flower, not carrion",some flowers smell like rotting meat to attract flies,,3,2
webp,ffct-10133,off-topic,does not show scurvy,deficiency disease scurvy,,2,3
webp,ffct-10139,off-topic,does not show protection,protecting clean water sources,,3,1
webp,ffct-10169,off-topic,"lure attracts prey, not mates",light for finding mates,,2,0
webp,ffct-10190,text,growth plate labels,growth plates allow bones to lengthen in children,,3,3
webp,ffct-10205,off-topic,not captive breeding,Captive breeding helps save the species,,1,1
webp,ffct-10211,text,labels baked in,accidental double dosing,,2,0
webp,ffct-10218,text,labels baked in,The body needs oxygen to burn glucose for energy,,2,3
webp,ffct-10244,off-topic,only one pattern shown,The three main fingerprint patterns,,2,1
webp,ffct-10271,off-topic,wrong subject,rarely spreads person to person,,2,0
webp,ffct-10321,off-topic,adult not nymph,wing development in nymphs,,3,0
webp,ffct-10373,off-topic,"colored pencils, not body",Human Body,,0,3
webp,ffct-10384,off-topic,"thermometer, not immunity",Human Immunity,,1,3
webp,ffct-10402,off-topic,adult echinoderm not larva,echinoderm larvae are symmetrical,,0,1
webp,ffct-10414,text,VET text on uniform,some people get rabies vaccine before any bite,,2,2
webp,ffct-10461,text,baked-in label,who is the father of immunology,,2,2
webp,ffct-10469,off-topic,wrong subject,when was the first vaccine made,,3,2
webp,ffct-10526,text,baked-in label text,measles vaccine,,2,1
webp,ffct-10549,off-topic,acetaminophen not TB medicine,TB medicine must be taken about six months,,2,0
webp,ffct-10645,off-topic,vaccine not Bordetella bacteria,whooping cough pertussis caused by Bordetella bacteria,,3,1
webp,ffct-10685,text,iodized salt label baked in,the body needs only a tiny amount of iodine,,0,1
webp,ffct-10933,text,blood bag labels baked in,blood must be matched before transfusion,,3,1
webp,ffct-10960,off-topic,snake globe not circulatory system,Human Circulatory System,,2,3
webp,ffct-10970,off-topic,deer shows no recovery,Animals can recover with help,,0,0
webp,ffct-11061,off-topic,tiger alone no Red List,IUCN Red List tracks species,,0,0
webp,ffct-11063,off-topic,animal alone no protected area,Protected areas keep habitats safe,,0,1
webp,ffct-11079,off-topic,shows dream not forgetting,why we forget our dreams,,2,2
webp,ffct-11084,off-topic,lizard alone no taxonomy,scientific names for warm-blooded and cold-blooded,,3,0
webp,ffct-11102,off-topic,growth chart no stunting,stunting in the Philippines,,1,3
webp,ffct-11108,text,baked-in safety seal text,Safety seal shows the medicine is unopened,,2,2
webp,ffct-11132,off-topic,shows rice grains not hulls,rice hull used as fuel and soil amendment,,1,2
webp,ffct-11144,off-topic,syringe alone no mechanism,how vaccines work,,2,3
webp,ffct-11149,text,baked-in insulin label,who discovered insulin,,3,2
webp,ffct-11152,off-topic,avocado is fat not protein,protein as backup energy,,3,3
webp,ffct-11183,off-topic,tincture opii wrong medicine,TB medicine may cause minor side effects,,3,3
webp,ffct-11237,off-topic,hummingbird no egg shown,which bird lays the smallest egg,,3,1
webp,ffct-11267,off-topic,magnifying glass no taxonomy,who created the system for naming species,,3,0
webp,ffct-11272,off-topic,water drop not insulin,insulin lowers blood sugar,,0,0
webp,ffct-11277,off-topic,ant on leaf not blood clot,Why a clot looks dark red,,0,3
webp,ffct-11281,text,baked-in vaccine label,When children get the measles vaccine,,1,1
webp,ffct-11305,text,baked-in insulin label,diabetes and insulin,,0,2
webp,ffct-11357,off-topic,syringe alone no history,history of the first vaccine,,3,2
webp,ffct-11389,text,RIBOSOME label baked in,ribosomes make proteins,,2,2
webp,ffct-11431,text,drug label text baked in,TB is curable with medicine,,2,2
webp,ffct-11563,text,EpiPen label text baked in,Adrenaline as medicine in an EpiPen for allergies,,0,3
webp,ffct-11707,off-topic,smiley tooth not dentist visit,visit the dentist,,2,1
webp,ffct-11753,text,vaccine label text baked in,solar refrigerators for vaccines,,2,2
webp,ffct-11878,text,product label text,who named vitamins,,3,3
webp,ffct-12095,off-topic,shows shell not genetics,recessive trait needs two alleles,,2,0
webp,ffct-12184,text,anatomical labels baked in,bones are living tissue with cells,,2,3
webp,ffct-12211,off-topic,shark not parasite,misconception that the host is helped too,,1,2
webp,ffct-12219,off-topic,microscope not naming,shortening the genus after first use,,3,1
webp,ffct-12278,off-topic,only neuron shown,Endocrine versus nervous system speed comparison,,3,1
webp,ffct-12343,off-topic,nail not joint,How tetanus bacteria cause the disease,,2,2
webp,ffct-12367,text,labels baked in,air from the lungs makes your voice,,1,0
webp,ffct-12452,text,labels baked in,Skin and fat cushion organs from bumps,,0,3
webp,ffct-12482,text,vaccine label baked in,who created the first vaccine,,3,3
webp,ffct-12493,text,bottle text baked in,expiration date,,1,0
webp,ffct-12765,text,drug labels baked in,drug interactions,,2,1
webp,ffct-12958,off-topic,bee not candles,Fiesta Candles,,0,0
webp,ffct-13001,text,medicine label text,Medicine is not candy even if it looks like it,,1,2
webp,ffct-13037,text,labels baked in,vaccines must be kept cold,,0,3
webp,ffct-13057,text,numbers baked in,low blood sugar is dangerous,,2,3
webp,ffct-13071,text,label baked in,vaccines train the immune system,,0,2
webp,ffct-13084,off-topic,eye not genotype phenotype,genotype vs phenotype,,1,3
webp,ffct-13122,off-topic,no swelling shown,Where the swelling appears on the face,,0,1
webp,ffct-13224,off-topic,brain not blood energy,low energy in the blood helps trigger hunger,,0,0
webp,ffct-13243,text,label baked in,diabetes,,2,1
webp,ffct-13281,text,label baked in,Philippine immunization schedule for children,,2,3
webp,ffct-13357,off-topic,horn not comparison,"Hair, feathers, claws and scales are cousins",,1,3
webp,ffct-13393,off-topic,kidney not adrenaline,adrenaline,,0,3
webp,ffct-13412,off-topic,eye not traits,inherited versus learned traits,,2,3
webp,ffct-13466,off-topic,fist hides joints,finger joints,,2,2
webp,ffct-13525,text,vaccine label baked in,rabies vaccine after animal bite,,1,1
webp,ffct-13538,text,skin layer labels baked in,skin as a barrier against germs,,3,0
webp,ffct-13582,off-topic,single deer shows no capacity,carrying capacity definition,,2,1
webp,ffct-13598,text,vaccine label baked in,Vaccines are tested before being used,,3,1
webp,ffct-13633,off-topic,snail does not show infection,long-term untreated infection harms growth and organs,,3,3
webp,ffct-13659,off-topic,shows external starfish only,echinoderm internal skeleton of plates,,2,3
webp,ffct-13663,off-topic,rat not bacteria or organs,leptospirosis bacteria damage kidneys and liver,,3,1
webp,ffct-13691,text,food labels baked in,what bacteria need to grow,,2,0
webp,ffct-13724,off-topic,anglerfish does not show metabolism,slow metabolism saves energy,,2,1
webp,ffct-13752,text,drug label baked in,read label each time,,2,1
webp,ffct-13795,text,centrifuge label baked in,Centrifuge,,2,2
webp,ffct-13803,text,vaccine label baked in,vaccines prevent rather than cure,,3,1
webp,ffct-13807,text,marine area label baked in,MPAs help fishers long-term,,3,3
webp,ffct-13816,off-topic,shrimp does not show red light,red color invisible in deep,,0,2
webp,ffct-13905,off-topic,only adult insect,Insect Life Cycles,,0,1
webp,ffct-13907,off-topic,animal not causes,causes of endangerment,,0,2
webp,ffct-13911,off-topic,no roots shown,cactus roots spread wide and shallow,,1,0
webp,ffct-13912,off-topic,not cave moisture,cave animals need constant moisture,,1,1
webp,ffct-13925,off-topic,mold not bacteria,signs that bacteria have spoiled food smell color slime,,2,2
webp,ffct-13977,text,vaccine label text,adjuvants and booster doses,,0,2
webp,ffct-13983,text,tonsils label,tonsils are lymphatic tissue,,1,1
webp,ffct-14050,text,book text visible,what famous book did Quisumbing write,,0,1
webp,ffct-14066,text,prescription label text,do not self-medicate,,2,3
webp,ffct-14082,text,medicine label text,must finish full course of TB medicine,,0,2
webp,ffct-14084,text,cough syrup label,active ingredient,,0,3
webp,ffct-14140,text,anatomy labels,air sacs connect to hollow bones,,3,3
webp,ffct-14146,text,peristalsis labels,peristalsis pushes food,,0,3
webp,ffct-14201,text,sanitizer label text,Alcohol kills the virus,,3,0
webp,ffct-14240,text,vaccine label text,Vaccines must be kept cold to work,,0,1
webp,ffct-14241,off-topic,snail unrelated to disease,What the disease does inside the body,,0,2
webp,ffct-14312,off-topic,shows one elephant not two kinds,two main kinds of elephants,,0,0
webp,ffct-14362,off-topic,shows plant not blood iron,iron and healthy blood,,1,0
webp,ffct-14383,off-topic,frog unrelated to warts,Wart Transmission,,2,3
webp,ffct-14397,off-topic,pufferfish not freezing response,Body freezes but mind stays awake,,1,0
webp,ffct-14402,text,heart chamber labels,Left ventricle is the strongest chamber,,1,2
webp,ffct-14417,text,eye diagram labels,the lens changes shape to focus near and far,,3,3
webp,ffct-14424,text,food pyramid text labels,few top predators,,0,3
webp,ffct-14447,text,vaccine bottle text,smallpox eradication by vaccines,,3,1
webp,ffct-14506,text,vaccine bottle text,hepatitis B vaccine protects,,3,2
webp,ffct-14730,text,product label text,Sunscreen Protection,,0,2
webp,ffct-14780,off-topic,shows colugo not digestion,two strategies for leaf digestion rumen vs hindgut,,2,0
webp,ffct-14872,text,vaccine label text,purifying and bottling vaccines,,1,1
webp,ffct-14884,text,anatomical label baked in,epiglottis covers larynx when swallowing,,2,3
webp,ffct-14900,text,spoon label text,dose depends on age and weight,,0,3
webp,ffct-14920,text,matter labels baked in,what is matter,,2,3
webp,ffct-14924,text,scale labels baked in,mass volume and weight,,3,0
webp,ffct-14929,text,state labels baked in,particle nature of matter,,3,3
webp,ffct-14931,text,element names baked in,atoms and elements,,0,0
webp,ffct-14933,text,temperature labels baked in,heat and particle motion,,0,2
webp,ffct-14934,text,category labels baked in,elements compounds mixtures,,0,3
webp,ffct-14949,text,dry ice label baked in,sublimation basics,,2,1
webp,ffct-14973,text,force labels baked in,float when buoyant force equals weight,,0,2
webp,ffct-14977,text,water labels baked in,warm water is less dense than cold water,,1,0
webp,ffct-14981,text,pressure labels baked in,air pressure is higher near the ground,,1,2
webp,ffct-14982,text,pressure labels baked in,air moves from high to low pressure,,1,3
webp,ffct-14992,text,gauge labels baked in,bigger pressure difference makes stronger wind,,3,3
webp,ffct-14994,text,no air label baked in,vacuum has no air pressure,,0,0
webp,ffct-14995,text,pressure labels baked in,suction cup held by air pressure,,0,1
webp,ffct-15000,text,vinegar label baked in,acids taste sour,,1,1
webp,ffct-15015,text,color labels baked in,indicators change color,,3,3
webp,ffct-15016,text,100 pieces text,there are about 100 elements,,0,0
webp,ffct-15019,text,chemical names baked in,compounds have new properties,,0,1
webp,ffct-15030,text,soil pH label baked in,soil pH affects plants,,2,0
webp,ffct-15045,text,material labels baked in,alloys are mixtures of metals,,1,2
webp,ffct-15094,text,dates and text,plastic is a fairly recent invention,,1,3
webp,ffct-15132,text,Chinese characters,paper was invented in ancient China,,0,0
webp,ffct-15135,text,calendar years,trees for paper take years to grow,,0,2
webp,ffct-15138,off-topic,rabbit not soap,soap molecule has two ends,,0,3
webp,ffct-15140,text,SOAP GREASE labels,hydrophobic tail of soap,,1,1
webp,ffct-15141,text,OIL label,soap traps grease in a ball,,1,2
webp,ffct-15144,text,SOAP label,soap and detergent are surfactants,,2,1
webp,ffct-15146,text,LYE label,soap is made from fat and lye,,2,3
webp,ffct-15147,text,labels baked in,detergent works in hard water unlike soap,,3,0
webp,ffct-15155,text,PETROLEUM labels,detergents are man-made from petroleum,,0,3
webp,ffct-15157,text,WATER SAVED badge,too much soap is hard to rinse,,1,0
webp,ffct-15162,text,explanatory labels,rust is iron oxide,,2,1
webp,ffct-15164,text,banner labels,both air and water needed,,2,2
webp,ffct-15175,text,labels baked in,corrosion definition,,1,0
webp,ffct-15178,text,ALUMINUM label,aluminum resists corrosion,,1,2
webp,ffct-15180,text,SODIUM CHLORINE,what salt is made of,,2,0
webp,ffct-15196,text,SODIUM METAL labels,table salt is a compound,,3,3
webp,ffct-15197,text,calendar years,why gold is used for jewelry,,0,0
webp,ffct-15200,text,BAGOONG PATIS labels,salted bagoong and patis,,0,3
webp,ffct-15205,text,IODIZED label,iodized salt,,1,1
webp,ffct-15206,text,SALTY FRESH labels,separating salt from a mixture,,1,2
webp,ffct-15213,text,FIXED EDGE labels,solids have fixed shape and volume,,2,3
webp,ffct-15238,text,ID CARD labels,protons decide which element,,3,1
webp,ffct-15252,text,atom molecule words,atom versus molecule,,1,2
webp,ffct-15256,text,CARBON label,atomic number identifies an element,,2,0
webp,ffct-15262,text,METALS labels,metalloids,,2,3
webp,ffct-15267,text,CANNOT BE SPLIT,elements are basic substances,,3,2
webp,ffct-15272,text,Atomic Mass text,atomic mass shown on the table,,0,2
webp,ffct-15275,text,Helium name text,helium properties,,1,1
webp,ffct-15284,text,DANGER label,strong acids and bases are dangerous,,1,3
webp,ffct-15293,text,CONCENTRATED DILUTE,concentrated and dilute solutions,,3,0
webp,ffct-15321,text,BEFORE AFTER text,mass is conserved in physical and chemical changes,,2,0
webp,ffct-15328,text,matter word,mass is the amount of matter,,3,2
webp,ffct-15345,text,LITER MILLILITER,one liter equals one thousand milliliters,,3,0
webp,ffct-15351,text,percentage labels,oxygen is about a fifth of air,,0,1
webp,ffct-15356,text,percentage labels,carbon dioxide is only a tiny part of air,,1,2
webp,ffct-15367,text,percentage labels,the main gases of air stay in steady proportions,,3,0
webp,ffct-15483,off-topic,"shows recycling, not gold",gold used in electronics,,0,3
webp,ffct-15740,text,baked-in text,dry foods resist spoilage,,0,3
webp,ffct-15746,text,baked-in text,expiration dates guide freshness,,1,3
webp,ffct-15777,text,baked-in text,carbon dioxide from burning,,2,1
webp,ffct-15779,scary,skull too frightening,carbon monoxide poison gas,,2,3
webp,ffct-15791,scary,skull too frightening,burning trash makes toxic smoke,,1,0
webp,ffct-15804,text,baked-in text,why ice floats,,3,2
webp,ffct-15809,text,baked-in text,nitrogen is most of the air,,0,1
webp,ffct-15817,text,baked-in text,table salt is a pure substance,,1,3
webp,ffct-15824,text,baked-in text,compounds are two or more elements chemically joined,,3,2
webp,ffct-15825,text,baked-in text,a compound has new properties unlike its elements,,3,3
webp,ffct-15832,text,baked-in text,iodized salt is a mixture with added iodine,,0,2
webp,ffct-15869,text,baked-in text,temperature changes surface tension,,1,1
webp,ffct-15887,text,baked-in text,capillary action works against gravity,,3,2
webp,ffct-15897,text,baked-in text,pure oxygen makes fire burn brighter,,0,3
webp,ffct-15903,text,baked-in text,gases can be cooled into liquids,,2,0
webp,ffct-15904,text,baked-in text,tiny pores allow capillary action,,2,1
webp,ffct-15912,text,baked-in text,cooling a liquid makes it thicker and flow slower,,0,0
webp,ffct-15916,text,baked-in text,kitchen liquids like syrup and ketchup are very viscous,,0,3
webp,ffct-15921,text,baked-in text,blood is more viscous than water as a real-life example,,1,3
webp,ffct-15978,text,baked-in text,ice melts at room temperature in the Philippines,,0,3
webp,ffct-15980,text,baked-in text,hot air rises cold air sinks,,1,0
webp,ffct-15982,text,baked-in text,cold air is denser and sinks,,1,2
webp,ffct-15992,text,baked-in text,convection happens in fluids,,2,1
webp,ffct-15999,text,baked-in text,convection heating and cooling a room,,3,0
webp,ffct-16008,text,baked-in text,atoms have three main particles,,0,1
webp,ffct-16015,text,baked-in text,nucleus is small but holds most mass,,2,0
webp,ffct-16018,text,baked-in text,atomic number is the number of protons,,2,3
webp,ffct-16026,text,baked-in text,atoms become ions by gaining or losing electrons,,0,2
webp,ffct-16032,text,baked-in text,noble gases rarely bond,,1,3
webp,ffct-16047,text,baked-in text,bonded compound differs from its elements,,3,2
webp,ffct-16722,text,milk carton text,refrigeration keeps milk fresh longer,,1,2
webp,ffct-16756,text,formula and labels,same size can have different density,,1,3
webp,ffct-16793,text,sentence labels,matter expands when heated,,1,2
webp,ffct-16808,text,sentence labels,different materials expand by different amounts,,0,0
webp,ffct-16815,text,vinegar label,acidic side of pH scale,,1,3
webp,ffct-16816,text,product labels,basic side of pH scale,,2,0
webp,ffct-16819,text,antacid label,stomach acid pH,,2,2
webp,ffct-16823,text,acid label,strong versus weak acids,,3,1
webp,ffct-16830,text,fire triangle labels,combustion is a chemical reaction,,0,2
webp,ffct-16836,text,ignition label,ignition temperature starts a fire,,1,2
webp,ffct-16845,text,calendar text,Fire Prevention Month in the Philippines,,2,3
webp,ffct-16849,text,heat waves label,endothermic change absorbs heat,,3,2
webp,ffct-16858,text,hand warmer text,hand warmers use exothermic reactions,,1,0
webp,ffct-16871,text,crude oil label,crude oil is a mixture of hydrocarbons,,2,3
webp,ffct-16886,text,fuel labels,crude oil yields many useful fractions,,0,2
webp,ffct-16894,off-topic,shows dinosaurs not plastic,plastics come from petroleum building blocks,,2,0
webp,ffct-16910,text,diagram labels,Mixture versus compound comparison,,0,0
webp,ffct-16914,text,iron carbon labels,Alloys are solid mixtures of metals,,1,0
webp,ffct-16935,text,price tag text,Silver conducts slightly better but copper is cheaper,,1,0
webp,ffct-16947,text,wire labels,A too-thin copper wire can overheat and start fires,,3,2
webp,ffct-16951,text,paragraph labels,Cold copper conducts even better than hot copper,,0,1
webp,ffct-16965,off-topic,depicts gravity not atmosphere,air forms the atmosphere around Earth,,1,2
webp,ffct-16973,text,oil and rock labels,Thick oil is not the same as heavy,,2,0
webp,ffct-16992,text,pyrex label,Soda-lime glass versus heat-resistant Pyrex glass,,3,2
webp,ffct-17024,text,electron labels,Ionic giving versus covalent sharing electrons,,3,2
webp,ffct-17025,text,metal nonmetal signs,Cation positive ion and anion negative ion,,3,3
webp,ffct-17033,off-topic,organic not ionic,Ionic compounds used as farm fertilizers,,1,1
webp,ffct-17036,text,air jar labels,oxygen is one part of the air mixture,,2,0
webp,ffct-17038,text,gills labels,fish need oxygen dissolved in water,,2,2
webp,ffct-17075,text,warning text baked in,bulging can warns food is unsafe,,3,0
webp,ffct-17083,text,POP text baked in,Why a balloon pops loudly,,0,2
webp,ffct-17095,text,sapo text baked in,The fat-plus-base reaction is called saponification,,2,3
webp,ffct-17098,text,LYE and SOAP labels,Lye is the common base used to make soap,,3,0
webp,ffct-17100,text,SOAP label baked in,Saponification also makes glycerin as a byproduct,,3,1
webp,ffct-17101,text,SOAP and OIL labels,Why water alone cannot remove oily dirt,,3,2
webp,ffct-17102,text,detergent labels baked in,How soap differs from synthetic detergents,,3,3
webp,ffct-17103,text,SOAP label baked in,Soap is not food even though it comes from fat,,0,0
webp,ffct-17107,text,SOAP label baked in,Soap can be made from animal fat or plant oil,,0,2
webp,ffct-17109,text,labels baked in,People made soap long ago by mixing fat and ash,,1,0
webp,ffct-17110,text,labels baked in,Soap is the salt of a fatty acid,,1,1
webp,ffct-17125,text,label baked in,Why you rinse a new filter first,,3,2
webp,ffct-17142,text,labels baked in,Diamonds form under heat and pressure,,1,1
webp,ffct-17152,text,sign text baked in,The Philippines mines gold not diamonds,,3,3
webp,ffct-17153,text,timeline labels baked in,Most diamonds are billions of years old,,0,0
webp,ffct-17156,text,carbon label baked in,Diamond is made of just one element carbon,,0,3
webp,ffct-17166,text,cold pack label baked in,getting colder as a sign of reaction,,1,3
webp,ffct-17174,text,labels baked in,when a sign stops the reaction is finishing,,3,0
webp,ffct-17176,text,labels baked in,different acids give the same indicator color,,3,1
webp,ffct-17179,text,labels baked in,indicators near neutral show an in-between color,,3,2
webp,ffct-17180,text,LITMUS label baked in,litmus dye actually comes from lichens,,3,3
webp,ffct-17187,text,label baked in,why indicators are kept away from light and air,,1,0
webp,ffct-17188,text,element word baked in,Elements cannot be broken into simpler substances,,1,1
webp,ffct-17190,text,GOLD label baked in,Element vs compound: which one can be broken down,,1,3
webp,ffct-17191,text,labels baked in,Electrolysis breaks compounds but not elements,,2,0
webp,ffct-17192,text,COPPER label baked in,Cutting an element does not make it simpler,,2,1
webp,ffct-17196,text,labels baked in,Philippine mining digs up elements like copper and nickel,,3,0
webp,ffct-17198,text,labels baked in,Element vs mixture: separating is not breaking down,,3,2
webp,ffct-17199,text,IRON and RUST labels,Rust is not iron breaking down but combining,,3,3
webp,ffct-17201,text,OXYGEN label baked in,We breathe the element oxygen we cannot manufacture,,0,1
webp,ffct-17204,text,element names baked in,There is a fixed limited set of elements in nature,,1,0
webp,ffct-17234,text,ALPHA PARTICLE label,alpha decay releases helium core,,1,3
webp,ffct-17237,text,labels baked in,comparing alpha beta gamma penetration,,2,2
webp,ffct-17239,text,PNRI label baked in,PNRI uses radiation safely in PH,,3,0
webp,ffct-17243,text,isotope labels baked in,isotopes are why some atoms decay,,0,0
webp,ffct-17246,text,GAMMA RAY label baked,radiation therapy treats cancer,,0,2
webp,ffct-17258,text,temperature labels baked in,Rubber gets stiff and brittle in very cold temperatures,,2,3
webp,ffct-17261,text,labels baked in,"Most modern rubber is synthetic, made from petroleum",,3,2
webp,ffct-17264,off-topic,octopus not rubber,Kid question: why does rubber eventually tear or break,,0,1
webp,ffct-17271,text,gas labels baked in,The main greenhouse gases besides carbon dioxide,,1,3
webp,ffct-17273,text,pH labels baked in,Oceans absorb carbon dioxide and turn acidic,,2,0
webp,ffct-17283,text,CO2 chart labels baked,Scientists measure carbon dioxide in the air,,3,1
webp,ffct-17306,text,BRONZE label baked in,Metal alloys are solid homogeneous mixtures,,1,0
webp,ffct-17309,text,MEDICINE label baked in,Why medicines must be homogeneous for safe doses,,1,1
webp,ffct-17319,text,labels baked in,Misconception that blood is salty from food salt,,3,0
webp,ffct-17320,text,labels baked in,How kidneys remove extra salt,,3,1
webp,ffct-17323,text,SUGAR SALT labels baked,Comparing what salt and sugar do for the body,,3,2
webp,ffct-17325,text,FISH PASTE label baked,How salt also keeps food from spoiling,,0,0
webp,ffct-17332,text,WATER OIL labels baked,the two ends of a soap molecule,,1,1
webp,ffct-17334,text,labels baked in,why soap cleans better in warm water,,1,2
webp,ffct-17338,text,labels baked in,why detergent beats soap in hard water,,2,2
webp,ffct-17342,text,labels baked in,soap removes natural skin oil and sweat,,3,1
webp,ffct-17344,off-topic,no sanitizer shown,soap vs alcohol sanitizer comparison,,3,3
webp,ffct-17347,text,labels baked in,how people first discovered soap,,0,0
webp,ffct-17349,text,plastic type labels baked,mixing different plastic types ruins a recycled batch,,0,2
webp,ffct-17358,text,labels baked in,clear plastic is easier to recycle than colored,,1,2
webp,ffct-17360,text,sachet labels baked in,sachets are very hard to recycle in the Philippines,,2,0
webp,ffct-17363,text,recycling numbers baked in,not every recycling number is accepted locally,,2,3
webp,ffct-17366,text,labels baked in,Stainless steel is an alloy not a pure metal,,3,2
webp,ffct-17367,text,CHROMIUM label baked in,How much chromium makes steel stainless,,3,3
webp,ffct-17376,text,grade labels baked in,Different grades of stainless steel exist,,1,3
webp,ffct-17383,text,book text baked in,Stainless steel was discovered about a century ago,,3,1
webp,ffct-17395,text,bottle labels baked in,distilled water compared to mineral water,,0,0
webp,ffct-17397,text,distillation labels baked in,distilling twice makes water even purer,,0,1
webp,ffct-17398,text,water type labels baked in,distilled water makes soap lather more,,0,2
webp,ffct-17404,text,waste label baked in,the collected drops are the distilled water itself,,2,0
webp,ffct-17405,text,bottle labels baked in,distilled water versus purified water,,2,1
webp,ffct-17447,text,soap label baked in,soap lowers water's high surface tension,,2,3
webp,ffct-17463,text,map labels baked in,Silk-making was discovered long ago in China,,1,1
webp,ffct-17482,text,helmet label baked in,Why humid PH bridges need rust protection,,3,2
webp,ffct-17488,text,packet labels baked in,Silica gel packets soak up humidity to stop rust,,0,2
webp,ffct-17499,off-topic,bottle cap not egg,Kwek-kwek is a real egg not fake,,1,3
webp,ffct-17503,text,speech bubble text,Where the playful name kwek-kwek comes from,,2,3
webp,ffct-17504,text,cart label baked in,Where the quail eggs come from,,3,0
webp,ffct-17505,text,eat now sign text,Kwek-kwek tastes best fresh and hot,,3,1
webp,ffct-17507,text,compound labels baked in,Why transition metal compounds are colorful,,3,3
webp,ffct-17508,text,factory sign labels baked in,Transition metals as catalysts speeding reactions,,0,0
webp,ffct-17515,text,periodic table title text,Misconception that all metals are transition metals,,1,3
webp,ffct-17516,text,comparison labels baked in,Transition metals compared to alkali metals,,2,0
webp,ffct-17519,text,zinc coating label baked in,Zinc coating protects iron roofs,,2,3
webp,ffct-17524,text,coin labels baked in,Transition metals used in coins,,3,2
webp,ffct-17529,text,state labels baked in,How particles move during freezing and melting,,0,1
webp,ffct-17535,text,cold into water text,Cold is not a thing that flows in,,0,3
webp,ffct-17576,text,water label baked in,Why some colors climb higher than others,,2,1
webp,ffct-17580,text,letter text baked in,Real-world use solving crimes with ink,,3,0
webp,ffct-17587,text,pigment labels baked in,Where the word chromatography comes from,,0,0
webp,ffct-17604,text,mercury label baked in,Why mercury is liquid unlike other metals,,3,1
webp,ffct-17606,text,jeepney label baked in,Solid steel in Philippine jeepneys and buildings,,3,3
webp,ffct-17625,text,caption text baked in,Millions of atoms across a single human hair,,3,3
webp,ffct-17627,text,particle labels baked in,Atoms are small but not the very smallest,,0,1
webp,ffct-17629,text,chip labels baked in,Tiny atoms matter in computer chips and phones,,0,3
webp,ffct-17683,text,cycle labels baked in,melting absorbs heat freezing releases heat,,3,0
webp,ffct-17687,text,freezer label baked in,freezing happens by losing heat not gaining cold,,3,1
webp,ffct-17704,text,metal labels baked in,Metals differ in how well they conduct,,1,0
webp,ffct-17708,text,safety banner baked in,Why wood and plastic do not conduct,,1,2
webp,ffct-17711,text,wire labels baked in,Thicker metal wire conducts more easily,,1,3
webp,ffct-17712,text,path labels baked in,Pure metals conduct better than alloys,,2,0
webp,ffct-17724,text,material labels baked in,Paper is not made from plastic even though both are thin,,0,1
webp,ffct-17739,text,paragraph text baked in,Plain paper is often whitened during making,,1,1
webp,ffct-17740,text,book labels baked in,Paper is used for many everyday things,,1,2
webp,ffct-17748,text,air space label baked in,Why heavy steel ships still float on water,,3,1
webp,ffct-17809,text,baked-in brand name,Filipinos make snow play from shaved ice not real snow,,1,0
webp,ffct-17840,off-topic,otter not plant growth,young fast-growing plants release oxygen quickly,,0,1
webp,ffct-17846,text,Carbon banner text,carbon is not only black coal,,1,1
webp,ffct-17851,text,baked labels on bone,even bones contain carbon,,1,2
webp,ffct-17867,text,bote-dyaryo sign text,Filipino junk shops let recycling reduce waste,,0,0
webp,ffct-17868,text,REUSE RECYCLE banners,how recycling differs from reusing to reduce waste,,0,1
webp,ffct-17871,text,PAPER RECYCLING label,recycling at school reduces paper waste,,0,3
webp,ffct-17875,text,REDUCE REUSE RECYCLE text,reduce comes before recycle in the 3 R's,,1,2
webp,ffct-17879,text,SAVED ENERGY label,making things from recycled material uses less energy,,2,1
webp,ffct-17880,text,CARBON ATOM label,How carbon atoms block iron layers from sliding,,2,2
webp,ffct-17881,text,STEEL label,What an alloy is using steel as example,,2,3
webp,ffct-17882,text,TOO MUCH CARBON text,Too much carbon makes steel brittle misconception,,3,0
webp,ffct-17885,text,PURE IRON STEEL CAST IRON labels,"Comparing iron, steel and cast iron strength",,3,3
webp,ffct-17886,text,CARBON bag label,How steel is made by melting and mixing,,0,0
webp,ffct-17894,text,1 TSP CARBON label,Mixing does not always make something stronger,,1,1
webp,ffct-17896,text,CHROMIUM NICKEL MANGANESE IRON labels,Other metals besides carbon can be added too,,1,3
webp,ffct-17945,text,COPPER TIN labels,bronze is an alloy of copper and tin,,0,3
webp,ffct-17946,text,COPPER ZINC BRASS labels,brass is an alloy of copper and zinc,,1,0
webp,ffct-17949,text,HIGH-CARBON LOW-CARBON labels,carbon content determines steel hardness,,1,3
webp,ffct-17950,text,VERY LIGHT VERY STRONG labels,aluminum alloys are used in aircraft for lightness,,2,0
webp,ffct-17951,text,SLIDES EASILY LOCKED IN PLACE labels,alloys are generally stronger than pure metals,,2,1
webp,ffct-17952,text,MADE OF label,nickel silver contains no real silver,,2,2
webp,ffct-17956,text,GOLD AU label,gold does not rust because it is unreactive,,3,2
webp,ffct-17962,text,STEEL PURE IRON CARBON labels,alloy properties differ from its component metals,,0,0
webp,ffct-17964,text,coin text,coins are made from alloys not pure metals,,0,1
webp,ffct-17966,text,SHAMPOO HDPE labels,HDPE plastic is used for thick containers and pipes,,0,3
webp,ffct-17967,text,THERMOPLASTIC THERMOSET labels,"thermoplastics can be remelted, thermosets cannot",,1,0
webp,ffct-17968,text,RUBBER SULFUR labels,vulcanization makes rubber stronger and heat-resistant,,1,1
webp,ffct-17970,text,SYNTHETIC RUBBER label,synthetic rubber is made from petroleum,,1,2
webp,ffct-17972,text,GLASS CRYSTAL labels,"glass is amorphous, not crystalline",,2,0
webp,ffct-17989,text,THIN PROTECTIVE SHIELD LAYER label,aluminum forms a thin oxide layer that prevents further corrosion,,0,2
webp,ffct-17990,text,AIR WATER labels,paint and coatings prevent rusting by blocking air and water,,0,3
webp,ffct-18003,text,SILICA GEL DO NOT EAT,silica gel packets absorb moisture to prevent rust,,2,0
webp,ffct-18005,text,IRON OXIDE label,rust is a new substance different from iron,,2,1
webp,ffct-18017,text,MILK 2% MILKFAT label,milk turns sour when bacteria produce lactic acid,,3,2
webp,ffct-18033,text,WATER PETROLEUM labels,polyester is a synthetic fiber made from petroleum,,0,3
webp,ffct-18034,text,STRONG FIBERS label,nylon was the first synthetic fiber and is very strong,,1,0
webp,ffct-18043,text,NATURAL LATEX SYNTHETIC VINYL labels,some people are allergic to natural latex rubber,,2,3
webp,ffct-18051,text,FAT LYE SOAP GLYCEROL labels,saponification makes soap from fat and lye,,0,0
webp,ffct-18052,text,SURFACTANT MOLECULE label,detergents contain synthetic surfactants that clean better in hard water,,0,1
webp,ffct-18054,text,ENERGY USED WAY DOWN text,recycling aluminum saves 95 percent of the energy needed to make new aluminum,,0,2
webp,ffct-18059,text,ULTRA CLEAN LAUNDRY DETERGENT label,laundry detergents are alkaline to help remove stains,,1,0
webp,ffct-18062,text,HAIR CONDITIONER label,hair conditioner works by reducing static charge on hair,,1,1
webp,ffct-18063,text,step labels and text,dishwashing liquid emulsifies cooking grease for removal,,1,2
webp,ffct-18072,text,FLOATS SINKS labels,density is mass divided by volume,,2,2
webp,ffct-18076,text,SEA LEVEL IN THE MOUNTAINS labels,water boils at 100 degrees Celsius at sea level,,3,0
webp,ffct-18079,text,EXPANDING CONTRACTING labels,most solid materials expand when heated and contract when cooled,,3,1
webp,ffct-18094,text,ABSOLUTE ZERO label,absolute zero is the coldest possible temperature,,0,0
webp,ffct-18099,text,SALT IODIZED ASIN LAW labels,iodized salt has iodine added to prevent thyroid disorders,,0,2
webp,ffct-18112,text,HAND SANITIZER label,hand sanitizer is an alcohol solution that kills germs,,1,0
webp,ffct-18129,text,PIGMENT BINDER SOLVENT labels,"paint is a mixture of pigment, binder, and solvent",,2,1
webp,ffct-18133,text,EPOXY A EPOXY B labels,epoxy adhesive hardens by a chemical reaction between two parts,,3,0
webp,ffct-18135,text,RUST PROTECTION label,stainless steel resists rust so it is used in kitchens and hospitals,,3,2
webp,ffct-18142,text,BUTTER OIL labels,fats are solid at room temperature while oils are liquid,,0,1
webp,ffct-18148,text,ACID BASE labels,exothermic reactions release heat to the surroundings,,0,3
webp,ffct-18151,text,Natural Synthetic labels,polymers are very long chain molecules made of repeating units,,1,2
webp,ffct-18161,text,HEAT PRESSURE ANCIENT PLANTS COAL labels,coal formed from ancient plant matter under heat and pressure,,2,1
webp,ffct-18162,text,PALAWAN and buried text,petroleum formed from ancient marine organisms buried under the sea,,2,2
webp,ffct-18167,text,PLATINUM CATALYST label,platinum is used as a catalyst in car catalytic converters,,3,0
webp,ffct-18179,text,ZINC MANGANESE DIOXIDE labels,an alkaline battery uses zinc and manganese dioxide as electrodes,,3,2
webp,ffct-18180,text,ENERGY FLOW label,car batteries are lead-acid batteries that can be recharged,,3,3
webp,ffct-18196,text,POLAR NONPOLAR labels,electronegativity difference determines bond polarity,,2,3
webp,ffct-18200,text,SALT SEAWATER FRESH WATER labels,reverse osmosis desalination forces seawater through a membrane to remove salt,,3,2
webp,ffct-18648,off-topic,owl does not show air weight,does air have weight,,0,1
webp,ffct-18692,text,boiling evaporation labels,the general name for liquid changing to gas,,3,0
webp,ffct-18704,text,gold foil nucleus text,what experiment found the nucleus,,0,1
webp,ffct-18711,text,electron proton neutron labels,what are the three main parts of an atom,,1,3
webp,ffct-18717,text,atomos word baked in,what does the word atom mean,,3,1
webp,ffct-18751,text,PH letters baked in,what does pH stand for,,2,2
webp,ffct-18754,text,carbon word baked in,what diamond is made of,,3,1
webp,ffct-18763,text,iron atoms carbon atoms labels,what steel is made of,,1,2
webp,ffct-18773,text,radioactivity word baked in,who coined the word radioactivity,,0,0
webp,ffct-18798,text,oxygen word baked in,who named oxygen,,3,1
webp,ffct-18808,text,electron proton neutron labels,what are the three parts of an atom,,1,2
webp,ffct-18814,text,hydrogen 1766 text,who discovered hydrogen,,3,0
webp,ffct-18818,text,HELIUM NEON ARGON labels,what are examples of noble gases,,0,0
webp,ffct-18820,text,NITROGEN OXYGEN labels,most abundant gas in air,,0,2
webp,ffct-18832,text,LORD KELVIN label,who the Kelvin scale is named after,,3,2
webp,ffct-18843,text,NITROGEN 78% labels,most abundant gas in air,,1,1
webp,ffct-18844,text,AIR CARBON DIOXIDE labels,how much carbon dioxide in air,,1,2
webp,ffct-18845,text,3 and ARGON labels,third most abundant gas in air,,1,3
webp,ffct-18846,text,oxygen label baked in,what gas we breathe in,,2,0
webp,ffct-18847,text,carbon dioxide label,what gas we breathe out,,2,1
webp,ffct-18851,text,argon neon helium labels,noble gases in air,,3,1
webp,ffct-18856,text,Nitrogen label baked in,who discovered nitrogen,,0,2
webp,ffct-18857,text,gas labels baked in,is air a mixture,,0,3
webp,ffct-18858,text,Oxygen label baked in,which air gas supports burning,,1,0
webp,ffct-18861,text,Oxygen label baked in,color and smell of oxygen,,1,3
webp,ffct-18862,text,Carbon dioxide label,what plants use carbon dioxide for,,2,0
webp,ffct-18863,text,OZONE banner baked in,what gas is ozone made of,,2,1
webp,ffct-18868,text,ROYGBIV letters baked in,what are the 7 colors of the rainbow in order,,3,1
webp,ffct-18870,text,RED YELLOW BLUE labels,how many primary colors (paint),,3,3
webp,ffct-18886,text,Ur uranium label baked in,heaviest naturally occurring element,,1,3
webp,ffct-18889,text,IRON 55.85 labels baked in,chemical symbol for iron,,2,2
webp,ffct-18891,text,Aluminum label baked in,chemical symbol for aluminum,,3,0
webp,ffct-18893,text,COPPER 63.546 labels,chemical symbol for copper,,3,2
webp,ffct-18894,text,FINE GOLD 999.9 labels,chemical symbol for gold,,3,3
webp,ffct-18898,text,78% Nitrogen label,most abundant gas in Earth's atmosphere,,0,3
webp,ffct-18899,text,21% Oxygen label,percent of oxygen in the atmosphere,,1,0
webp,ffct-18915,text,TUNGSTEN DENSITY labels,metal with the highest melting point (tungsten),,0,2
webp,ffct-18921,text,LIQUID NITROGEN label,boiling point of liquid nitrogen in Celsius,,1,2
webp,ffct-18927,text,ETHANOL label baked in,boiling point of ethanol alcohol in Celsius,,2,3
webp,ffct-18937,text,Chinese characters baked in,when was paper invented,,1,1
webp,ffct-18939,text,china label baked in,where did porcelain china come from,,1,3
webp,ffct-18940,text,CHARLES GOODYEAR label,who invented vulcanized rubber,,2,0
webp,ffct-18941,text,RUBBER 1839 labels,when was vulcanized rubber discovered,,2,1
webp,ffct-18943,text,Bakelite label baked in,who invented the first synthetic plastic,,2,2
webp,ffct-18944,text,1913 date baked in,when was the first plastic invented,,2,3
webp,ffct-18945,off-topic,shows product not inventor,who invented stainless steel,,3,0
webp,ffct-18946,text,1913 date baked in,when was stainless steel invented,,3,1
webp,ffct-18952,text,PORTLAND CEMENT label,who invented portland cement,,0,3
webp,ffct-18953,text,CEMENT label baked in,what is concrete made of,,1,0
webp,ffct-18956,text,CRUST ALUMINUM labels,most abundant metal in earth crust,,1,2
webp,ffct-18957,text,Du PONT 1935 labels,who invented nylon,,1,3
webp,ffct-18958,text,gunpowder label baked in,where was gunpowder invented,,2,0
webp,ffct-18971,text,VULCAN label baked in,why rubber treatment is called vulcanization,,3,1
webp,ffct-18980,text,SODIUM label baked in,atomic number of sodium,,1,2
webp,ffct-18982,text,ALUMINUM label baked in,atomic number of aluminum,,2,0
webp,ffct-18983,text,SILICON label baked in,atomic number of silicon,,2,1
webp,ffct-18984,text,PHOSPHORUS label baked in,atomic number of phosphorus,,2,2
webp,ffct-18985,text,SULFUR label baked in,atomic number of sulfur,,2,3
webp,ffct-18986,text,CHLORINE label baked in,atomic number of chlorine,,3,0
webp,ffct-18987,text,ARGON label baked in,atomic number of argon,,3,1
webp,ffct-18988,text,POTASSIUM label baked in,atomic number of potassium,,3,2
webp,ffct-18989,text,CALCIUM label baked in,atomic number of calcium,,3,3
webp,ffct-18990,text,IRON label baked in,atomic number of iron,,0,0
webp,ffct-18991,text,COPPER label baked in,atomic number of copper,,0,1
webp,ffct-18992,text,Zn 30 banner baked in,atomic number of zinc,,0,2
webp,ffct-18993,off-topic,octopus not silver,atomic number of silver,,0,3
webp,ffct-18994,text,79 number baked in,atomic number of gold,,1,0
webp,ffct-18995,text,80 number baked in,atomic number of mercury,,1,1
webp,ffct-18996,text,82 number baked in,atomic number of lead,,1,2
webp,ffct-18997,text,URANIUM PROTONS labels,atomic number of uranium,,1,3
webp,ffct-19004,text,1 KILOGRAM label,what does the prefix kilo mean,,2,2
webp,ffct-19005,text,"MEGA 1,000,000 label",what does the prefix mega mean,,2,3
webp,ffct-19006,text,"GIGA 1,000,000,000 label",what does the prefix giga mean,,3,0
webp,ffct-19008,text,1 mm label baked in,what does the prefix milli mean,,3,2
webp,ffct-19013,text,100 numbers baked in,what does the prefix hecto mean,,0,3
webp,ffct-19016,text,1 km sign baked in,how many meters in a kilometer,,1,2
webp,ffct-19017,text,1 kg label baked in,how many grams in a kilogram,,1,3
webp,ffct-19018,text,1 METER label baked in,how many centimeters in a meter,,2,0
webp,ffct-19019,text,km label baked in,how many millimeters in a meter,,2,1
webp,ffct-19022,text,km label baked in,what is the symbol for kilometer,,3,0
webp,ffct-19023,text,kg label baked in,what is the symbol for kilogram,,3,1
webp,ffct-19025,text,cm label baked in,what is the symbol for centimeter,,3,3
webp,ffct-19026,text,kilo milli labels baked in,how much bigger is kilo than milli,,0,0
webp,ffct-19027,text,1 gram label baked in,how many milligrams in a gram,,0,1
webp,ffct-19028,text,nm label baked in,what is the symbol for the nano prefix,,0,2
webp,ffct-19032,text,1 km sign baked in,how many centimeters in a kilometer,,1,2
webp,ffct-19033,off-topic,owl not metric ton,how many kilograms in a metric ton,,1,3
webp,ffct-19034,text,1812 date baked in,who made the Mohs hardness scale,,2,0
webp,ffct-19036,text,2 number baked in,what is Mohs hardness 2,,2,2
webp,ffct-19037,text,3 number baked in,what is Mohs hardness 3,,2,3
webp,ffct-19038,text,4 number baked in,what is Mohs hardness 4,,3,0
webp,ffct-19039,text,5 number baked in,what is Mohs hardness 5,,3,1
webp,ffct-19040,text,6 number baked in,what is Mohs hardness 6,,3,2
webp,ffct-19041,text,7 number baked in,what is Mohs hardness 7,,3,3
webp,ffct-19073,off-topic,otter not gemstone,how many grams is one carat of a gemstone,,1,3
webp,ffct-19103,text,speech bubble text,helium does not freeze at normal pressure,,0,2
webp,ffct-19144,off-topic,otter not science,what is Avogadro's number,,0,0
webp,ffct-19284,text,baked-in word,example of a halogen,,0,2
webp,ffct-19299,text,baked-in word,which halogen is in iodized salt,,0,0
webp,ffct-19305,off-topic,depicts hydrogen as alkali metal,is hydrogen an alkali metal,,1,2
webp,ffct-19308,text,baked-in words,how many noble gases are there,,2,0
webp,ffct-19337,text,baked-in words,chemical formula of baking soda,,2,2
webp,ffct-19348,text,baked-in word,scientific name of table sugar,,1,0
webp,ffct-19349,text,baked-in words,scientific name of baking soda,,1,1
webp,ffct-19350,text,baked-in words,chemical formula of hydrogen peroxide,,1,2
webp,ffct-19354,off-topic,"octopus, not glucose",chemical formula of glucose,,2,0
webp,ffct-19379,text,baked-in number,hardness of ruby and sapphire,,0,0
webp,ffct-19387,text,baked-in word,who named oxygen,,2,0
webp,ffct-19389,text,baked-in word,who named hydrogen,,2,2
webp,ffct-19391,text,baked-in word,who discovered polonium,,3,0
webp,ffct-19398,text,baked-in word,what is helium named after,,0,2
webp,ffct-19401,text,baked-in word,what is special about radium,,1,1
webp,ffct-19406,text,baked-in words,what nationality was Joseph Priestley,,2,1
webp,ffct-19407,text,baked-in words,what nationality was Lavoisier,,2,2
webp,ffct-19418,text,baked-in words,melting point of gold,,3,1
webp,ffct-19419,text,baked-in unit label,melting point of lead,,3,2
webp,ffct-19421,text,baked-in word,boiling point of alcohol (ethanol),,3,3
webp,ffct-19428,text,baked-in words,boiling point of nitrogen (liquid nitrogen),,1,2
webp,ffct-19429,text,baked-in words,boiling point of gold,,1,3
webp,ffct-19434,text,baked-in words,alcohol boils before water (which boils first),,3,0
webp,ffct-19436,text,baked-in word,melting point of platinum,,3,1
webp,ffct-19443,text,baked-in word,what book did Euclid write,,1,0
webp,ffct-19445,text,baked-in word,what did Archimedes say in the bath,,1,2
webp,ffct-19449,text,baked-in numbers,how do you make the Fibonacci sequence,,2,2
webp,ffct-19450,text,baked-in number,what is the value of pi,,2,3
webp,ffct-19452,text,baked-in words,when is Pi Day,,3,1
webp,ffct-19453,text,baked-in number,does pi ever end,,3,2
webp,ffct-19455,text,baked-in number,how many degrees are in a circle,,0,0
webp,ffct-19458,text,baked-in numbers,what is a prime number,,0,3
webp,ffct-19459,text,baked-in number,what is the smallest prime number,,1,0
webp,ffct-19463,text,baked-in number,who first estimated the value of pi,,1,3
webp,ffct-19464,text,baked-in numbers,what is an even number and an odd number,,2,0
webp,ffct-19473,text,baked-in words,who is the Fahrenheit scale named after,,3,3
webp,ffct-19475,text,baked-in number,at what temperature water freezes in Kelvin,,0,1
webp,ffct-19476,text,baked-in number,at what temperature water boils in Kelvin,,0,2
webp,ffct-19479,text,baked-in number,what unit symbol is used for Kelvin,,1,1
webp,ffct-19505,text,baked-in number,when was the electron discovered,,1,1
webp,ffct-19509,text,baked-in number,when was the neutron discovered,,2,1
webp,ffct-19512,text,baked-in word,what does the word atom mean,,2,3
webp,ffct-19521,off-topic,shows apparatus not Rutherford,who did the gold foil experiment,,0,2
webp,ffct-19529,text,fine gold label baked in,chemical symbol for gold,,1,3
webp,ffct-19533,text,potassium label baked in,chemical symbol for potassium,,2,3
webp,ffct-19534,text,lead label baked in,chemical symbol for lead,,3,0
webp,ffct-19538,off-topic,octopus not antimony,chemical symbol for antimony,,3,3
webp,ffct-19547,text,iridium label baked in,what is the second densest metal,,2,0
webp,ffct-19551,text,fine gold label baked in,how dense is gold,,2,3
webp,ffct-19553,text,nitrogen label baked in,what is the most abundant gas in air,,3,1
webp,ffct-19561,text,gas labels baked in,what is the third most abundant gas in air,,1,1
webp,ffct-19591,text,O8 subscript misleading,what is the symbol for oxygen,,1,1
webp,ffct-19604,text,color labels baked in,what are the 3 primary colors of paint,,3,0
webp,ffct-19606,text,radioactivity word baked in,who coined the word radioactivity,,3,2
webp,ffct-19609,off-topic,Einstein not Curie,who was the first person to win Nobel Prizes in two sciences,,0,1
webp,ffct-19611,off-topic,uranium not Becquerel,who first discovered radioactivity in uranium,,0,3
webp,ffct-19632,text,ethanol label baked in,chemical formula of ethanol alcohol,,0,3
webp,ffct-19634,text,cleaning powder label,chemical formula of sodium hydroxide lye,,1,1
webp,ffct-19641,text,bromine label baked in,only nonmetal liquid at room temperature,,2,2
webp,ffct-19648,text,copper tin labels,what is bronze made of,,0,1
webp,ffct-19654,text,calcium carbonate label,what is chalk made of,,1,2
webp,ffct-19655,text,sodium bicarbonate label,what is baking soda made of,,1,3
webp,ffct-19675,text,float sink labels,which things float vs sink in water,,0,0
webp,ffct-19688,off-topic,condensation not deposition,what is gas to solid called,,3,0
webp,ffct-19701,text,increasing acidity label,how much stronger is each pH step,,0,0
webp,ffct-19705,text,vinegar label baked in,what is the pH of vinegar,,0,2
webp,ffct-19707,text,baking soda label,what is the pH of baking soda,,1,0
webp,ffct-19709,text,bleach label baked in,what is the pH of bleach,,1,2
webp,ffct-19710,text,ammonia label baked in,what is the pH of ammonia,,1,3
webp,ffct-19712,text,most basic label,what pH is the most basic,,2,1
webp,ffct-19727,off-topic,vaccine not sublimation,Sublimation Practical,,3,3
webp,ffct-19779,text,rubbing alcohol label,Flammability,,0,1
webp,ffct-19798,off-topic,ice tea physical change,Chemical Changes,,1,2
webp,ffct-19849,off-topic,magnetism not density,Black Sand Density,,2,1
webp,ffct-19872,text,baked-in text labels,Gold Melting,,1,1
webp,ffct-19874,text,baked-in text label,Plasma state,,1,2
webp,ffct-19876,text,baked-in text labels,Clear liquids,,1,3
webp,ffct-19920,text,baked-in text labels,ice expansion,,1,2
webp,ffct-19925,text,baked-in text labels,States of Matter,,2,2
webp,ffct-19953,text,baked-in text label,Properties of Matter (Conductivity),,1,0
webp,ffct-19958,text,baked-in text label,Flammability Safety,,1,3
webp,ffct-19960,text,baked-in text label,Jeepney rusting,,2,0
webp,ffct-20016,text,baked-in text label,Gas Production,,0,3
webp,ffct-20033,text,baked-in text label,Salt Solubility Limit,,3,1
webp,ffct-20035,text,baked-in text labels,Chemical Mixing Hazard,,3,3
webp,ffct-20063,text,baked-in text labels,Water Filtration,,3,0
webp,ffct-20071,text,baked-in text label,Freezing (Mango Popsicles),,0,0
webp,ffct-20074,text,baked-in text label,Chemical Mass,,0,1
webp,ffct-20115,text,baked-in text labels,Aerogel porosity,,0,1
webp,ffct-20124,text,baked-in text labels,Milk Spoilage,,1,3
webp,ffct-20128,text,baked-in text labels,Chemical Changes,,2,0
webp,ffct-20129,text,baked-in text label,Boiling Expansion,,2,1
webp,ffct-20139,text,baked-in text label,Melting Point,,0,0
webp,ffct-20165,text,baked-in text label,Chemical Change,,2,1
webp,ffct-20189,text,baked-in text label,melting point,,0,2
webp,ffct-20200,text,baked-in text labels,Coconut oil solidification,,1,0
webp,ffct-20206,text,baked-in text labels,Surfactants,,1,3
webp,ffct-20222,text,baked-in text label,Alcohol Flammability,,0,0
webp,ffct-20224,text,baked-in text labels,Endothermic Reactions,,0,1
webp,ffct-20225,text,baked-in text label,Extreme Density,,0,2
webp,ffct-20233,text,baked-in text label,Salt Solubility,,1,2
webp,ffct-20234,text,baked-in text label,Chemical Change,,1,3
webp,ffct-20236,text,baked-in text label,Condensation,,2,1
webp,ffct-20237,text,baked-in text labels,Fermentation,,2,2
webp,ffct-20249,text,baked-in text labels,thermal_expansion,,0,0
webp,ffct-20251,off-topic,snowy mountain not colloid,Colloid,,0,1
webp,ffct-20262,text,baked-in text label,Coconut Oil Melting,,1,3
webp,ffct-20270,text,baked-in text label,Solid Solutions,,3,0
webp,ffct-20294,off-topic,shows carbonated water not milk,milk composition,,1,0
webp,ffct-20300,off-topic,coin has baked-in text,Chemical Resistance,,1,3
webp,ffct-20315,text,baked-in labels,Chemical Changes,,3,0
webp,ffct-20351,off-topic,fizzy water not emulsion,Emulsion,,2,3
webp,ffct-20382,text,product label text,Coconut Oil States,,2,2
webp,ffct-20397,off-topic,"milk carton, not solid density",Solid Density,,0,3
webp,ffct-20399,text,baked-in BAKERY sign,Translucency,,1,0
webp,ffct-20405,text,baked-in product labels,Toxic Gas Mixtures,,1,3
webp,ffct-20408,text,baked-in jar label,Coconut oil melting point,,2,0
webp,ffct-20425,text,baked-in product labels,Flammable Liquids,,0,0
webp,ffct-20432,text,Boracay sign text,Sand Composition,,0,3
webp,ffct-20433,text,baked-in product labels,Cleaning Chemicals,,1,0
webp,ffct-20439,text,scale label text,Gold Density,,2,0
webp,ffct-20441,text,jar label text,Melting,,2,1
webp,ffct-20444,off-topic,jeepney not chemical change,Chemical Changes,,2,3
webp,ffct-20450,off-topic,statue not chemical change,Chemical Changes,,3,3
webp,ffct-20452,text,warning labels baked in,Toxic Gas Mixture,,0,1
webp,ffct-20459,text,baked-in energy label,atoms bond to lower energy stability,,1,2
webp,ffct-20466,text,melting point labels,Melting point comparison,,2,3
webp,ffct-20474,text,rock labels baked in,Material Hardness,,3,3
webp,ffct-20486,text,material labels baked in,Metal Properties,,1,2
webp,ffct-20500,text,baked-in percentage text,Body Water Content,,0,1
webp,ffct-20506,text,labels baked in,Soap Emulsification,,1,0
webp,ffct-20509,text,chemical labels baked in,Combustion,,1,2
webp,ffct-20517,text,labels baked in,Thermal expansion of solids,,2,1
webp,ffct-20523,text,product label text,Melting Point,,2,3
webp,ffct-20604,text,baked-in warning text,Aerosol Pressure Safety,,1,3
webp,ffct-20605,text,baked-in labels,Solution Concentration,,2,0
webp,ffct-20615,text,baked-in labels,Gold Density,,3,1
webp,ffct-20623,text,baked-in words and plate,Jeepney steel properties,,0,1
webp,ffct-20632,off-topic,otter not subscript,subscript number of atoms in formula,,1,1
webp,ffct-20634,off-topic,magnet not ionic solid,ionic compounds high melting point solid,,1,3
webp,ffct-20650,off-topic,eating soup not insulation,Thermal Insulators,,3,3
webp,ffct-20652,text,sea water label,Solution health,,0,1
webp,ffct-20659,text,iron to rust label,Chemical Mass,,1,0
webp,ffct-20661,off-topic,frozen block not nitrogen,Liquid Nitrogen,,1,1
webp,ffct-20662,off-topic,ring in bowl unclear,Metal states,,1,2
webp,ffct-20665,text,mercury label,Mercury density,,2,0
webp,ffct-20673,off-topic,cooking pot not conductivity,Properties of Matter (Conductivity),,2,2
webp,ffct-20680,text,vigan burnay label,Chemical Change in Ceramics,,3,3
webp,ffct-20690,text,VS text,Wave Speeds,,1,1
webp,ffct-20693,text,salt dissolving banner,Homogeneous Solutions,,1,3
webp,ffct-20700,text,bleach vinegar labels,toxic gas reaction,,2,2
webp,ffct-20701,text,mass labels,Rusting Mass,,2,3
webp,ffct-20702,text,ethanol label,Zara's Alcohol Engine,,3,0
webp,ffct-20705,text,silver copper labels,Silver Conductivity,,3,3
webp,ffct-20708,text,blood plasma label,Blood Solution,,0,0
webp,ffct-20716,text,sodium chlorine labels,compound properties differ from its elements,,1,0
webp,ffct-20719,text,proton neutron labels,neutron is neutral and adds mass,,1,3
webp,ffct-20728,off-topic,shoe only,Material Properties,,3,0
webp,ffct-20738,text,bleach ammonia labels,Chemical hazard,,3,3
webp,ffct-20751,text,neon sign text,Plasma state,,1,0
webp,ffct-20760,text,jose rizal label,Jose Rizal ink chemical change,,1,3
webp,ffct-20761,text,bleach vinegar labels,Toxic Gas,,2,0
webp,ffct-20762,text,temperature label,Battery Safety,,2,1
webp,ffct-20767,text,coin text,Material properties,,3,1
webp,ffct-20771,text,scale labels,Mass of Air,,3,3
webp,ffct-20792,text,baking soda label,Baking Soda Odor Control,,1,3
webp,ffct-20795,text,gas warning sign,gas poisoning,,2,1
webp,ffct-20804,text,carbon label,atomic number is the proton count,,3,1
webp,ffct-20805,text,mass number equation,mass number is protons plus neutrons,,3,2
webp,ffct-20806,text,neutron math,finding the number of neutrons,,3,3
webp,ffct-20807,text,carbon isotope labels,isotopes differ in neutron number,,0,0
webp,ffct-20820,text,sun temperature labels,Sun Plasma Temperature,,1,2
webp,ffct-20821,text,honey label,honey on cuts,,1,3
webp,ffct-20849,text,biogas labels,Gas Production,,1,1
webp,ffct-20854,text,mass equation labels,Burning mass,,1,2
webp,ffct-20867,text,vinegar soy labels,Vinegar Solution,,3,1
webp,ffct-20869,text,photosynthesis labels,Plant Process: Photosynthesis,,3,3
webp,ffct-20887,off-topic,no blood shown,Katipunan blood chemical change,,2,3
webp,ffct-20900,text,rust labels,Oxidation Process,,0,2
webp,ffct-20901,text,saliva labels,Saliva solution,,0,3
webp,ffct-20907,text,oxygen nitrogen labels,Atmospheric Gases,,1,3
webp,ffct-20908,text,patis label,Solutions,,2,0
webp,ffct-20912,text,intestine labels,Intestine Water Absorption,,2,3
webp,ffct-20913,text,coconut oil label,Freezing,,3,0
webp,ffct-20924,text,firefly formula labels,Chemical substances,,3,3
webp,ffct-20931,text,hair spray label,hairspray_flammability,,0,3
webp,ffct-20941,off-topic,lightbulb not neon plasma,Neon Plasma,,2,2
webp,ffct-20945,text,amylase labels,Saliva Enzyme Solution,,3,1
webp,ffct-20950,text,cold labels,Nature of Cold,,0,0
webp,ffct-20958,text,adobo vinegar labels,Adobo and Vinegar,,0,3
webp,ffct-20982,text,periodic table text,repeating properties when ordered by atom mass,,3,1
webp,ffct-20986,text,enzyme label,Enzymatic Browning,,0,0
webp,ffct-21021,off-topic,book instead of oxidation,Oxidation Reactions,,0,0
webp,ffct-21097,off-topic,owl instead of puto,Puto Chemical Change,,1,3
webp,ffct-21101,off-topic,fish instead of solution,Solutions,,2,2
webp,ffct-21134,text,political slogan baked in,Mixtures and Changes,,2,3
webp,ffct-21140,off-topic,volcano not states of matter,states,,3,2
webp,ffct-21177,off-topic,sea cucumber not solubility,Solubility,,0,2
webp,ffct-21237,off-topic,cocoa pods not states,States of matter,,2,2
webp,ffct-21286,off-topic,shows heterogeneous mixture,Homogeneous Mixtures,,2,1
webp,ffct-21329,off-topic,jeepney not gas mixture,gas mixture,,1,1
webp,ffct-21379,text,N95 label baked in,Mask Filtration,,0,2
webp,ffct-21389,text,diagram labels baked in,Reverse osmosis,,2,0
webp,ffct-21400,text,GOLD label baked in,Density comparison,,3,1
webp,ffct-21404,text,formula labels baked in,Chemical Changes: Skeleton Formation,,3,3
webp,ffct-21406,text,labels baked in,Chemical changes,,0,1
webp,ffct-21407,text,banner text baked in,Keratin Growth,,0,2
webp,ffct-21410,text,oil/water labels baked in,Separatory Funnel,,1,0
webp,ffct-21436,text,antacid label baked in,Antacid Neutralization,,3,2
webp,ffct-21446,text,ASH label baked in,Wood Combustion Process,,1,1
webp,ffct-21447,text,digestion labels baked in,Digestion chemical change,,1,2
webp,ffct-21448,text,distillation labels baked in,Distillation Setup,,1,3
webp,ffct-21451,text,LPG labels baked in,LPG Storage,,2,1
webp,ffct-21453,text,coin text baked in,Hardness of solids,,2,3
webp,ffct-21468,text,graphite/clay labels,Pencil Core Mixture,,1,2
webp,ffct-21475,off-topic,jeepney not thermal expansion,Thermal Expansion,,2,1
webp,ffct-21487,text,bottle labels baked in,Evaporation of liquids,,3,2
webp,ffct-21490,text,scale label baked in,Rust Weight Gain,,0,0
webp,ffct-21502,text,developer/fixer labels,Chemical changes,,1,2
webp,ffct-21506,text,hygrometer label baked in,Hygrometer,,2,0
webp,ffct-21508,text,hydrophilic labels baked in,Soap Emulsion,,2,1
webp,ffct-21509,text,bean toxin labels baked in,raw_bean_toxins,,2,2
webp,ffct-21510,text,LEFTOVERS label baked in,Food Preservation,,2,3
webp,ffct-21515,text,k labels baked in,bonds breaking and forming carry energy,,0,0
webp,ffct-21543,text,bile/fat/enzyme labels,Liver Bile,,3,1
webp,ffct-21547,text,price tag labels baked in,Metal Conductivity,,3,2
webp,ffct-21551,text,baking soda label,Baking soda decomposition,,3,3
webp,ffct-21557,text,rust labels baked in,Iron Oxidation Stage,,0,2
webp,ffct-21559,text,ruler text baked in,Atomic Scale,,1,0
webp,ffct-21575,text,SINULOG label baked in,Sinulog Candle,,3,2
webp,ffct-21583,text,surface area labels,Surface Area,,0,2
webp,ffct-21586,text,IRON label baked in,Iron Melting Point,,0,3
webp,ffct-21588,text,sublimation labels baked in,States of Matter,,1,1
webp,ffct-21601,text,CATALYST label baked in,catalyst speeds up reaction,,2,3
webp,ffct-21603,text,energy labels baked in,energy is conserved in reactions,,3,1
webp,ffct-21607,text,SUGAR label baked in,photosynthesis as an endothermic reaction,,0,0
webp,ffct-21617,text,skin layer labels,Skin Barrier,,1,1
webp,ffct-21622,text,milk caption baked in,Colloids vs Solutions,,1,2
webp,ffct-21626,text,element labels baked in,Osmium density,,1,3
webp,ffct-21642,text,digestion labels baked in,Digestion chemical change,,3,2
webp,ffct-21644,scary,skull toxin imagery,Liver chemical change,,0,0
webp,ffct-21645,off-topic,fish market not sublimation,Sublimation,,0,1
webp,ffct-21662,text,liquid nitrogen label,Nitrogen Boiling,,2,0
webp,ffct-21669,off-topic,owl not saliva solution,Saliva Solution,,3,0
webp,ffct-21671,text,bone matrix labels,bone_composition,,3,2
webp,ffct-21684,text,solution labels baked in,Non-liquid Solutions,,1,0
webp,ffct-21688,text,ENERGY label baked in,respiration and burning release stored energy,,1,3
webp,ffct-21689,text,acid/base labels baked in,acids and bases react to neutralize,,2,0
webp,ffct-21692,text,pH label baked in,each pH unit is a tenfold change in acidity,,2,3
webp,ffct-21704,scary,skull and crossbones,Overheated Teflon,,0,1
webp,ffct-21714,text,gas bottle labels,Liquid gases,,1,1
webp,ffct-21722,text,distillation labels baked in,water_distillation,,2,2
webp,ffct-21723,text,tear labels baked in,Tear mixture,,2,3
webp,ffct-21724,text,60% label baked in,Body Water Solvent,,3,0
webp,ffct-21737,off-topic,owl unrelated to earwax,Earwax protection,,0,0
webp,ffct-21738,off-topic,octopus not states of matter,States of Matter,,0,1
webp,ffct-21755,text,pH labels baked in,universal indicator shows a range of pH colors,,1,2
webp,ffct-21757,text,FIZZY DRINK text,dissolved carbon dioxide makes water acidic,,2,0
webp,ffct-21760,text,LYE label on bottle,soap is made by reacting fat with a base,,2,3
webp,ffct-21767,text,VINEGAR label,acidic foods can corrode some metals,,3,1
webp,ffct-21775,text,SALTY WATER DISTILLED WATER,distillation,,0,2
webp,ffct-21787,text,RUST DROPS STAINLESS STEEL,stainless steel resists rust because of chromium,,2,2
webp,ffct-21802,text,1st CYCLE 2nd CYCLE,paper can only be recycled a limited number of times,,3,3
webp,ffct-21823,text,FINE PEACHES IN SYRUP,why canned food lasts for years,,2,1
webp,ffct-21828,text,MILK label on carton,why milk turns sour when spoiled,,3,1
webp,ffct-21831,text,SOY SAUCE label,how soy sauce is made by fermenting,,3,2
webp,ffct-21861,text,machine names baked in,simple machines,,2,1
webp,ffct-21883,text,force labels baked in,Newton's laws still apply with friction,,0,1
webp,ffct-21901,text,graph labels baked in,velocity-time graph slope is acceleration,,2,1
webp,ffct-21906,text,force labels baked in,constant velocity means zero acceleration,,3,0
webp,ffct-21918,text,STOP on sign,more momentum is harder to stop,,1,1
webp,ffct-21958,text,CREST TROUGH labels,wave crest and trough,,3,0
webp,ffct-21959,text,AMPLITUDE labels,wave amplitude,,3,1
webp,ffct-21963,text,wave equation text,wave speed equation,,0,1
webp,ffct-21967,text,SOFT LOUD AMPLITUDE,wave energy and amplitude,,1,0
webp,ffct-21973,text,interference labels,wave superposition,,2,2
webp,ffct-21984,text,EM spectrum labels,electromagnetic spectrum order,,1,0
webp,ffct-21988,text,1 JOULE text,the watt as one joule per second,,1,2
webp,ffct-21996,text,energy sentences baked in,"energy is only transformed, never created or destroyed",,2,1
webp,ffct-21997,text,energy labels baked in,efficiency as the ratio of useful output to total input,,2,2
webp,ffct-22009,text,FUEL MOTION labels,engines change chemical energy into motion and waste heat,,0,2
webp,ffct-22010,text,energy labels baked in,generators turn mechanical energy into electrical energy,,0,3
webp,ffct-22014,text,POWER labels baked in,same work done with more power in less time,,1,1
webp,ffct-22016,off-topic,camera not mirage,a mirage is real light not imagination,,1,2
webp,ffct-22021,text,packet diagram text,internet messages travel in small packets,,2,1
webp,ffct-22030,text,DIGITAL NUMBERS label,a digital camera turns light into numbers,,0,0
webp,ffct-22031,text,color names baked in,cameras and screens make all colors from three,,0,1
webp,ffct-22066,text,RING OF FIRE text,Philippines is among the top geothermal producers,,1,1
webp,ffct-22068,text,TIDES calendar text,tides are predictable years ahead,,1,3
webp,ffct-22099,text,card text baked in,the black stripe on cards is magnetic,,2,0
webp,ffct-22101,text,foreign text on compass,the first compasses used lodestone,,2,1
webp,ffct-22124,text,battery label text,battery positive and negative terminals,,0,1
webp,ffct-22403,text,vehicle text baked in,everyday speed example,,3,1
webp,ffct-22446,text,NEWTONS label on scale,force is measured in newtons,,0,3
webp,ffct-22458,text,STOP word on sign,inertia,,2,0
webp,ffct-22461,text,FRICTION label baked in,friction as unbalanced force,,2,2
webp,ffct-22475,text,force labels baked in,balanced gravity and support force,,0,0
webp,ffct-22486,text,flight force labels,four forces of flight,,1,2
webp,ffct-22487,text,airflow text labels,how wing shape makes lift,,1,3
webp,ffct-22488,text,lift labels baked in,wings push air down for lift,,2,0
webp,ffct-22489,text,LIFT and THRUST labels,how birds make lift and thrust,,2,1
webp,ffct-22494,text,BUOYANCY label,buoyancy in water,,2,2
webp,ffct-22505,text,JOULE and 1 kg labels,joule as the unit of work,,0,1
webp,ffct-22509,text,1200 W tag text,appliance wattage shows power use,,1,1
webp,ffct-22517,text,gear labels baked in,machines do not give free energy,,2,1
webp,ffct-22519,text,stair labels baked in,running up stairs needs more power than walking,,2,3
webp,ffct-22535,text,JOULE and unit labels,the joule as the unit of energy,,0,0
webp,ffct-22559,text,STABLE and TIPPING labels,center of gravity and balance,,3,2
webp,ffct-22583,text,copper and rubber labels,what a conductor is,,3,2
webp,ffct-22588,text,insulator explanation text,why insulators block (bound electrons),,0,3
webp,ffct-22595,text,trapped air text label,trapped air is a heat insulator,,2,0
webp,ffct-22616,text,danger sign text,stay away from fallen power lines,,1,0
webp,ffct-22636,text,MORNING NOON AFTERNOON labels,shadows change through the day with the sun,,0,2
webp,ffct-22641,text,WATTS label baked in,power as rate of doing work,,1,3
webp,ffct-22647,text,HEAT FLOW label,heat versus temperature,,2,2
webp,ffct-22651,text,mirror direction labels,mirror image is left-right reversed,,3,0
webp,ffct-22678,text,metal and wood labels,why metal feels colder than wood,,3,3
webp,ffct-22688,text,warm and cool air labels,convection moving warm air or liquid,,1,0
webp,ffct-22698,text,HOT and COLD labels,thicker insulation slows heat more,,2,1
webp,ffct-22707,text,string labels baked in,string thickness changes pitch,,0,1
webp,ffct-22720,text,VOCAL CORDS label,the human voice uses vibrating vocal cords,,2,0
webp,ffct-22724,text,343 m/s label,speed of sound and echo timing,,3,0
webp,ffct-22741,text,heat transfer labels,three ways heat travels,,1,3
webp,ffct-22747,text,HALFWAY POINT label,echo travels there and back,,3,1
webp,ffct-22754,text,baked-in explanatory text,soft surfaces absorb sound and weaken echoes,,0,3
webp,ffct-22760,text,ultraviolet label text,ultraviolet is beyond violet,,1,1
webp,ffct-22761,text,spectrum labels baked in,infrared is beyond red,,1,2
webp,ffct-22762,text,legend text baked in,sun emits UV and infrared too,,1,3
webp,ffct-22764,text,sunscreen label text,sunscreen blocks UV,,2,1
webp,ffct-22767,text,remote button numbers,remote controls use infrared,,2,2
webp,ffct-22769,text,finish banner text,all EM waves travel at light speed,,2,3
webp,ffct-22770,text,labels baked in,shorter wavelength carries more energy,,3,0
webp,ffct-22771,text,spectrum words baked in,full electromagnetic spectrum order,,3,1
webp,ffct-22777,off-topic,octopus not UV glow,UV makes some materials glow,,0,2
webp,ffct-22786,text,eyepiece/objective labels,microscope has two lenses,,0,3
webp,ffct-22795,text,diagram labels baked in,lenses make real or virtual images,,2,0
webp,ffct-22797,text,color names baked in,sunlight contains all colors,,2,1
webp,ffct-22798,text,blue light label,blue light scatters most in air,,2,2
webp,ffct-22799,text,labels baked in,shorter wavelengths scatter more,,2,3
webp,ffct-22801,text,text labels baked in,blue scattered out leaves red at sunset,,3,1
webp,ffct-22802,text,sunlight label baked in,air molecules cause scattering,,3,2
webp,ffct-22804,text,wavelength labels baked in,why sky looks blue not violet,,0,0
webp,ffct-22847,text,momentum label text,faster object has more momentum at same mass,,2,2
webp,ffct-22853,text,braking labels baked in,more momentum is harder to stop,,3,1
webp,ffct-22856,text,labels baked in,airbags soften a crash by extending stop time,,0,0
webp,ffct-22862,text,zero number baked in,an object at rest has zero momentum,,0,2
webp,ffct-22864,text,vehicle sign/plate text,a loaded vehicle has more momentum,,0,3
webp,ffct-22876,text,voltage labels baked in,transformers change the voltage,,1,3
webp,ffct-22885,text,off label text,saving electricity helps because it is limited,,3,1
webp,ffct-22889,text,labels baked in,battery parts electrodes and electrolyte,,0,0
webp,ffct-22893,text,labels baked in,rechargeable batteries reverse the reaction,,1,0
webp,ffct-22894,text,alkaline label text,single-use batteries cannot be recharged,,1,1
webp,ffct-22898,text,voltage labels baked in,batteries in series add up voltage,,2,0
webp,ffct-22901,text,recycling label text,dispose of batteries safely not in trash,,2,2
webp,ffct-22910,text,power plant label,power plants use generators,,3,2
webp,ffct-22925,text,labels and text baked in,commutator in a DC motor,,2,0
webp,ffct-22933,text,wind/water/steam labels,generators need an outside force to turn,,2,3
webp,ffct-22945,text,watts label baked in,watts show how much power an appliance uses,,0,1
webp,ffct-22947,text,energy rating label,energy labels show efficient appliances,,0,3
webp,ffct-22957,text,decibels label baked in,loudness is measured in decibels,,2,3
webp,ffct-22960,text,lift/weight labels,lift overcomes weight,,3,1
webp,ffct-22977,text,friction/motion labels,friction always points opposite to motion,,2,1
webp,ffct-22979,text,labels baked in,friction pushes a car forward,,2,2
webp,ffct-22981,text,squeak text baked in,friction can make squeaking sounds,,3,0
webp,ffct-22993,text,air labels baked in,warm air rises,,1,0
webp,ffct-22996,text,medium labels baked in,sound needs a medium,,1,3
webp,ffct-22997,text,speed labels baked in,sound travels faster in water,,2,0
webp,ffct-23014,text,ketchup label text,shaking out sauce uses inertia,,0,2
webp,ffct-23024,text,walking labels baked in,how walking works,,1,2
webp,ffct-23033,text,force labels baked in,sitting shows reaction force,,2,0
webp,ffct-23077,text,rise/run labels,the slope of a ramp is how steep it is,,3,3
webp,ffct-23115,text,thread label baked in,screws hold better than nails,,3,3
webp,ffct-23165,text,room labels baked in,why some rooms have less echo,,2,3
webp,ffct-23264,text,machine label baked in,heat naturally flows hot to cold,,3,0
webp,ffct-23271,text,insulation label baked in,fridge walls insulate to keep heat out,,0,1
webp,ffct-23362,text,action labels baked in,force changes speed,,2,3
webp,ffct-23437,text,TOYS label baked in,lifting an object gives it stored energy,,3,2
webp,ffct-24207,text,baked labels,Why empty rooms sound echoey,,1,3
webp,ffct-24210,text,text labels,Wind can change how far sound travels,,2,0
webp,ffct-24212,text,street signs,Why a Filipino street is full of sound,,2,1
webp,ffct-24213,text,diagram labels,Sound travels even when air is still,,2,2
webp,ffct-24216,text,baked labels,how grounding gives electrons an escape path,,3,1
webp,ffct-24222,text,baked labels,"grounding versus insulating, opposite goals",,0,1
webp,ffct-24224,text,FUEL label,fuel trucks ground before pumping fuel,,0,3
webp,ffct-24253,text,baked labels,Static electricity versus flowing current,,2,2
webp,ffct-24305,text,machine labels,A lever and a ramp are both simple machines but work differently,,1,3
webp,ffct-24311,text,baked labels,speed versus acceleration difference,,2,1
webp,ffct-24313,text,vehicle signs,relative speed of passing vehicles,,2,3
webp,ffct-24319,text,unit label,different units for the same speed,,3,2
webp,ffct-24323,text,map labels,computing average speed of a trip,,0,2
webp,ffct-24324,text,baked labels,comparing speed of light and sound,,0,3
webp,ffct-24327,text,wind labels,airplane airspeed versus ground speed,,1,1
webp,ffct-24361,text,stroke labels,"the catch, pull, and recovery of a stroke",,1,3
webp,ffct-24387,text,KM sign,Speed of sound in air as concrete example,,2,2
webp,ffct-24388,text,baked labels,Light speed compared to sound speed,,2,3
webp,ffct-24390,text,SAME SPEED label,Loud sound is not faster than soft sound,,3,1
webp,ffct-24391,text,baked labels,Warmer air makes sound travel faster,,3,2
webp,ffct-24399,text,depth labels,Bigger waves are not always faster waves,,1,1
webp,ffct-24432,text,baked labels,momentum,,1,2
webp,ffct-24470,text,HEAVY labels,A lever bar must be stiff not bendy,,3,1
webp,ffct-24484,text,PAGASA label,Philippine rainy season brings frequent lightning,,2,0
webp,ffct-24487,text,KABOOM text,If you hear thunder you are close enough to be struck,,2,2
webp,ffct-24491,text,friction labels,the main kinds of friction together,,3,2
webp,ffct-24500,text,baked labels,how friction is different from gravity,,1,1
webp,ffct-24507,text,ROSIN label,why a violin bow needs rosin to make sound,,2,0
webp,ffct-24537,text,baked labels,What speed means distance over time,,2,2
webp,ffct-24538,text,unit labels,Common units for measuring speed,,2,3
webp,ffct-24540,text,average label,Average speed versus instant speed,,3,0
webp,ffct-24541,text,baked labels,How acceleration changes speed,,3,1
webp,ffct-24542,text,signs and plate,Jeepney speed Filipino daily example,,3,2
webp,ffct-24549,text,stop sign text,Reaction time affects braking distance,,0,2
webp,ffct-24552,text,map UI text,How GPS apps measure your speed,,1,1
webp,ffct-24553,text,formula labels,Finding distance or time from speed,,1,2
webp,ffct-24573,text,light labels,higher frequency waves carry more energy,,2,0
webp,ffct-24587,text,clock display,microwaves use wave energy to heat food,,0,3
webp,ffct-24593,text,baked label,How guitar frets shorten the string,,2,0
webp,ffct-24594,text,baked labels,Length not thickness changes pitch here,,2,1
webp,ffct-24603,text,baked labels,Higher pitch is not the same as louder,,0,1
webp,ffct-24605,text,baked labels,The two ends that fix vibrating length,,0,3
webp,ffct-24606,text,baked labels,Length versus tension as two pitch controls,,1,0
webp,ffct-24613,text,baked labels,contact versus non-contact forces compared,,2,0
webp,ffct-24627,text,jeepney sign,jeepney braking shows force changing motion,,2,3
webp,ffct-24643,text,baked label,Why big bass instruments are built large,,3,2
webp,ffct-24644,text,baked labels,Longer vibrating parts vibrate more slowly,,3,3
webp,ffct-24645,text,baked labels,Thicker strings vibrate slowly for low notes,,0,0
webp,ffct-24695,text,lever labels,third-class lever effort in the middle,,2,0
webp,ffct-24696,text,formula labels,mechanical advantage of a lever,,2,1
webp,ffct-24701,text,baked labels,baseball bat as third-class lever,,2,2
webp,ffct-24718,text,baked labels,shorter load arm increases force output,,3,0
webp,ffct-24762,text,IDLER GEAR label,idler gear reverses rotation direction,,2,0
webp,ffct-24769,text,teeth labels baked in,gear teeth count determines gear ratio,,3,3
webp,ffct-24774,text,friction labels baked in,static friction greater than kinetic friction,,0,3
webp,ffct-24775,text,coefficient labels baked in,coefficient of friction measures surface roughness effect,,1,0
webp,ffct-24790,text,compression tension labels,beam bridge simplest flat bridge structure,,3,0
webp,ffct-24803,text,bridge labels baked in,cantilever bridge extends from one or both supports,,0,1
webp,ffct-24804,text,compression tension labels,compression squeezes tension stretches structural members,,0,2
webp,ffct-24806,text,shape labels baked in,triangle is the only rigid polygon for structures,,1,0
webp,ffct-24810,text,LOAD label baked in,load path traces force from deck to foundation,,2,0
webp,ffct-24812,text,I-beam labels baked in,I-beam shape efficient for bridges and buildings,,2,1
webp,ffct-24813,off-topic,child with star,center of gravity point where weight balances,,2,2
webp,ffct-24823,text,lean labels baked in,skateboarder balances by shifting center of gravity,,1,0
webp,ffct-24828,text,center of gravity label,base of support area beneath object determines stability,,2,0
webp,ffct-24839,text,elastic plastic labels,elastic deformation reversible plastic deformation permanent,,3,1
webp,ffct-24844,text,force required labels,spring constant measures stiffness of a spring,,3,3
webp,ffct-24868,text,energy labels baked in,hybrid vehicles recapture energy during braking,,1,1
webp,ffct-24891,text,force labels baked in,floor pushes back up on objects with normal force,,2,1
webp,ffct-24892,text,friction labels baked in,you must overcome static friction to start moving object,,2,2
webp,ffct-24898,text,power formula baked in,power is rate at which work is done,,2,3
webp,ffct-24899,text,pressure formula baked in,pressure defined as force divided by area,,3,0
webp,ffct-24901,text,force area labels,stiletto heels exert high pressure on floor,,3,2
webp,ffct-24904,text,pressure depth labels,water pressure increases with depth,,0,0
webp,ffct-24908,text,piston force labels,hydraulic jack lifts heavy car with small effort,,1,0
webp,ffct-24909,text,PSI label baked in,pneumatic systems use compressed air for tools,,1,1
webp,ffct-24912,text,air pressure labels,suction cup held by atmospheric pressure difference,,1,3
webp,ffct-24916,text,steel concrete labels,columns carry axial compression loads in buildings,,2,2
webp,ffct-24923,text,compression tension labels,concrete strong in compression steel strong in tension,,0,0
webp,ffct-24939,text,input output labels,mechanical advantage output force divided by input force,,2,0
webp,ffct-24941,text,impulse formula labels,impulse is force multiplied by time changes momentum,,2,1
webp,ffct-24942,text,crumple zone labels,car crumple zones extend collision time to reduce force,,2,2
webp,ffct-24958,text,jack force labels,car jack handle as lever lifts vehicle,,0,1
webp,ffct-24976,text,crane labels baked in,crane operators monitor load to prevent tipping,,1,3
webp,ffct-25001,text,ABS diagram labels,ABS prevents wheel lock-up to maintain steering friction,,0,0
webp,ffct-25016,text,rotation labels baked in,differential gear allows wheels to turn at different speeds when cornering,,1,1
webp,ffct-25017,text,support force label,carrying a box horizontally does zero scientific work,,1,2
webp,ffct-25019,text,pitch labels baked in,screw pitch determines advance per turn,,2,0
webp,ffct-25020,text,pitch label baked in,screw and mechanical advantage,,2,1
webp,ffct-25024,text,license plate text,vehicle suspension and springs,,2,3
webp,ffct-25025,text,triboelectric labels,triboelectric series and charge prediction,,3,0
webp,ffct-25039,text,charged object labels,charged objects attract uncharged objects by rearranging charge,,1,2
webp,ffct-25040,text,220V label baked in,small static shocks are generally harmless,,1,3
webp,ffct-25065,text,resistance labels,electrical resistance opposes the flow of current,,3,0
webp,ffct-25073,text,battery part labels,rechargeable batteries reverse the chemical reaction when charging,,0,3
webp,ffct-25074,text,12 volts label,car batteries are lead-acid wet cells,,1,0
webp,ffct-25079,text,battery spec labels,batteries store solar energy for nighttime use in Philippines,,1,3
webp,ffct-25080,text,internal resistance labels,real batteries have internal resistance that reduces output voltage,,2,0
webp,ffct-25085,text,battery type labels,primary batteries are single-use; secondary batteries are rechargeable,,2,2
webp,ffct-25086,text,cell battery labels,a single cell versus a battery of multiple cells,,2,3
webp,ffct-25087,text,Volta banner text,Alessandro Volta invented the first battery in 1800,,3,0
webp,ffct-25103,text,WESM sign text,the WESM is the Philippines' electricity wholesale market,,1,2
webp,ffct-25113,text,efficiency label,energy efficiency labels help consumers choose lower-power appliances,,2,1
webp,ffct-25116,text,pin labels baked in,"the three pins in a Philippine plug: live, neutral, and ground",,2,3
webp,ffct-25133,text,baked-in sign text,resistors control current flow in circuits,,1,2
webp,ffct-25257,text,promotional text baked in,flexible rubber magnets are used in refrigerator doors and promotional items,,0,3
webp,ffct-25449,text,definition sentences baked in,temperature and heat are different quantities,,1,3
webp,ffct-25529,text,stratification labels baked in,Taal Lake water thermally stratified warm surface cool deep,,0,1
webp,ffct-25534,text,labels and numbers baked in,heat index combines temperature and humidity feels hotter than actual temperature,,0,3
webp,ffct-25540,off-topic,no shadow or sun shown,noon shadows shortest as sun highest in sky Philippines,,1,1
webp,ffct-25552,text,air labels baked in,evaporative air cooler works by evaporation of water,,2,0
webp,ffct-25573,text,HOT/COLD labels baked in,mixing hot and cold water results in warm water equilibrium,,0,2
webp,ffct-25602,text,color names baked in,hot objects glow red then orange yellow white as temperature rises,,2,3
webp,ffct-25607,text,focal point labels baked in,lensmaker concept focal length depends on lens curvature and material,,3,2
webp,ffct-25609,text,year and place labels baked in,when was the telegraph first used,,0,0
webp,ffct-25621,text,year baked in,when was the telephone invented,,2,0
webp,ffct-25625,text,year baked in,what year was the first battery invented,,3,0
webp,ffct-25627,text,material labels baked in,what was Volta's battery made of,,3,2
webp,ffct-25633,text,patent date baked in,what year did Tesla patent the AC motor,,0,2
webp,ffct-25634,text,unit name baked in,what unit is named after Tesla,,0,3
webp,ffct-25637,text,year baked in,what year did Edison make the light bulb,,1,1
webp,ffct-25646,text,PATENT label baked in,who bought Tesla's AC motor patents,,3,1
webp,ffct-25653,text,CAPACITOR label baked in,what unit is named after Faraday (the farad),,0,3
webp,ffct-25654,text,VOLTMETER label baked in,what unit is named after Volta (voltage),,1,0
webp,ffct-25655,text,ZINC/COPPER labels baked in,who invented the first electric battery,,1,1
webp,ffct-25656,text,unit name baked in,what unit is named after Coulomb (electric charge),,1,2
webp,ffct-25657,text,name label baked in,who is the father of electrodynamics (Ampere),,1,3
webp,ffct-25660,text,equation baked in,how many watts in a kilowatt,,2,2
webp,ffct-25661,text,speed number baked in,speed of light in km/s,,2,3
webp,ffct-25662,text,speed number baked in,speed of light in meters per second,,3,0
webp,ffct-25663,text,speed number baked in,speed of sound in air,,3,1
webp,ffct-25669,off-topic,only a sun,speed of light in miles per second,,0,3
webp,ffct-25670,off-topic,only a speaker,speed of sound in kilometers per hour,,1,0
webp,ffct-25671,text,SPEEDING UP text baked in,what gravity g causes objects to do,,1,1
webp,ffct-25680,text,number answer baked in,how many laws of motion did Newton state,,1,2
webp,ffct-25693,text,year and title baked in,when did Newton publish the laws of motion,,3,1
webp,ffct-25698,text,patent text baked in,what year was the first car invented,,0,0
webp,ffct-25700,text,part labels baked in,what year did James Watt patent his steam engine improvement,,0,2
webp,ffct-25708,text,PATENT year baked in,what year did Frank Whittle patent the jet engine,,2,1
webp,ffct-25709,text,DIESEL label baked in,who invented the diesel engine,,2,2
webp,ffct-25711,text,year banner baked in,what year was the first airplane flight,,3,0
webp,ffct-25716,text,lever labels baked in,what does a lever multiply,,0,0
webp,ffct-25729,text,load labels baked in,what is the trade-off of a simple machine,,1,2
webp,ffct-25734,off-topic,shows Celsius/Fahrenheit not Kelvin,SI base unit for temperature,,2,3
webp,ffct-25737,text,unit names list baked in,how many SI base units there are,,3,1
webp,ffct-25739,text,year baked in,what year the Celsius scale was proposed,,3,3
webp,ffct-25742,text,year baked in,what year the Fahrenheit scale was made,,0,2
webp,ffct-25746,text,year baked in,what year the Kelvin scale was proposed,,1,2
webp,ffct-25758,text,speed number baked in,how fast does light travel in meters per second,,0,1
webp,ffct-25770,text,speed labels baked in,acceleration due to gravity on Earth,,0,3
webp,ffct-25774,off-topic,meteor not light,what is the fastest thing in the universe,,1,3
webp,ffct-25779,text,metal name baked in,best electrical conductor metal,,2,3
webp,ffct-25781,off-topic,mug not metal,best heat conductor metal,,3,1
webp,ffct-25785,text,year baked in,what year was the World Wide Web proposed,,0,0
webp,ffct-25796,off-topic,modern jet not Wright Flyer,what year did the Wright brothers fly the first airplane,,2,2
webp,ffct-25805,text,screen text baked in,what year did the first website go online,,0,3
webp,ffct-25813,text,year baked in,what year was the practical lightbulb invented,,2,1
webp,ffct-25821,off-topic,oil pumpjack not steam engine,who built the first useful steam engine before Watt,,0,1
webp,ffct-25822,text,FRIGIDAIRE label baked in,who invented the first working refrigerator,,0,2
webp,ffct-25830,text,V unit label baked in,what unit is named after Alessandro Volta,,2,1
webp,ffct-25832,text,LED label baked in,what does LED stand for in LED bulbs,,2,3
webp,ffct-25836,text,Kitty Hawk sign text,where was the first airplane flight,,3,3
webp,ffct-25843,text,ATLAS label baked in,who built the first liquid-fuel rocket,,1,0
webp,ffct-25870,text,Pa unit label baked in,what unit of pressure is named after Pascal,,1,1
webp,ffct-25873,text,ENGLAND label baked in,what country was Isaac Newton from,,2,0
webp,ffct-25881,text,NEWTON/METER labels baked in,what does one joule of energy equal in work,,3,2
webp,ffct-25882,text,PRINCIPIA title baked in,what famous physics book did Newton write,,3,3
webp,ffct-25893,text,Oe unit label baked in,what unit is named after Oersted,,1,3
webp,ffct-25894,text,A unit label baked in,what is the unit of electric current and who it is named after,,2,0
webp,ffct-25895,text,ohm symbol label baked in,what is the unit of electrical resistance and who it is named after,,2,1
webp,ffct-25897,text,W unit label baked in,what is the unit of power and who it is named after,,2,2
webp,ffct-25898,off-topic,house struck by lightning,who developed alternating current (AC) systems,,2,3
webp,ffct-25899,text,T unit label baked in,what unit is named after Tesla,,3,0
webp,ffct-25902,text,C unit label baked in,what is the unit of electric charge and who it is named after,,3,3
webp,ffct-25903,text,Hz unit label baked in,what is the unit of frequency and who it is named after,,0,0
webp,ffct-25905,text,A unit label baked in,which electrical unit is an SI base unit,,0,2
webp,ffct-25919,text,CAGAYAN label baked in,Diosdado Banatao from Cagayan Philippines,,3,1
webp,ffct-25920,text,speed value text baked in,speed of light in meters per second,,3,2
webp,ffct-25925,text,AIR RESISTANCE/GRAVITY labels,what does terminal velocity mean,,0,2
webp,ffct-25929,text,LIGHT YEARS text baked in,what is a light year,,1,1
webp,ffct-25931,text,E=mc2 formula baked in,what letter symbol stands for speed of light,,1,2
webp,ffct-25948,text,E=mc2 formula baked in,who came up with E=mc2,,0,0
webp,ffct-25958,text,PHYSICS book title baked in,who is the Fahrenheit scale named after,,2,1
webp,ffct-25964,text,pH scale labels baked in,what does the pH scale measure,,3,2
webp,ffct-25970,text,10 hardness number baked in,what is the hardest mineral on the Mohs scale,,1,0
webp,ffct-25975,text,kW unit label baked in,how many watts in a kilowatt,,2,1
webp,ffct-25982,text,R/G/B labels baked in,how many primary colors of light,,0,0
webp,ffct-25992,text,COAL/OIL/GAS labels baked in,what fossil fuels are,,2,1
webp,ffct-25993,text,OIL label baked in,the three main fossil fuels,,2,2
webp,ffct-25994,off-topic,battery is not energy source,examples of nonrenewable energy,,2,3
webp,ffct-26012,text,GAS pump label baked in,what gasoline is made from,,1,0
webp,ffct-26013,text,W unit label baked in,unit of electrical power,,1,1
webp,ffct-26023,text,machine labels baked in,the two families of simple machines,,2,3
webp,ffct-26037,text,EFFORT/FULCRUM/LOAD labels,what class of lever tweezers are,,3,2
webp,ffct-26041,text,color names baked in,what are the seven spectrum colors in order,,0,1
webp,ffct-26043,text,color names baked in,what are the primary colors of light,,0,3
webp,ffct-26047,text,SUNLIGHT/ATMOSPHERE labels,what is the name for why the sky is blue,,1,3
webp,ffct-26049,text,color names baked in,what causes a rainbow,,2,0
webp,ffct-26053,text,ABSORBED label baked in,why do black objects look black,,3,0
webp,ffct-26070,text,Magnesia label baked in,who first discovered natural magnets,,1,3
webp,ffct-26079,text,banner text baked in,can a magnet have only one pole,,2,2
webp,ffct-26088,text,SOS letters baked in,what is the Morse code for SOS,,0,0
webp,ffct-26090,text,year 1876 baked in,when was the telephone invented,,0,2
webp,ffct-26096,text,year 1989 baked in,when was the World Wide Web invented,,2,0
webp,ffct-26097,text,CERN label baked in,where was the World Wide Web invented,,2,1
webp,ffct-26099,text,years 1945 1946 baked in,when was the ENIAC computer built,,2,3
webp,ffct-26102,text,year 1991 baked in,when was the first website published,,3,2
webp,ffct-26103,text,spoken words baked in,what were the first words spoken on the telephone,,3,3
webp,ffct-26104,text,band names baked in,the seven named bands of the electromagnetic spectrum,,0,0
webp,ffct-26106,text,radio waves label,which EM band has the longest wavelength,,0,2
webp,ffct-26107,text,gamma rays label,which EM band has the shortest wavelength,,0,3
webp,ffct-26108,text,gamma rays label,which EM band has the highest frequency,,1,0
webp,ffct-26109,text,radio waves label,which EM band has the lowest frequency,,1,1
webp,ffct-26110,text,gamma rays label,which EM band carries the most energy,,1,2
webp,ffct-26123,text,infrared waves label,which band is just beyond red light (longer wavelength),,2,2
webp,ffct-26124,text,ultraviolet waves label,which band is just beyond violet light (shorter wavelength),,2,3
webp,ffct-26125,text,spectrum labels baked in,where microwaves sit in the EM order,,3,0
webp,ffct-26126,text,spectrum labels baked in,where X-rays sit in the EM order,,3,1
webp,ffct-26128,text,WEST label baked in,in what direction does the sun set,,3,2
webp,ffct-26139,text,East label baked in,which direction is on the right side of a map,,1,3
webp,ffct-26145,off-topic,shows singer not inventor,who patented the Sing-Along System (karaoke machine),,3,1
webp,ffct-26146,text,year 1975 and KARAOKE,what year del Rosario developed the Sing-Along System,,3,2
webp,ffct-26149,text,TATAK PINOY label,what nickname the jeepney is known by,,0,1
webp,ffct-26151,text,SARAO MOTORS 1953,what year Sarao Motors was founded,,0,3
webp,ffct-26153,text,year 1901 baked in,who really patented the first mercury-vapor (fluorescent) lamp,,1,1
webp,ffct-26154,text,FLUORSPAR and speech labels,where the word fluorescent comes from (not from Flores),,1,2
webp,ffct-26156,text,name tag text baked in,"what Agapito Flores actually was (electrician, not inventor)",,2,0
webp,ffct-26157,text,SPEED dB label baked in,speed of sound in water,,2,1
webp,ffct-26159,text,state labels baked in,which medium sound travels fastest in,,2,3
webp,ffct-26162,text,explanatory text labels,what is infrasound frequency,,3,2
webp,ffct-26163,text,HELLO text baked in,minimum distance to hear an echo,,3,3
webp,ffct-26164,text,0.1 seconds baked in,minimum time gap to hear an echo,,0,0
webp,ffct-26165,text,A4 440 Hz label,standard concert pitch frequency,,0,1
webp,ffct-26187,off-topic,shows light bulb not work,the SI unit of work,,0,2
webp,ffct-26190,text,number 4 baked in,the unit of mechanical advantage,,1,1
webp,ffct-26209,text,weight equation baked in,the equation for weight,,3,0
webp,ffct-26210,text,10N and 1kg labels,weight of a 1 kilogram object,,3,1
webp,ffct-26213,text,746 number baked in,how many watts in one horsepower,,3,3
webp,ffct-26217,text,MOTION FRICTION PUSH labels,the direction of friction force,,0,0
webp,ffct-26218,text,inclined plane labels,what a wedge is made of,,0,1
webp,ffct-26219,text,producer text baked in,Philippines geothermal world rank,,0,2
webp,ffct-26221,text,200 meters label,height of San Roque Dam,,0,3
webp,ffct-26223,text,60 percent banner,percentage of Philippine electricity from coal,,1,1
webp,ffct-26224,text,PALAWAN label baked in,where the Malampaya gas field is,,1,2
webp,ffct-26226,text,20 percent label,how much of Luzon's power Malampaya supplied,,2,0
webp,ffct-26240,text,slide fastener label,who invented the early zipper (slide fastener),,3,3
webp,ffct-26243,text,patent document text,what year was the ballpoint pen patented,,0,2
webp,ffct-26252,text,FREE USE label,did John Walker patent the match,,2,3
webp,ffct-26259,text,patent year baked in,what year was Velcro patented,,0,1
webp,ffct-26260,text,Velcro name split,where does the name Velcro come from,,0,2
webp,ffct-26261,text,microwave panel labels,who invented the microwave oven,,0,3
webp,ffct-26263,text,Radarange label,what was the first microwave oven called and when sold,,1,1
webp,ffct-26266,text,1895 X-ray label,when were X-rays discovered,,2,0
webp,ffct-26268,off-topic,Nobel founder not winner,who won the first Nobel Prize in Physics,,2,2
webp,ffct-26270,text,VS-300 label,who invented the first practical helicopter,,3,0
webp,ffct-26274,text,ballast tank labels,how does a submarine sink and float,,0,0
webp,ffct-26302,text,Kodak logo baked in,who made the Kodak roll-film camera for everyone,,0,1
webp,ffct-26303,text,Edison label baked in,who invented the phonograph,,0,2
webp,ffct-26305,text,Edison label baked in,who invented the flat disc record gramophone,,1,0
webp,ffct-26306,text,Cinematographe label,who invented the motion picture cinematograph,,1,1
webp,ffct-26312,text,Atomic Clock banner,who invented the atomic clock,,2,1
webp,ffct-26314,text,Astron label baked in,who made the first quartz wristwatch,,2,3
webp,ffct-26318,text,accuracy plaque text,how accurate is an atomic clock,,3,0
webp,ffct-26322,text,Atomic Clock label,what element does an atomic clock use,,3,3
webp,ffct-26324,text,Atomic Clock label,what country built the first atomic clock,,0,0
webp,ffct-26331,text,Greek letters label,what is an ancient water clock called,,1,1
webp,ffct-26333,text,365 number baked in,how many days are in a year,,1,2
webp,ffct-26335,text,Atomic Clock label,what device officially defines one second,,2,0
webp,ffct-26336,text,code text baked in,who was the first computer programmer,,2,1
webp,ffct-26339,text,1945 number baked in,what year was ENIAC completed,,3,0
webp,ffct-26341,text,1989 number baked in,what year was the world wide web invented,,3,2
webp,ffct-26342,text,1971 number baked in,who sent the first email,,3,3
webp,ffct-26420,text,German word baked in,who the ohm is named after,,2,0
webp,ffct-26428,text,STOP text baked in,what the ohm measures,,0,0
webp,ffct-26439,off-topic,saltpeter label wrong,what explosive is dynamite made from,,2,2
webp,ffct-26450,text,Chinese text baked in,where was gunpowder invented,,0,1
webp,ffct-26453,text,Chinese character baked in,how was gunpowder discovered,,1,0
webp,ffct-26454,text,Chinese text baked in,where were the first rockets made,,1,1
webp,ffct-26470,off-topic,does not show cause,why did Louis Braille become blind,,3,0
webp,ffct-26514,off-topic,shows X-ray not discoverer,who discovered x-rays,,1,2
webp,ffct-26559,off-topic,fighter not Lindbergh plane,who first flew solo across the Atlantic,,1,1
webp,ffct-26584,off-topic,owl not locomotive,who built the first railway steam locomotive,,3,0
webp,ffct-26589,off-topic,shooting star not light,what is the fastest thing in the universe,,0,1
webp,ffct-26644,text,slogan text baked in,what was the famous Kodak slogan,,3,0
webp,ffct-26663,off-topic,radio tower not Hertz,who is the hertz named after,,3,3
webp,ffct-26753,off-topic,octopus not Newton,the newton unit is named after Isaac Newton,,1,0
webp,ffct-26848,text,formula on blackboard,formula for weight,,0,3
webp,ffct-26849,text,force names labeled,the four fundamental forces,,1,0
webp,ffct-26852,text,planet labels,how much a person weighs on the Moon,,1,3
webp,ffct-26853,text,force names labeled,gravity is the weakest fundamental force,,2,0
webp,ffct-26855,text,NEWTONS banner text,the unit of force,,2,2
webp,ffct-26861,text,color names labeled,a rainbow forms by refraction in raindrops,,2,3
webp,ffct-26863,text,color names labeled,the order of the 7 rainbow colors,,3,1
webp,ffct-26874,text,color names labeled,"the three primary colors of light are red, green, and blue",,0,3
webp,ffct-26876,text,part number text,who invented the transistor,,1,0
webp,ffct-26877,text,year number,what year was the transistor invented,,1,1
webp,ffct-26879,text,web labels,difference between the Internet and the World Wide Web,,1,3
webp,ffct-26890,text,screen text,where was the first website created,,2,2
webp,ffct-26892,text,HTML code,who created HTML the language of web pages,,3,0
webp,ffct-26896,text,plaque and code,what machine did Ada Lovelace write the first program for,,0,0
webp,ffct-26910,text,lever labels,third-class lever,,1,2
webp,ffct-26911,text,Teflon label,Friction,,1,3
webp,ffct-26923,off-topic,terraces not gravity,Gravity,,3,0
webp,ffct-26950,text,surface labels,Friction,,2,1
webp,ffct-26956,text,lever labels,Lever Practicality,,2,3
webp,ffct-26977,text,clock numbers,Light,,0,3
webp,ffct-26986,text,friction label,Friction,,2,1
webp,ffct-26990,text,color labels,Light Absorption,,2,3
webp,ffct-26999,text,thermos labels,Heat Transfer,,3,3
webp,ffct-27006,text,lever labels,Simple Machines,,0,2
webp,ffct-27023,off-topic,alligator not lever,Lever,,2,0
webp,ffct-27041,off-topic,collider not magnets,Magnets,,0,2
webp,ffct-27043,text,planet labels,Gravity (Jupiter),,1,0
webp,ffct-27078,text,machine labels,Simple Machines,,3,2
webp,ffct-27079,off-topic,volcano not static,Static Electricity,,3,3
webp,ffct-27116,text,battery label,Chemical Energy,,2,0
webp,ffct-27118,text,GOLD label,Magnets and Metals,,2,1
webp,ffct-27123,text,color labels,Light,,2,2
webp,ffct-27140,text,battery labels,Electricity,,0,2
webp,ffct-27142,text,surface labels,Friction,,1,0
webp,ffct-27143,text,tread label,Friction,,1,1
webp,ffct-27147,text,MAGNET label,Magnets,,1,3
webp,ffct-27166,text,speed numbers,Light vs Sound Speed,,2,2
webp,ffct-27197,text,speed labels,Light Speed,,3,1
webp,ffct-27210,text,coin text,Magnetism,,0,0
webp,ffct-27213,text,BLACK SAND label,Natural Magnets,,0,2
webp,ffct-27214,text,energy labels,Light Absorption,,0,3
webp,ffct-27222,text,magnet labels,Magnets (Field Strength),,1,0
webp,ffct-27226,text,WEIGHT label,Lunar Gravity,,1,2
webp,ffct-27231,text,medium labels,Light,,1,3
webp,ffct-27248,text,AA label,Chemical Energy,,3,0
webp,ffct-27249,text,watt kg labels,Chemical Energy,,3,1
webp,ffct-27257,text,distance label,Magnet Safety,,3,3
webp,ffct-27262,text,decibel labels,Sound,,0,1
webp,ffct-27267,text,planet labels,Gravity,,1,0
webp,ffct-27270,text,process labels,Chemical energy,,1,2
webp,ffct-27293,off-topic,"Earth rings, not light",Light,,0,1
webp,ffct-27305,off-topic,banana not light,Light,,1,3
webp,ffct-27314,text,HEAT label baked in,Heat – direction of flow,,2,3
webp,ffct-27316,text,WOOL label baked in,heat insulation safety,,3,0
webp,ffct-27319,text,paragraph text baked in,Motion,,3,2
webp,ffct-27320,text,metal labels baked in,Electrical Circuits,,3,3
webp,ffct-27325,text,I labels baked in,Magnets,,0,1
webp,ffct-27327,text,HIGH HEAT text,Energy Conversion,,0,2
webp,ffct-27336,text,HIGH HEAT text,Magnets,,0,3
webp,ffct-27343,text,force labels baked in,Static Friction,,1,1
webp,ffct-27345,text,multiple labels baked in,Lever Classes,,1,2
webp,ffct-27350,text,number label baked in,Food Energy,,1,3
webp,ffct-27365,text,muscle labels baked in,Levers,,0,2
webp,ffct-27368,text,F label baked in,Static Friction,,1,0
webp,ffct-27373,text,metal labels baked in,magnetism,,1,1
webp,ffct-27374,text,water labels baked in,Water Conductivity,,1,2
webp,ffct-27380,text,SPF 50 baked in,UV Protection,,2,2
webp,ffct-27404,text,wheel labels baked in,Simple Machines,,1,0
webp,ffct-27408,text,warning text baked in,Magnet Safety,,1,2
webp,ffct-27415,text,north labels baked in,Magnets,,2,1
webp,ffct-27426,text,force labels baked in,Static Friction,,2,3
webp,ffct-27440,text,metal labels baked in,magnets,,0,3
webp,ffct-27445,text,labels baked in,Magnets,,1,3
webp,ffct-27461,text,GRAVITY label baked in,Gravity,,3,2
webp,ffct-27472,text,pulley labels baked in,Simple Machines (Pulley),,1,1
webp,ffct-27476,text,HEAT ENERGY label,Heat,,1,3
webp,ffct-27481,text,muscle labels baked in,Levers,,2,1
webp,ffct-27485,text,FRICTION labels baked in,Friction,,2,2
webp,ffct-27491,text,vehicle text baked in,Friction,,3,0
webp,ffct-27494,off-topic,dam is not a conductor,Conductors,,3,1
webp,ffct-27516,text,sound labels baked in,Sound,,1,2
webp,ffct-27518,text,speed labels baked in,Light,,1,3
webp,ffct-27519,text,sound labels baked in,Sound,,2,0
webp,ffct-27521,text,energy labels baked in,Conservation of Energy,,2,2
webp,ffct-27523,text,force labels baked in,Simple Machines,,3,0
webp,ffct-27526,text,liquid labels baked in,Liquid Temperature Ranges,,3,2
webp,ffct-27541,off-topic,comet not speed of light,Speed of Light,,0,3
webp,ffct-27546,text,muscle labels baked in,Body Levers,,1,1
webp,ffct-27547,text,metal labels baked in,Magnets,,1,2
webp,ffct-27549,text,temperature labels baked in,Thermal Energy,,2,0
webp,ffct-27555,text,color labels baked in,Light and Color,,2,3
webp,ffct-27563,text,labels and number baked in,Magnets,,3,2
webp,ffct-27587,text,BIOFUEL label baked in,Chemical Energy,,2,1
webp,ffct-27601,text,sound labels baked in,Sound,,3,1
webp,ffct-27602,text,lever labels baked in,Simple Machines,,3,2
webp,ffct-27603,text,pulley labels baked in,Pulley,,3,3
webp,ffct-27607,text,air labels baked in,Convection,,0,1
webp,ffct-27609,text,friction labels baked in,friction,,0,2
webp,ffct-27631,text,lever labels baked in,Simple Machines,,3,3
webp,ffct-27635,text,battery label baked in,Electricity,,0,2
webp,ffct-27651,text,clock number baked in,Electricity,,2,2
webp,ffct-27652,text,time text baked in,Speed of Light,,2,3
webp,ffct-27655,text,card numbers baked in,magnets,,3,0
webp,ffct-27658,text,lever labels baked in,Simple Machines,,3,2
webp,ffct-27674,text,tire labels baked in,Friction,,1,0
webp,ffct-27679,text,friction numbers baked in,Friction,,1,3
webp,ffct-27688,text,distance labels baked in,Gravity,,2,0
webp,ffct-27695,text,pulley formula baked in,Simple Machines,,2,2
webp,ffct-27711,text,train label,Magnets,,1,1
webp,ffct-27714,text,baked-in labels,Light Transmission,,1,3
webp,ffct-27719,text,labels baked in,Electromagnets,,2,1
webp,ffct-27723,text,word label baked in,Heat,,2,3
webp,ffct-27734,text,voltage numbers,Electricity,,0,1
webp,ffct-27742,text,labels baked in,Simple Machines,,1,2
webp,ffct-27747,text,baked-in labels,Electric Current Flow,,2,0
webp,ffct-27751,text,baked-in labels,Speed of Sound,,2,2
webp,ffct-27760,text,label baked in,Magnet Safety,,3,0
webp,ffct-27762,text,baked-in labels,Simple Machines (Pulley),,3,2
webp,ffct-27779,text,labels baked in,Simple Machines,,0,2
webp,ffct-27793,text,label baked in,Heat Transfer,,1,1
webp,ffct-27804,text,labels and numbers,magnets_safety,,2,2
webp,ffct-27814,text,word label,friction-walking,,2,3
webp,ffct-27824,text,vehicle label,Static Electricity,,0,0
webp,ffct-27830,text,coin text,Magnetism,,0,2
webp,ffct-27831,text,clothing label,Chemical Energy,,0,3
webp,ffct-27839,text,labels baked in,Static Friction,,1,3
webp,ffct-27873,text,labels baked in,Friction,,0,2
webp,ffct-27880,text,train label,Air Friction,,1,0
webp,ffct-27884,text,labels baked in,Simple Machines,,1,1
webp,ffct-27887,text,labels baked in,Electrical Conductors,,1,3
webp,ffct-27893,text,labels baked in,friction,,2,2
webp,ffct-27902,text,formula label,Static Friction,,0,0
webp,ffct-27916,text,labels baked in,Magnetic Field Comparisons,,2,2
webp,ffct-27926,off-topic,depicts pulley not sound,Sound,,3,1
webp,ffct-27933,text,tag text,Magnets,,0,0
webp,ffct-27936,text,vehicle label,Kalesa Wheels,,0,1
webp,ffct-27938,text,decibel labels,Sound Levels,,0,2
webp,ffct-27950,text,color labels,how a rainbow forms,,2,2
webp,ffct-27977,text,L/N labels,electrical_conductor,,1,0
webp,ffct-27981,text,label baked in,Lever operation process,,1,1
webp,ffct-27988,text,label baked in,Electromagnets,,2,0
webp,ffct-28006,text,vehicle labels,Friction,,0,1
webp,ffct-28012,text,labels baked in,Friction Coefficients,,0,3
webp,ffct-28020,text,label baked in,Magnets,,1,2
webp,ffct-28021,text,label baked in,Thermal Insulation,,1,3
webp,ffct-28024,text,speech text,Sound Vacuum,,2,1
webp,ffct-28025,text,labels baked in,Skin Light Energy,,2,2
webp,ffct-28046,text,labels baked in,battery stores chemical energy,,3,3
webp,ffct-28060,text,labels baked in,energy,,1,0
webp,ffct-28072,text,label baked in,Magnets: MRI Scans,,2,3
webp,ffct-28077,text,baked-in number,Gravity,,3,0
webp,ffct-28083,text,vehicle labels,Friction,,3,2
webp,ffct-28096,text,metal labels,Electricity,,0,0
webp,ffct-28117,text,labels baked in,Energy in Flashlights,,1,3
webp,ffct-28118,text,label baked in,Diaphragm Pressure,,2,0
webp,ffct-28139,text,labels and numbers,Light Wavelengths,,3,1
webp,ffct-28143,text,labels and numbers,Electrical Voltage,,0,0
webp,ffct-28144,text,labels baked in,Light,,0,1
webp,ffct-28157,text,labels baked in,Photosynthesis energy,,1,1
webp,ffct-28161,text,appliance labels,Energy Transfer,,2,0
webp,ffct-28173,text,label baked in,Friction (joints),,3,2
webp,ffct-28225,text,baked-in explanatory text,Electricity,,1,1
webp,ffct-28239,off-topic,clam shell not light,Light,,3,3
webp,ffct-28255,off-topic,soccer not nerve electricity,Nerve Electricity,,1,0
webp,ffct-28278,off-topic,charger not heat fire,electrical_heat_fire,,3,2
webp,ffct-28290,text,baked-in circuit text,Circuits: Short Circuit,,0,3
webp,ffct-28324,text,engine oil label,Engine Oil,,3,0
webp,ffct-28360,off-topic,jump rope not bone gravity,Bone Gravity,,3,0
webp,ffct-28363,text,baked-in motion labels,motion,,3,2
webp,ffct-28398,text,baked-in wave labels,Sound Propagation,,3,2
webp,ffct-28400,off-topic,weaving not friction,Friction,,0,0
webp,ffct-28404,text,Teflon label,Friction,,0,3
webp,ffct-28442,text,coin text baked in,Magnetic Metals,,0,3
webp,ffct-28482,text,battery label text,Electricity (Batteries),,0,0
webp,ffct-28502,text,baked-in frequency labels,Sound Frequency,,2,3
webp,ffct-28514,off-topic,dreamcatcher not light,Light Transmission,,3,3
webp,ffct-28526,text,warning label text,Thermal Safety,,1,0
webp,ffct-28563,off-topic,heart not electricity,electricity,,1,0
webp,ffct-28573,off-topic,bat not static electricity,Static Electricity,,2,2
webp,ffct-28575,off-topic,weaving not lever,Lever,,2,3
webp,ffct-28577,off-topic,lantern not conductors,Electrical Conductors,,3,1
webp,ffct-28595,text,baked-in wave labels,Sound,,1,2
webp,ffct-28604,text,baked-in volume labels,sound-hearing,,2,2
webp,ffct-28617,text,plant sign text,Electrical Conductors,,0,0
webp,ffct-28622,text,lever labels baked in,Lever lifting,,0,3
webp,ffct-28637,text,joint label baked in,Joint Friction,,1,2
webp,ffct-28642,off-topic,heart monitor not electricity,electricity,,2,1
webp,ffct-28644,off-topic,car safety not motion,motion,,2,2
webp,ffct-28647,text,SPF and labels baked in,Light Health,,3,0
webp,ffct-28662,text,metal labels baked in,Heat,,0,1
webp,ffct-28663,off-topic,boat not gravity,Gravity,,0,2
webp,ffct-28669,text,meter text baked in,Multimeter,,1,0
webp,ffct-28671,text,ear labels baked in,Inner Ear Gravity,,1,2
webp,ffct-28679,text,pulley labels baked in,Simple Machines (Pulley),,2,1
webp,ffct-28682,text,eye labels baked in,Retina light,,2,2
webp,ffct-28693,off-topic,jar not screw,screw,,0,0
webp,ffct-28724,text,muscle labels baked in,Core Muscle Gravity,,2,2
webp,ffct-28737,text,metal names baked in,Electricity,,0,1
webp,ffct-28747,text,pole labels baked in,Magnetism (Earth),,0,3
webp,ffct-28752,text,posture labels baked in,Gravity: Posture,,1,2
webp,ffct-28754,text,leaf labels baked in,Photosynthesis,,1,3
webp,ffct-28764,text,LIFT label baked in,how bird wings make lift,,2,1
webp,ffct-28768,text,SHADOW label baked in,light travels in straight lines,,3,1
webp,ffct-28790,text,switch labels baked in,a switch opens and closes a circuit,,0,2
webp,ffct-28798,text,spectrum labels baked in,order of the electromagnetic spectrum from radio to gamma,,1,2
webp,ffct-28799,text,wave labels baked in,wavelength and frequency are inversely related,,1,3
webp,ffct-28800,text,labels baked in,higher frequency electromagnetic waves carry more energy,,2,0
webp,ffct-28807,text,UV labels baked in,ultraviolet rays uses,,3,0
webp,ffct-28811,text,multiple text labels,gamma rays highest energy radiation,,0,0
webp,ffct-28813,text,warning text labels,ionizing versus non-ionizing electromagnetic radiation,,0,2
webp,ffct-28816,text,element names baked in,elements emit characteristic frequencies of light,,0,3
webp,ffct-28820,text,band labels baked in,modern technology uses different bands of the spectrum,,1,2
webp,ffct-28821,text,band labels baked in,the electromagnetic spectrum is continuous,,1,3
webp,ffct-28822,text,meter label baked in,electric current as rate of charge flow,,2,0
webp,ffct-28823,text,current labels baked in,conventional current vs electron flow direction,,2,1
webp,ffct-28824,text,VOLTS sign,voltage as electrical push or energy per charge,,2,2
webp,ffct-28825,text,OHMS sign,electrical resistance opposes current,,2,3
webp,ffct-28827,text,wire labels baked in,wire length and thickness affect resistance,,3,0
webp,ffct-28835,text,formula sign,electrical power equals voltage times current,,0,1
webp,ffct-28836,text,watt labels baked in,higher wattage devices use more energy,,0,2
webp,ffct-28876,text,greenhouse text label,main greenhouse gases carbon dioxide methane,,0,3
webp,ffct-28882,text,sea level text labels,why sea level rises warming,,1,1
webp,ffct-28890,text,graph text labels,climate models predict future warming,,2,2
webp,ffct-28901,text,fog/mist labels,difference between fog and mist,,0,0
webp,ffct-28904,text,air labels baked in,why tornadoes are rare in the Philippines,,0,2
webp,ffct-28909,text,20 hours label,Voyager signals take many hours to reach Earth,,1,1
webp,ffct-28921,text,recycling labels,Astronauts recycle their water on the ISS,,2,0
webp,ffct-28924,text,height labels,Astronauts grow slightly taller in space,,2,2
webp,ffct-28931,text,oxygen label,Rockets carry their own oxygen to burn fuel,,3,1
webp,ffct-28937,text,MAYA name label,The Philippines launched small Maya cube satellites,,0,1
webp,ffct-28949,text,pole labels baked in,why auroras at the poles,,2,2
webp,ffct-28954,text,gas labels baked in,sun is a ball of hot gas,,3,1
webp,ffct-28956,text,sun color text labels,the sun's true color,,3,2
webp,ffct-28957,text,spin labels baked in,the sun spins,,3,3
webp,ffct-28958,text,age text label,the sun's age and lifespan,,0,0
webp,ffct-28959,text,cycle text label,the solar cycle,,0,1
webp,ffct-28966,text,future text label,the sun's distant future,,1,2
webp,ffct-28975,text,count text labels,counting seconds to tell how far a storm is,,3,0
webp,ffct-28993,text,thunder labels,why thunder sometimes cracks and sometimes rumbles,,2,0
webp,ffct-28998,text,microplastic text labels,microplastics,,2,3
webp,ffct-29009,text,baked-in sign text,landfill methane,,0,1
webp,ffct-29014,off-topic,turtle not light pollution,light pollution,,1,0
webp,ffct-29017,text,baked-in bin labels,why we sort trash,,1,3
webp,ffct-29018,text,baked-in bag text,single-use plastic,,2,0
webp,ffct-29025,text,baked-in sign text,protected areas help wildlife,,3,1
webp,ffct-29038,text,baked-in aurora labels,why auroras have different colors,,1,0
webp,ffct-29041,text,baked-in diagram labels,Earth's magnetic poles have flipped before,,1,2
webp,ffct-29056,text,baked-in gold labels,pure gold is soft,,3,2
webp,ffct-29073,text,baked-in glacier label,glaciers store most of Earth's fresh water,,2,0
webp,ffct-29152,text,baked-in orbit labels,why eclipses are not monthly,,2,0
webp,ffct-29187,off-topic,owl not meteor,most meteors burn up completely,,0,3
webp,ffct-29242,text,baked-in light label,galaxy light shows the past,,0,0
webp,ffct-29309,text,baked-in sign text,PHIVOLCS Alert Level 1,,0,0
webp,ffct-29331,off-topic,"preparedness icons, not rainfall warnings",PAGASA rainfall color warnings,,0,1
webp,ffct-29333,text,calendar month names,typhoon season in the Philippines,,0,3
webp,ffct-29334,text,eye/eyewall labels,the eyewall of a typhoon,,1,0
webp,ffct-29336,text,retired name text,retiring typhoon names,,1,2
webp,ffct-29337,text,storm signal text,class suspension during typhoons,,1,3
webp,ffct-29338,text,canned food labels,preparing for a typhoon,,2,0
webp,ffct-29339,text,typhoon/hurricane labels,typhoon vs hurricane,,2,1
webp,ffct-29340,text,low pressure label,low pressure at a typhoon's center,,2,2
webp,ffct-29342,text,PAGASA/chismis text,following official typhoon warnings,,3,0
webp,ffct-29381,text,equator/pacific labels,where enso happens tropical pacific,,2,0
webp,ffct-29393,text,air/water labels,earthworms loosen and aerate soil,,0,0
webp,ffct-29394,text,water/air labels,soil holds water and air for plants,,0,1
webp,ffct-29416,text,weathering sequence labels,weathering breaks rock into sediment,,1,1
webp,ffct-29431,text,volcano names labels,the Philippines has many active volcanoes,,2,0
webp,ffct-29446,text,magma/lava labels,magma becomes lava when erupted,,3,2
webp,ffct-29447,text,seismograph label,seismographs measure earthquakes,,3,3
webp,ffct-29448,text,plate name labels,Philippine and Eurasian plates meet at PH,,0,0
webp,ffct-29452,text,clock letters E/F,the Sun's age and lifespan,,0,3
webp,ffct-29453,text,sun stage labels,how the Sun will end,,1,0
webp,ffct-29456,text,star names labels,the nearest star after the Sun,,1,3
webp,ffct-29481,text,moon names labels,Mars has two small moons,,1,3
webp,ffct-29495,text,month names/days labels,Day length changes through the year (away from equator),,0,1
webp,ffct-29510,text,color/degrees labels,red stars are cooler than blue stars,,2,0
webp,ffct-29523,text,east/west labels,star patterns stay the same,,0,3
webp,ffct-29526,text,Polaris label,Polaris the North Star,,1,1
webp,ffct-29534,text,explanatory text,stars in a constellation are not really near each other,,2,2
webp,ffct-29536,text,star labels/explanatory text,how bright a star looks depends on size and distance,,3,0
webp,ffct-29539,text,oxygen label,rockets carry their own oxygen,,3,1
webp,ffct-29591,text,screen text/equations,computer weather models,,0,1
webp,ffct-29592,text,forecast text/temps,why forecasts can be wrong,,0,2
webp,ffct-29595,text,warning labels,PAGASA rainfall warnings,,1,0
webp,ffct-29597,text,alphabet/typhoon names,how typhoons get local names,,1,2
webp,ffct-29601,text,low pressure label,low pressure area,,2,2
webp,ffct-29604,text,foreign supply labels,preparing when a typhoon is forecast,,3,0
webp,ffct-29627,text,hard parts banner,hard parts fossilize best,,1,2
webp,ffct-29651,text,gold/copper labels,Gold and copper found together,,1,2
webp,ffct-29655,text,earth layer labels,Minerals form deep underground,,2,0
webp,ffct-29656,text,ring of fire labels,Volcanic activity and gold,,2,1
webp,ffct-29660,text,nickel battery label,Philippines nickel mining,,2,3
webp,ffct-29677,text,limestone label,limestone reacts with acid,,0,3
webp,ffct-29681,text,years pass text,limestone forms over millions of years,,1,2
webp,ffct-29699,off-topic,"owl, not air composition",composition of air,,2,3
webp,ffct-29700,text,planet name labels,order of the planets,,3,0
webp,ffct-29705,text,71% water label,earth's surface is mostly water,,3,3
webp,ffct-29707,text,Sun label baked in,the Sun's place in the galaxy,,0,0
webp,ffct-29709,off-topic,telescope not fuzzy galaxies,distant galaxies look like fuzzy spots,,0,2
webp,ffct-29712,text,13.8 billion text,the age of the universe,,1,1
webp,ffct-29718,text,warning sign text,sinkholes can open suddenly and be dangerous,,2,1
webp,ffct-29728,text,MANTLE label baked in,the mantle,,0,0
webp,ffct-29732,text,core labels baked in,why the inner core stays solid,,0,2
webp,ffct-29738,text,crust/mantle labels,the crust floats on the mantle,,1,0
webp,ffct-29741,text,text and scale labels,Plates move very slowly,,1,2
webp,ffct-29742,text,PANGAEA label,Continents were once one supercontinent,,1,3
webp,ffct-29754,text,seafloor labels baked in,Seafloor spreading makes new ocean crust,,0,0
webp,ffct-29758,text,lithosphere label,Plates are made of the rigid lithosphere,,0,1
webp,ffct-29759,text,PANGAEA label,Pangaea broke apart about 200 million years ago,,0,2
webp,ffct-29762,text,Atlantic Ocean label,The Atlantic Ocean is slowly getting wider,,1,1
webp,ffct-29770,text,region names text,why the Philippines has many landslides,,3,0
webp,ffct-29771,text,warning sign text,staying safe from landslides,,3,1
webp,ffct-29772,text,rockfall/soil creep labels,rockfalls compared to slides,,3,2
webp,ffct-29778,text,scarp/toe labels,parts of a landslide,,1,0
webp,ffct-29782,text,soil/clay labels,slippery clay layers help slides,,1,3
webp,ffct-29803,text,street sign text,typhoons bring floods in the Philippines,,1,3
webp,ffct-29804,text,warning sign text,PAGASA rainfall warnings,,2,0
webp,ffct-29826,text,onomatopoeia and labels,why thunder rumbles or cracks,,2,0
webp,ffct-29834,text,speed text baked in,speed of light vs sound numbers,,3,3
webp,ffct-29839,text,color names baked in,colors of the rainbow,,0,3
webp,ffct-29855,text,Light/Thunder labels,lightning seen before thunder heard,,3,2
webp,ffct-29871,text,timeline labels text,ozone allowed land life,,2,3
webp,ffct-29884,text,8 MINUTES text,"sunlight takes minutes, starlight takes years",,0,3
webp,ffct-29895,text,calendar text baked in,recent years are warmest on record,,2,2
webp,ffct-29897,text,METHANE labels baked in,methane is a strong greenhouse gas,,3,0
webp,ffct-29900,off-topic,"only car, no walking",transport and walking choices,,3,2
webp,ffct-29918,text,1969 text baked in,The Moon landing was a national goal set for the 1960s,,3,0
webp,ffct-29938,text,spectrum color letters,telescopes split starlight to study stars,,1,1
webp,ffct-29944,text,lens labels baked in,the eyepiece magnifies the gathered image,,1,3
webp,ffct-29946,text,magma/lava labels,magma versus lava,,2,1
webp,ffct-29947,off-topic,"otter, not magma",why magma rises,,2,2
webp,ffct-29954,text,volcano type labels,shield vs stratovolcano shapes,,3,0
webp,ffct-29955,text,magma chamber label,magma chamber,,3,1
webp,ffct-29960,text,active/dormant/extinct labels,active dormant extinct volcanoes,,3,3
webp,ffct-29970,text,country labels baked in,geysers are rare,,1,0
webp,ffct-29973,text,SPACE FOOD label,how astronauts eat and sleep in space,,1,3
webp,ffct-29995,off-topic,weighing scale not hardness scale,Mohs hardness scale,,0,0
webp,ffct-30012,text,gold bar text baked in,gold properties,,2,2
webp,ffct-30019,text,plate labels baked in,subduction makes trenches and volcanoes,,3,2
webp,ffct-30120,text,labels baked in,tidal range varies by place,,3,1
webp,ffct-30122,text,labels baked in,tides are different from waves,,3,3
webp,ffct-30123,text,baked-in tide table text,tide tables and prediction,,0,0
webp,ffct-30128,text,labels baked in,tides reach river mouths,,1,0
webp,ffct-30130,text,labels baked in,shoreline changes with tides,,1,1
webp,ffct-30140,text,label baked in,Recycling water on ISS,,1,3
webp,ffct-30141,text,labels baked in,Using the toilet in space,,2,0
webp,ffct-30170,text,sign labels baked in,mangroves store more carbon per area,,1,3
webp,ffct-30174,text,species name labels baked in,mangroves in the Philippines,,2,0
webp,ffct-30178,text,ecosystem banner labels baked in,three blue carbon ecosystems,,2,1
webp,ffct-30185,text,map legend text baked in,mangroves grow in warm tropical coasts,,3,0
webp,ffct-30189,text,measuring spoon label baked in,average ocean salinity,,3,2
webp,ffct-30196,text,labels baked in,freshwater is less dense than saltwater,,0,0
webp,ffct-30213,text,label baked in,water table,,2,1
webp,ffct-30223,text,labels baked in,groundwater pollution,,3,3
webp,ffct-30250,off-topic,"shows seismograph, not trench cause",Philippine Trench causes earthquakes,,3,1
webp,ffct-30264,text,baked-in label,the warm Kuroshio current passes near the Philippines,,1,3
webp,ffct-30265,text,labels and caption baked in,deep currents are driven by water density,,2,0
webp,ffct-30267,text,baked-in labels,the global ocean conveyor belt,,2,1
webp,ffct-30268,off-topic,"sea turtle, not conveyor belt",the conveyor belt takes about a thousand years for one loop,,2,2
webp,ffct-30270,text,baked-in caption,upwelling brings cold nutrient-rich water up,,2,3
webp,ffct-30310,text,labels baked in,sand grains are a specific small size,,3,1
webp,ffct-30325,text,CANNED FOOD and FIRST-AID KIT labels,emergency go-bag,,1,3
webp,ffct-30331,text,SANDSTORM and DUST STORM labels,sandstorm vs dust storm,,2,2
webp,ffct-30337,text,WIND label baked in,dunes move over time,,3,3
webp,ffct-30370,text,labels baked in,fog and mist are not rain,,2,2
webp,ffct-30374,text,labels baked in,how snow forms in clouds,,3,1
webp,ffct-30413,text,labels baked in,magma versus lava,,2,3
webp,ffct-30418,text,sign text baked in,volcano danger zone and evacuation,,3,1
webp,ffct-30422,text,label baked in,the eye is usually tens of kilometers across,,3,3
webp,ffct-30423,text,labels baked in,the eyewall has the strongest winds,,0,0
webp,ffct-30429,text,labels baked in,PAGASA tracks the eye to locate the typhoon,,1,1
webp,ffct-30430,text,scale text baked in,the eye has the lowest air pressure,,1,2
webp,ffct-30433,text,labels baked in,a clear eye forms only in strong typhoons,,2,0
webp,ffct-30437,text,labels baked in,a typhoon has three main parts,,2,3
webp,ffct-30440,text,label baked in,the eyewall causes the most damage at landfall,,3,2
webp,ffct-30443,text,year '1835' baked in,Named after Gaspard-Gustave de Coriolis,,0,0
webp,ffct-30445,text,label baked in,Spiraling inflow forms the eye of a storm,,0,1
webp,ffct-30446,text,labels baked in,Faster planetary rotation would give a stronger Coriolis effect,,0,2
webp,ffct-30451,text,labels baked in,Coriolis affects long-range flights and rockets,,1,3
webp,ffct-30454,text,labels baked in,troposphere height range,,2,1
webp,ffct-30459,text,label baked in,thermosphere is very hot,,3,1
webp,ffct-30462,text,label baked in,exosphere is the outermost layer,,3,3
webp,ffct-30464,text,labels baked in,temperature rises and falls between layers,,0,0
webp,ffct-30465,text,labels baked in,air gets thinner with height,,0,1
webp,ffct-30468,text,labels baked in,atmosphere is mostly nitrogen and oxygen,,0,3
webp,ffct-30473,text,labels baked in,most of the atmosphere is near the ground,,1,2
webp,ffct-30503,text,labels baked in,gravity depends on mass and distance,,1,2
webp,ffct-30509,text,labels baked in,orbital speed must be just right,,2,2
webp,ffct-30512,text,labels baked in,age of the universe since the Big Bang,,3,1
webp,ffct-30518,text,labels baked in,first atoms hydrogen and helium formed after the Big Bang,,0,3
webp,ffct-30534,text,labels baked in,thermal expansion of seawater,,0,1
webp,ffct-30545,text,label baked in,PH seas rise above global average,,2,2
webp,ffct-30546,text,labels baked in,greenhouse gases drive warming,,2,3
webp,ffct-30548,text,labels baked in,sea walls and dikes defend coast,,3,0
webp,ffct-30549,text,label baked in,what sea level means,,3,1
webp,ffct-30553,text,label baked in,cutting pollution slows rise,,0,0
webp,ffct-30577,text,numbers baked in,PAGASA storm signals,,0,1
webp,ffct-30578,text,number baked in,storm signal number 1,,0,2
webp,ffct-30585,text,sign text baked in,go out calmly after shaking stops,,1,0
webp,ffct-30589,text,number baked in,energy jumps about 32 times per magnitude step,,2,0
webp,ffct-30590,text,numbers baked in,a quake has only one magnitude,,2,1
webp,ffct-30591,text,label baked in,moment magnitude replaces Richter for big quakes,,2,2
webp,ffct-30592,text,text baked in,magnitudes are written with decimals,,2,3
webp,ffct-30593,text,name baked in,PHIVOLCS measures earthquakes in the Philippines,,3,0
webp,ffct-30594,text,labels baked in,many stations together locate the epicenter,,3,1
webp,ffct-30597,text,labels baked in,most quakes are too small to feel,,0,0
webp,ffct-30598,text,labels baked in,earthquakes are grouped by magnitude class,,0,1
webp,ffct-30606,text,sign text baked in,sea pulling back warning sign,,1,3
webp,ffct-30613,text,sign text baked in,do not return too soon,,3,1
webp,ffct-30617,off-topic,train not volcano warning,loud roaring sound sign,,0,0
webp,ffct-30748,text,baked-in speech text,why typhoons have names,,0,1
webp,ffct-30768,text,baked-in milk label,why the Milky Way is named after milk,,2,2
webp,ffct-30781,text,baked-in year text,the Milky Way is very old,,1,3
webp,ffct-30869,text,baked-in numbers text,why we measure weather with instruments,,0,1
webp,ffct-30908,text,baked-in step captions,how clouds form,,2,1
webp,ffct-30921,text,baked-in box label,Signal No. 1 meaning,,0,3
webp,ffct-30938,text,baked-in radio text,signals change as the storm moves,,3,2
webp,ffct-30991,text,baked-in megaphone text,starlight takes many years to reach Earth,,1,1
webp,ffct-31035,text,photosynthesis labels baked in,plants take in carbon dioxide,,2,0
webp,ffct-31046,text,banner text baked in,carbon is a building block of living things,,3,1
webp,ffct-31151,text,groundwater labels baked in,Comparing groundwater with surface water,,1,2
webp,ffct-31181,text,wave labels baked in,magnitude does not directly tell the damage,,3,1
webp,ffct-31185,text,clipboard labels baked in,magnitude data helps make safer buildings,,0,1
webp,ffct-31186,text,TNT and energy labels,magnitude compared to the energy of explosives,,0,2
webp,ffct-31200,text,news labels baked in,people say Richter but often mean modern magnitude,,2,1
webp,ffct-31228,text,tick labels baked in,time appears to slow down near a black hole,,0,1
webp,ffct-31229,text,black hole labels baked in,black holes come in very different sizes,,0,2
webp,ffct-31255,text,river and lake labels,How a river differs from a lake,,3,3
webp,ffct-31410,text,ozone-safe product labels,why modern spray cans are now ozone-safe,,3,2
webp,ffct-31416,text,wind wave labels baked in,Tsunami versus ordinary wind waves,,0,2
webp,ffct-31421,text,Mindanao and Moro Gulf labels,A real Philippine tsunami example,,1,0
webp,ffct-31433,text,upper and lower mantle labels,mantle has an upper and lower part,,3,2
webp,ffct-31440,text,mantle and core labels baked in,mantle compared with the core,,0,3
webp,ffct-31442,text,mantle label baked in,can we dig down to the mantle,,1,1
webp,ffct-31448,text,cumulus cirrus nimbus labels,types of clouds,,2,1
webp,ffct-31460,text,Zambales and mantle labels,mantle rock brought to the surface,,0,0
webp,ffct-31461,text,recycling system labels baked in,mantle recycles rock back into the Earth,,0,1
webp,ffct-31462,text,mountains volcanoes earthquakes labels,mantle heat drives Earth's surface activity,,0,2
webp,ffct-31463,text,transition zone depth labels,the mantle's transition zone,,0,3
webp,ffct-31464,text,mantle and childs nails text,how slowly the mantle flows,,1,0
webp,ffct-31536,text,fresh water percentage text,fresh water is a tiny fraction of Earth's water,,1,0
webp,ffct-31575,text,just relaxing speech bubble,Smoke does not mean an eruption is starting,,1,3
webp,ffct-31577,text,PHIVOLCS and alert labels,How PHIVOLCS watches active volcanoes,,2,1
webp,ffct-31584,text,lava and magma labels,Difference between magma and lava,,3,1
webp,ffct-31585,text,ring of fire label,Why volcanoes form where plates meet,,3,2
webp,ffct-31592,text,power plant label,how a coal power plant makes electricity,,0,2
webp,ffct-31600,text,gasoline diesel kerosene labels,oil refineries split crude oil into products,,2,0
webp,ffct-31604,text,hard coal soft coal labels,coal quality depends on how long it formed,,2,3
webp,ffct-31605,text,clean air fossil fuel labels,saving energy makes fossil fuels last longer,,3,0
webp,ffct-31631,text,shrinking raisin label,Mercury has cliffs from slowly shrinking,,3,1
webp,ffct-31632,text,mausim label baked in,where the word monsoon comes from,,3,2
webp,ffct-31634,text,high low pressure labels,air pressure drives monsoon wind,,3,3
webp,ffct-31637,text,single day storm labels,monsoon is a wind not a single storm,,0,1
webp,ffct-31652,text,hundreds of years label,plastic versus banana peel decompose time,,1,1
webp,ffct-31666,text,years calendar label,single-use plastic used minutes lasts centuries,,3,3
webp,ffct-31668,text,greenhouse gas mechanism labels,how greenhouse gases trap heat mechanism,,0,0
webp,ffct-31669,text,humid dry night labels,water vapor is a greenhouse gas,,0,1
webp,ffct-31673,text,heat trapping power labels,methane traps more heat than carbon dioxide,,1,1
webp,ffct-31686,text,Uranus Neptune labels,ice giants Uranus and Neptune are different from gas giants,,3,1
webp,ffct-31711,text,iron label baked in,the field gets weaker farther from a magnet,,1,0
webp,ffct-31712,text,magnetic pole labels,Earth's poles have flipped in the past,,1,1
webp,ffct-31727,text,Mohs mineral names labels,Mohs scale ranks mineral hardness 1 to 10,,3,0
webp,ffct-31731,text,baby powder label,Baby powder is often made from talc,,0,0
webp,ffct-31736,text,welcome to our mine sign,The Philippines mines minerals from the ground,,1,1
webp,ffct-31749,text,zodiac constellation names,Sun passes through different constellations the zodiac,,3,1
webp,ffct-31754,text,baked-in directional labels,midnight sky is opposite six months apart,,0,0
webp,ffct-31757,text,baked-in hot/cold words,constellation change is not about weather getting hot,,0,3
webp,ffct-31760,text,baked-in equator label,near the equator PH sees both north and south stars,,1,2
webp,ffct-31761,text,baked-in caption and time,watch at the same time to notice the change,,1,3
webp,ffct-31783,text,baked-in timeline labels,plastic decomposition,,2,2
webp,ffct-31785,text,baked-in reduce/reuse/recycle,reduce reuse recycle,,3,0
webp,ffct-31796,text,baked-in earth/jupiter labels,More than a thousand Earths could fit inside Jupiter,,0,3
webp,ffct-31802,text,baked-in juno label,Spacecraft have flown to study Jupiter up close,,1,2
webp,ffct-31804,text,baked-in light/minutes text,Jupiter is very far so its light takes time to reach us,,1,3
webp,ffct-31845,text,baked-in UV label,How ozone absorbs UV energy in the air,,2,0
webp,ffct-31849,text,baked-in UV label,Why UV rays are harmful to people,,2,2
webp,ffct-31850,text,baked-in ozone-layer banner,Ozone blocks most but not all UV,,2,3
webp,ffct-31852,text,baked-in explanatory paragraph,Why Filipinos feel strong sun despite ozone,,3,0
webp,ffct-31853,text,baked-in ozone/uv text,What the ozone hole really means,,3,1
webp,ffct-31869,text,baked-in conserve sign,conservation,,1,2
webp,ffct-31874,text,baked-in toothpaste label,water conservation,,2,0
webp,ffct-31881,text,baked-in explanatory text,erosion is slow not instant,,3,2
webp,ffct-31892,text,baked-in coal/oil/gas labels,Three main types coal oil natural gas,,2,1
webp,ffct-31896,text,baked-in crude-oil labels,Gasoline and plastic come from crude oil,,2,3
webp,ffct-31902,text,baked-in fuel/co2 labels,Natural gas burns cleaner than coal,,3,1
webp,ffct-31906,text,baked-in save-energy sign,Saving energy makes fossil fuels last longer,,3,2
webp,ffct-31933,text,baked-in temperature labels,Heat is confined to a narrow lightning channel,,3,1
webp,ffct-31950,text,baked-in red/blue labels,How scientists mark North and South poles,,1,3
webp,ffct-31953,text,baked-in explanatory banner,Magnetic poles differ from electric charges,,2,1
webp,ffct-31961,text,baked-in calendar date,summer solstice the longest day,,3,2
webp,ffct-31962,text,baked-in calendar date,winter solstice the shortest day,,3,3
webp,ffct-31963,text,baked-in pole labels,Magnetic poles sit far from the spin axis,,0,0
webp,ffct-31967,text,baked-in MRI label,Hospitals use strong magnet poles in MRI,,1,0
webp,ffct-31970,text,baked-in hottest/coolest labels,blue stars hottest red stars coolest,,1,1
webp,ffct-31972,text,baked-in star-name label,betelgeuse a famous cool red star,,1,3
webp,ffct-31973,text,baked-in star-name label,rigel a hot blue white star in orion,,2,0
webp,ffct-31974,text,baked-in constellation labels,orion visible in philippine sky as balatik,,2,1
webp,ffct-31977,text,baked-in distance/size labels,color is temperature brightness is different,,3,0
webp,ffct-31983,text,baked-in color labels,why there are no green stars,,0,0
webp,ffct-31994,text,baked-in years label,Why making soil takes hundreds of years,,1,2
webp,ffct-32015,text,baked-in garbage-patch label,garbage patch has no fixed boundary,,0,1
webp,ffct-32042,text,baked-in sort/melt labels,How recycling turns trash into new things,,3,2
webp,ffct-32048,text,baked-in calendar text,leap year and the extra quarter day,,0,0
webp,ffct-32053,text,baked-in bin labels,Filipino law on separating trash (RA 9003),,0,3
webp,ffct-32058,text,baked-in years-passing label,Where does trash go if not recycled,,1,3
webp,ffct-32062,text,baked-in recycling words,Upcycling versus recycling difference,,2,1
webp,ffct-32063,text,baked-in money-saved text,How the three Rs save a family money,,2,2
webp,ffct-32064,text,baked-in sorting labels,Can I recycle at home and how,,2,3
webp,ffct-32071,text,baked-in primary/secondary labels,two kinds of microplastics primary and secondary,,0,2
webp,ffct-32072,text,baked-in face-wash label,microbeads in face wash and toothpaste example,,0,3
webp,ffct-32090,text,baked-in feature labels,Several Earth features work together to allow life,,3,3
webp,ffct-32095,text,baked-in atmosphere/gravity labels,Earth's gravity holds its life-giving air in place,,0,2
webp,ffct-32104,text,baked-in map label,How long and wide the Philippine Trench is,,1,2
webp,ffct-32105,text,baked-in timeline text,"The trench is geologically young, under 9 million years",,1,3
webp,ffct-32106,text,baked-in trench/not-this text,Trench is a long valley not a bottomless hole,,2,0
webp,ffct-32111,text,baked-in trench-depth labels,Compared to Mariana Trench the world's deepest,,2,2
webp,ffct-32112,text,baked-in trench labels,Different from the Manila Trench on the west side,,2,3
webp,ffct-32116,text,baked-in fault label,Linked to the Philippine Fault on land,,3,2
webp,ffct-32118,text,baked-in trough/trench labels,It connects with the East Luzon Trough up north,,3,3
webp,ffct-32135,text,daylight labels baked in,why daylight length changes through the year,,1,3
webp,ffct-32136,text,pole labels baked in,midnight sun and polar night,,2,0
webp,ffct-32138,text,time-of-day labels baked in,shadows change length and direction during the day,,2,1
webp,ffct-32139,text,hygrometer text labels,The hygrometer measures moisture in the air,,2,2
webp,ffct-32146,text,weather report headlines,Who uses weather station information,,0,0
webp,ffct-32171,text,ash/lapilli/bomb labels,Ash is defined by tiny size,,0,3
webp,ffct-32190,text,Asia/Palawan/Borneo labels,"Palawan formed differently, not from volcanoes",,0,1
webp,ffct-32219,text,distance label baked in,Earth's orbit is nearly a circle,,3,1
webp,ffct-32231,text,TSUNAMI label baked in,Tsunami energy spread through entire water column,,3,3
webp,ffct-32232,text,wave labels baked in,Very long wavelength keeps tsunami flat,,0,0
webp,ffct-32233,text,wave type labels,Tsunami differs from ordinary wind waves,,0,1
webp,ffct-32235,text,water depth labels,Energy is saved not lost while wave is low,,0,3
webp,ffct-32242,text,tide/tsunami labels,A tsunami is not the same as an ordinary tide,,1,3
webp,ffct-32245,text,drain parts labels,The parts of a street drainage system,,2,1
webp,ffct-32254,text,USE ME label,What a kid can do to help prevent clogs,,0,1
webp,ffct-32255,text,cooking oil label,Cooking oil and grease can clog drains,,0,2
webp,ffct-32290,off-topic,shows fueling not weakening,Eyewall weakens over land or cool water,,3,1
webp,ffct-32291,text,eyewall/rainbands labels,Eyewall is stronger than the outer rainbands,,3,2
webp,ffct-32298,text,storm name labels,Typhoons and hurricanes share the same eyewall,,0,2
webp,ffct-32309,text,reduce/reuse/recycle labels,recycling and conservation,,2,1
webp,ffct-32330,text,thousands of years label,Amethyst takes a very long time to form,,2,0
webp,ffct-32331,text,mineral name labels,Purple amethyst versus purple fluorite,,2,1
webp,ffct-32333,text,amethyst scroll text,Where the name amethyst comes from,,2,3
webp,ffct-32335,text,iron/light labels,Why iron makes purple not another color,,3,0
webp,ffct-32345,text,plate name labels,Several plates meet around the Philippines,,3,1
webp,ffct-32351,text,ring/fault labels,How a local fault differs from the whole ring,,3,3
webp,ffct-32356,text,seismograph parts labels,the main parts of a seismograph,,1,0
webp,ffct-32357,text,instrument labels baked in,difference between seismometer and seismograph,,1,1
webp,ffct-32358,text,seismograph label,a seismograph records but cannot predict quakes,,1,2
webp,ffct-32360,text,P-wave/S-wave labels,seismograph records P-waves arriving before S-waves,,2,0
webp,ffct-32361,text,direction labels baked in,three seismographs for up-down and two sideways,,2,1
webp,ffct-32364,text,earthquake warning label,seismographs help give tsunami warnings,,3,0
webp,ffct-32405,text,hundreds of years label,soil forms slowly,,1,2
webp,ffct-32417,text,moist air label,orographic clouds formed by mountains,,3,1
webp,ffct-32423,text,cold/warm labels,frontal rain from air mass collision,,0,3
webp,ffct-32424,text,moist air label,orographic rain on mountain slopes,,1,0
webp,ffct-32437,text,equator labels,global average annual rainfall,,2,0
webp,ffct-32438,text,month names baked in,driest months in the Philippines,,2,1
webp,ffct-32440,text,cyclone category labels,tropical cyclone categories by wind speed,,2,2
webp,ffct-32441,text,PAR labels,Philippine Area of Responsibility PAR,,2,3
webp,ffct-32442,text,typhoon name list,how typhoons get their names,,3,0
webp,ffct-32445,text,signal flag text,PAGASA Signal No. 1 effects,,3,3
webp,ffct-32446,text,signal flag text,PAGASA Signal No. 2 effects,,0,0
webp,ffct-32447,text,signal flag text,PAGASA Signal No. 3 effects,,0,1
webp,ffct-32448,text,signal flag text,PAGASA Signal No. 4 effects,,0,2
webp,ffct-32449,text,signal flag text,PAGASA Signal No. 5 added in 2022,,0,3
webp,ffct-32452,text,month names baked in,peak typhoon season in the Philippines,,1,1
webp,ffct-32459,text,watch/warning labels,difference between typhoon watch and warning,,2,1
webp,ffct-32462,text,day names baked in,inter-monsoon transition periods in Philippines,,2,2
webp,ffct-32469,text,season/breeze labels,why monsoon winds reverse direction twice a year,,2,3
webp,ffct-32472,text,ITCZ/equator labels,ITCZ affects Philippine rainfall,,3,0
webp,ffct-32483,text,dry/wet bulb labels,psychrometer measures relative humidity,,0,1
webp,ffct-32488,text,doppler radar label,Doppler radar tracks typhoons and rain,,1,0
webp,ffct-32562,text,explanatory labels baked in,water vapor is Earth's main natural greenhouse gas,,0,3
webp,ffct-32592,text,measurement labels baked in,tornado and typhoon are different wind storms,,0,3
webp,ffct-32602,text,weather station sign,PAGASA history and mission,,1,3
webp,ffct-32636,text,signs and labels baked in,community preparedness before a typhoon,,2,0
webp,ffct-32637,text,map title and legend text,flood hazard maps show at-risk areas,,2,1
webp,ffct-32642,text,rationale sign text,water rationing during drought and El Nino,,3,2
webp,ffct-32712,text,title and labels baked in,mineral luster types,,3,2
webp,ffct-32714,text,definitions baked in,mineral cleavage and fracture,,3,3
webp,ffct-32720,text,instructional phrases baked in,testing mineral hardness with everyday objects,,0,1
webp,ffct-32741,text,instructional phrases baked in,cooling rate determines crystal size experiment,,2,3
webp,ffct-32786,text,lime bag text baked in,soil pH and agricultural productivity,,0,2
webp,ffct-32804,text,warning sign text baked in,volcanic gas SO2 emissions and health hazard,,2,2
webp,ffct-32818,off-topic,owl unrelated to earthquake,1990 Luzon earthquake detailed facts,,1,2
webp,ffct-32856,text,era labels baked in,geologic time scale eons eras periods,,0,1
webp,ffct-32882,text,movement labels baked in,types of mass wasting movements,,3,2
webp,ffct-32893,text,calendar text baked in,Tiwi geothermal plant Albay Philippines,,2,0
webp,ffct-32894,text,mountain labels baked in,MakBan geothermal plant Laguna Batangas,,2,1
webp,ffct-32895,text,banner text baked in,Leyte geothermal field Tongonan,,2,2
webp,ffct-32897,text,diagram labels baked in,binary cycle geothermal power system,,3,0
webp,ffct-32898,text,diagram labels baked in,geothermal reinjection for sustainability,,3,1
webp,ffct-32902,text,plant labels baked in,geothermal versus coal environmental comparison,,0,0
webp,ffct-32904,text,capture system text baked,environmental considerations at geothermal plants,,0,2
webp,ffct-32908,text,wave labels baked in,tsunami energy through entire water column,,1,0
webp,ffct-32909,text,place labels baked in,2004 Indian Ocean tsunami effect on Philippines,,1,1
webp,ffct-32910,text,marker text baked in,ancient tsunami warning stones historical markers,,1,2
webp,ffct-32911,text,sign text baked in,tsunami evacuation signs in Philippine coastal communities,,1,3
webp,ffct-32916,text,instrument labels baked in,PHIVOLCS volcano monitoring instruments,,2,1
webp,ffct-32917,text,sign text baked in,GPS used to detect volcano ground inflation,,2,2
webp,ffct-32919,text,layer labels baked in,Philippine nickel laterite mining,,3,0
webp,ffct-32920,text,ore labels baked in,Philippine copper gold porphyry mineral deposits,,3,1
webp,ffct-32927,text,layer labels baked in,how fossil fuels form,,0,1
webp,ffct-32943,text,place labels baked in,Laguna de Bay origin and geology,,2,1
webp,ffct-32945,text,diagram labels baked in,island arc and subduction detailed relationship,,2,2
webp,ffct-32948,text,map labels baked in,Bohol UNESCO Global Geopark geology,,3,0
webp,ffct-32950,text,property labels baked in,simple rock identification for young students,,3,1
webp,ffct-32951,text,cement label baked in,rocks are all around us in daily life,,3,2
webp,ffct-32956,text,rock label baked in,limestone used to make cement Philippines,,0,1
webp,ffct-32962,text,zone labels baked in,geologic hazard maps for land use planning,,1,3
webp,ffct-32968,text,tephra labels baked in,tephra classification volcanic fragment sizes,,2,2
webp,ffct-32969,text,legend labels baked in,geologic map colors and meaning,,2,3
webp,ffct-32972,text,plate labels baked in,deep focus earthquakes in subduction zone,,3,2
webp,ffct-32977,text,street sign text baked,tsunami debris floating hazard after wave,,0,1
webp,ffct-32982,text,seismograph label baked in,Richter scale basic explanation for students,,1,1
webp,ffct-32991,text,crystal label baked in,laterite bauxite and aluminum ore formation,,3,0
webp,ffct-32994,text,mineral labels baked in,secondary minerals formed from volcanic rock weathering,,3,3
webp,ffct-32995,text,place labels baked in,Philippine seismic zone map high risk areas,,0,0
webp,ffct-32998,text,water level labels baked,groundwater depletion from overpumping Philippines,,0,1
webp,ffct-33000,text,map label baked in,Palawan continental origin different from other Philippine islands,,0,3
webp,ffct-33019,text,fault label baked in,Philippine Fault Zone major segments,,2,3
webp,ffct-33021,text,sample labels baked in,mineral cleavage versus fracture,,3,0
webp,ffct-33027,text,era labels baked in,geologic time scale major eras,,0,1
webp,ffct-33028,text,soil labels baked in,tropical soil types Philippines ultisol,,0,2
webp,ffct-33036,text,calendar number baked in,11-year sunspot cycle,,1,3
webp,ffct-33040,text,orbit labels baked in,Mercury slow rotation and long solar day,,2,2
webp,ffct-33042,text,direction labels baked in,Venus retrograde rotation sun rises west,,3,0
webp,ffct-33044,text,Cyrillic text baked in,Venus crushing surface atmospheric pressure,,3,1
webp,ffct-33051,text,banner text baked in,Ganymede largest moon solar system,,0,2
webp,ffct-33055,text,angle number baked in,Uranus extreme axial tilt,,1,1
webp,ffct-33056,text,planet labels baked in,Uranus ice giant composition,,1,2
webp,ffct-33059,text,banner text baked in,Triton retrograde orbit captured moon,,2,0
webp,ffct-33060,off-topic,depicts Jupiter not Neptune,Voyager 2 only spacecraft to visit Neptune,,2,1
webp,ffct-33069,text,labels baked in,lunar libration slight wobble extra view,,3,2
webp,ffct-33077,text,star labels baked in,stellar classification by colour and temperature,,0,1
webp,ffct-33092,text,belt labels baked in,Kuiper Belt beyond Neptune icy objects,,2,1
webp,ffct-33097,text,season labels baked in,equinoxes and solstices,,2,2
webp,ffct-33107,text,labels baked in,gravity keeps planets in orbit,,2,3
webp,ffct-33124,text,ecliptic label baked in,zodiac constellations along ecliptic,,0,1
webp,ffct-33126,text,scale labels baked in,light-year as unit of astronomical distance,,0,3
webp,ffct-33127,text,orbit labels baked in,Proxima Centauri nearest star after Sun,,1,0
webp,ffct-33131,text,chart labels baked in,dark matter makes up most of universe,,2,0
webp,ffct-33137,text,spot label baked in,Neptune Great Dark Spot Voyager 2 storm,,3,0
webp,ffct-33144,text,orbit labels baked in,Moon sidereal period vs synodic period difference,,3,3
webp,ffct-33151,text,banner text baked in,Haumea and Makemake dwarf planets Kuiper Belt,,1,0
webp,ffct-33165,text,atmosphere labels baked,stars twinkle due to atmospheric refraction,,3,2
webp,ffct-33170,text,event horizon label baked in,massive stars collapse to black holes,,0,0
webp,ffct-33195,text,time labels baked in,Saturn day and year length,,2,2
webp,ffct-33197,text,horoscope text baked in,astronomy versus astrology science vs belief,,3,0
webp,ffct-33198,text,constellation label baked in,Milky Way center direction Sagittarius constellation,,3,1
webp,ffct-33199,text,orbit labels baked in,Mars elliptical orbit causes unequal seasons,,3,2
webp,ffct-33204,text,planet names baked in,Copernicus heliocentric model Sun at center,,0,0
webp,ffct-33205,text,formulas baked in,Neptune discovered by mathematical prediction 1846,,0,1
webp,ffct-33213,text,resonance labels baked in,Mercury 3-to-2 spin-orbit resonance,,1,0
webp,ffct-33214,text,nebula labels baked in,nebula types emission reflection and dark,,1,1
webp,ffct-33219,text,sun layer labels baked in,Sun convective zone transports energy by moving gas,,2,0
webp,ffct-33224,text,star labels baked in,real star examples of different colours and types,,3,0
webp,ffct-33231,text,Vesta labels baked in,Vesta large differentiated asteroid near planet,,0,0
webp,ffct-33234,text,rotation labels baked in,Sun differential rotation equator faster than poles,,0,3
webp,ffct-33238,text,ring labels baked in,Neptune rings have incomplete arcs of dense material,,1,3
webp,ffct-33242,text,orbit labels baked in,Moon elliptical orbit perigee apogee supermoon,,2,3
webp,ffct-33259,off-topic,sea turtle not Jupiter,Jupiter mainly hydrogen and helium composition,,0,3
webp,ffct-33265,text,constellation names baked in,different constellations visible in different seasons,,2,0
webp,ffct-33276,off-topic,shows ringed planet not Mars,Phobos orbit declining will crash into Mars in 50 million years,,2,2
webp,ffct-33277,off-topic,Jupiter bands not Neptune,Neptune blue color from methane in atmosphere,,2,3
webp,ffct-33294,text,star names baked in,star colors hard to see faint naked eye limitation,,1,1
webp,ffct-33295,text,moon region labels baked in,Moon maria darker than highlands albedo comparison,,1,2
webp,ffct-33297,text,radioactive dating label baked in,solar system is 4.6 billion years old,,1,3
webp,ffct-33303,text,magnetic stripe labels baked in,Earth magnetic poles reverse periodically geological record,,3,0
webp,ffct-33305,text,relativity labels baked in,GPS satellites need time correction for relativity effects,,3,1
webp,ffct-33316,text,wavelength label baked in,exoplanet atmospheres detected by spectroscopy during transit,,0,3
webp,ffct-33326,text,diameter label baked in,how wide Earth is in kilometers,,2,0
webp,ffct-33327,text,temperature labels baked in,how hot the surface of Venus is,,2,1
webp,ffct-33330,text,day/year labels baked in,Venus has a day longer than its year,,2,3
webp,ffct-33339,text,planet names baked in,four rocky planets and four gas giants,,0,0
webp,ffct-33347,text,month name baked in,what extra day is added in a leap year,,1,1
webp,ffct-33349,text,weekday names baked in,how many minutes in a day,,1,3
webp,ffct-33350,text,calendar labels baked in,how many hours in a year,,2,0
webp,ffct-33369,text,planet day label baked in,how long is a year on Venus,,0,3
webp,ffct-33370,text,hour label baked in,how long is a day on Saturn,,1,0
webp,ffct-33377,text,star name baked in,distance to the nearest star (other than the Sun),,2,0
webp,ffct-33382,text,year labels baked in,why looking at distant stars is like seeing the past,,3,0
webp,ffct-33388,text,star type label baked in,what type of star is the Sun,,0,1
webp,ffct-33390,text,minutes label baked in,how long does sunlight take to reach Earth,,0,2
webp,ffct-33409,text,moon names baked in,what are the four Galilean moons,,2,3
webp,ffct-33419,text,spacecraft name baked in,spacecraft that carried Gagarin,,0,3
webp,ffct-33420,text,date label baked in,what year the first man went to space,,1,0
webp,ffct-33426,text,spacecraft name baked in,spacecraft of the first woman in space,,2,2
webp,ffct-33442,text,speech bubble text baked in,Neil Armstrong's famous first words on the Moon,,0,0
webp,ffct-33447,text,moon names baked in,what are the four Galilean moons called,,1,1
webp,ffct-33471,text,star name baked in,one of the biggest known stars,,1,3
webp,ffct-33473,text,distance text baked in,what is a light-year,,2,1
webp,ffct-33474,text,element names baked in,what stars are made of,,2,2
webp,ffct-33498,text,CERES label,when was Ceres discovered,,1,2
webp,ffct-33507,text,number 9 badge,what was Pluto's place before reclassification,,2,0
webp,ffct-33509,text,Troposphere label,what is the lowest layer of the atmosphere,,2,1
webp,ffct-33512,text,O and 46% labels,what is the most abundant element in Earth's crust,,2,2
webp,ffct-33513,text,8% label,most abundant metal in Earth's crust,,2,3
webp,ffct-33514,text,"40,075 label",what is Earth's circumference,,3,0
webp,ffct-33527,text,June 15 1991 label,what date was the climactic Pinatubo eruption,,0,0
webp,ffct-33532,text,book text,how many PAGASA tropical cyclone wind signals,,0,3
webp,ffct-33550,text,wind speed label,wind speed of a tropical depression,,0,3
webp,ffct-33553,text,Warning flag,wind speed of a super typhoon,,1,2
webp,ffct-33558,text,book text,when did Copernicus publish his book,,2,3
webp,ffct-33580,off-topic,shows Kepler not Tycho,whose observations did Kepler use,,2,3
webp,ffct-33581,off-topic,owl not moon buggy,Eduardo San Juan moon buggy claim caution,,3,0
webp,ffct-33583,text,Core label,temperature of the Sun's core,,3,1
webp,ffct-33584,off-topic,octopus not lava,temperature of lava,,3,2
webp,ffct-33590,text,365 label,how many days in a year,,0,3
webp,ffct-33591,text,366 label,how many days in a leap year,,1,0
webp,ffct-33593,text,February 29 label,which day is added in a leap year,,1,2
webp,ffct-33594,text,numbered calendars,how often is a leap year,,1,3
webp,ffct-33595,text,month names,how many months in a year,,2,0
webp,ffct-33596,text,52 weeks label,how many weeks in a year,,2,1
webp,ffct-33597,text,day names,how many days in a week,,2,2
webp,ffct-33598,text,168 label,how many hours in a week,,2,3
webp,ffct-33599,text,January calendar,how many days in January,,3,0
webp,ffct-33600,text,February calendar,how many days in February,,3,1
webp,ffct-33601,text,April calendar,how many days in April,,3,2
webp,ffct-33602,text,December calendar,how many days in December,,3,3
webp,ffct-33611,text,month names,which months have 31 days,,0,0
webp,ffct-33612,text,calendar months,which months have 30 days,,0,1
webp,ffct-33613,text,February 28 label,which month has the fewest days,,0,2
webp,ffct-33614,text,January 1 label,what is the first month of the year,,0,3
webp,ffct-33615,text,December 12 label,what is the last month of the year,,1,0
webp,ffct-33617,text,100 label,how many years in a century,,1,2
webp,ffct-33618,text,1000 label,how many years in a millennium,,1,3
webp,ffct-33620,text,calendar months,how many months in a quarter of a year,,2,0
webp,ffct-33635,text,84 candles,how long is a year on Uranus,,1,1
webp,ffct-33636,text,16 hours label,how long is a day on Neptune,,1,2
webp,ffct-33641,text,117 days label,how long from one sunrise to the next on Venus,,2,1
webp,ffct-33656,text,Venus text label,planet with the longest day,,0,1
webp,ffct-33671,off-topic,octopus not light-year,how big is the Sun (diameter),,2,1
webp,ffct-33672,text,diameter label,how big is the Moon (diameter),,2,2
webp,ffct-33673,text,diameter label,how big is the Earth (diameter),,2,3
webp,ffct-33680,text,dwarf planet labels,how many official dwarf planets,,3,2
webp,ffct-33684,text,planet names,how many planets visible without a telescope,,0,1
webp,ffct-33712,text,1961 label,year the first human went to space,,3,3
webp,ffct-33717,text,Apollo 11 label,name of the first Moon landing mission,,1,0
webp,ffct-33720,text,John Glenn label,first American to orbit the Earth,,1,1
webp,ffct-33721,text,CCCP label,which country sent the first human to space,,1,2
webp,ffct-33746,text,11 label,how far did Apollo 11 travel to the Moon,,0,3
webp,ffct-33758,text,ocean names,how many oceans are on Earth,,3,0
webp,ffct-33763,text,layer labels,which layer of Earth is the thinnest,,0,0
webp,ffct-33766,text,gas labels,what is the most common gas in Earth's atmosphere,,0,2
webp,ffct-33769,off-topic,shows circumference not area,what is the total surface area of Earth,,0,3
webp,ffct-33788,text,88 label,how many official constellations are there,,2,2
webp,ffct-33794,off-topic,Sun-Earth distance not Sirius,how far away is Sirius,,3,3
webp,ffct-33800,text,calendar text baked in,what is a light-year,,1,0
webp,ffct-33815,text,map labels baked in,where storms are called cyclones,,0,0
webp,ffct-33816,text,storm names baked in,typhoon hurricane cyclone are the same storm,,0,1
webp,ffct-33817,text,wind speed text baked in,minimum wind speed to be a typhoon hurricane,,0,2
webp,ffct-33818,text,signal numbers baked in,how many PAGASA storm signal numbers,,0,3
webp,ffct-33819,text,signal number baked in,wind speed for PAGASA Signal No. 5,,1,0
webp,ffct-33820,text,signal number baked in,wind speed for PAGASA Signal No. 1,,1,1
webp,ffct-33821,text,signal number baked in,wind speed for PAGASA Signal No. 3,,1,2
webp,ffct-33823,text,eye label baked in,the calm center eye of a typhoon,,2,0
webp,ffct-33824,text,year 2013 baked in,deadliest typhoon in Philippine history,,2,1
webp,ffct-33825,text,hardness number baked in,hardest natural mineral,,2,2
webp,ffct-33826,text,hardness number baked in,softest mineral,,2,3
webp,ffct-33827,text,hardness numbers baked in,Mohs hardness scale range,,3,0
webp,ffct-33833,text,hardness number baked in,graphite and diamond same element,,3,2
webp,ffct-33838,text,hardness number baked in,corundum hardness second to diamond,,0,3
webp,ffct-33839,text,mineral names baked in,who created the Mohs scale,,1,0
webp,ffct-33850,text,feldspar label baked in,most common mineral group in Earth's crust,,2,2
webp,ffct-33872,text,cagsawa label baked in,what was Mayon's deadliest eruption,,0,0
webp,ffct-33879,text,year 1935 baked in,when was the Richter scale invented,,1,0
webp,ffct-33880,text,step numbers baked in,how much stronger is each step on the Richter scale,,1,1
webp,ffct-33882,text,seismograph label baked in,what instrument measures earthquakes,,1,3
webp,ffct-33894,text,trieste label baked in,first people to reach the deepest ocean,,0,2
webp,ffct-33901,text,hygrometer text baked in,which instrument measures humidity,,1,1
webp,ffct-33905,text,richter scale text baked in,what scale measures earthquake strength,,1,3
webp,ffct-33906,text,beaufort scale text baked in,what scale describes wind strength,,2,0
webp,ffct-33908,text,barometer label baked in,who invented the barometer,,2,2
webp,ffct-33913,text,layer labels baked in,what is the outermost layer of the Earth,,3,1
webp,ffct-33914,text,layer labels baked in,what is the innermost layer of the Earth,,3,2
webp,ffct-33915,text,layer labels baked in,which layer of the Earth is the thickest,,3,3
webp,ffct-33919,text,altitude labels baked in,how high are cirrus clouds,,0,3
webp,ffct-33928,text,altitude label baked in,are cumulus clouds low clouds,,2,1
webp,ffct-33938,text,year 1610 baked in,what year were Jupiter's big moons discovered,,3,3
webp,ffct-33955,text,pluto charon labels baked in,how big is Charon compared to Pluto,,1,0
webp,ffct-33956,text,charon label baked in,what year was Charon discovered,,1,1
webp,ffct-33971,text,cassini label baked in,what year did Cassini reach Saturn,,3,0
webp,ffct-33972,text,juno label baked in,which planet does the Juno probe explore,,3,1
webp,ffct-33973,text,juno label baked in,what year did Juno reach Jupiter,,3,2
webp,ffct-33984,text,june calendar baked in,date of the June solstice,,1,2
webp,ffct-33985,text,december calendar baked in,date of the December solstice,,1,3
webp,ffct-33986,text,march calendar baked in,date of the March equinox,,2,0
webp,ffct-33987,text,september calendar baked in,date of the September equinox,,2,1
webp,ffct-33988,text,month banners baked in,how many solstices per year,,2,2
webp,ffct-33989,text,month banners baked in,how many equinoxes per year,,2,3
webp,ffct-33995,text,tropic label baked in,where the Sun is overhead on the June solstice,,3,3
webp,ffct-33996,text,tropic label baked in,where the Sun is overhead on the December solstice,,0,0
webp,ffct-34004,text,scale name baked in,which earthquake scale scientists use today,,2,0
webp,ffct-34005,text,roman numerals baked in,how many levels are in the PHIVOLCS intensity scale,,2,1
webp,ffct-34007,text,phivolcs year baked in,who made the PHIVOLCS intensity scale and when,,2,3
webp,ffct-34008,text,magnitude labels baked in,difference between earthquake magnitude and intensity,,3,0
webp,ffct-34009,text,category numbers baked in,how many categories in the Saffir-Simpson hurricane scale,,3,1
webp,ffct-34010,text,category label baked in,Category 1 hurricane wind speed,,3,2
webp,ffct-34011,text,category number baked in,Category 5 hurricane wind speed,,3,3
webp,ffct-34012,text,category numbers baked in,which categories count as a major hurricane,,0,0
webp,ffct-34015,text,scale levels baked in,how many levels in the Beaufort wind scale,,0,3
webp,ffct-34018,text,signal numbers baked in,how many tropical cyclone wind signals does PAGASA use,,1,2
webp,ffct-34019,text,signal number baked in,what wind speed is PAGASA Signal No. 5,,1,3
webp,ffct-34020,text,signal number baked in,what wind speed is PAGASA Signal No. 1,,2,0
webp,ffct-34021,text,wind speed text baked in,what wind speed makes a super typhoon in the Philippines,,2,1
webp,ffct-34022,text,wind speed text baked in,what wind speed is a tropical depression in the Philippines,,2,2
webp,ffct-34023,text,wind speed range baked in,what wind speed makes a typhoon in the Philippines,,2,3
webp,ffct-34024,text,magnitude numbers baked in,what kind of numbers magnitude and intensity use,,3,0
webp,ffct-34025,text,roman numeral x baked in,what PHIVOLCS Intensity X means,,3,1
webp,ffct-34044,text,kuroshio label baked in,what is the Kuroshio Current and its direction,,1,0
webp,ffct-34045,text,speed label baked in,how fast is the Kuroshio Current,,1,1
webp,ffct-34046,text,width label baked in,how wide is the Kuroshio Current,,1,2
webp,ffct-34048,text,current labels baked in,what happens when the North Equatorial Current hits the Philippines,,2,0
webp,ffct-34049,text,place labels baked in,what direction the Mindanao Current flows,,2,1
webp,ffct-34050,text,current labels baked in,which Pacific current is like the Atlantic Gulf Stream,,2,2
webp,ffct-34057,text,kuroshio sign baked in,what Kuroshio means,,0,0
webp,ffct-34058,text,calendar phrase baked in,why spring tide is not about the season,,0,1
webp,ffct-34065,text,west east labels baked in,the two segments of the Marikina Valley Fault System,,1,2
webp,ffct-34068,text,place labels baked in,where is the Cotabato Trench,,2,0
webp,ffct-34071,text,emden deep label baked in,deepest point of the Philippine Trench,,2,2
webp,ffct-34072,text,depth text baked in,how deep is the Emden Deep,,2,3
webp,ffct-34073,text,ranking text baked in,global ranking of the Emden Deep,,3,0
webp,ffct-34074,text,ship name year baked in,what ship discovered the Emden Deep,,3,1
webp,ffct-34076,text,trench labels baked in,major Philippine trenches west and east,,3,3
webp,ffct-34103,text,composite volcano label,what is another name for a stratovolcano,,1,1
webp,ffct-34104,text,1991 calendar,what year did Pinatubo erupt,,1,2
webp,ffct-34138,text,orbit text gives answer,is a day on Venus longer than its year,,1,1
webp,ffct-34141,text,-146 baked in,what is the apparent magnitude of Sirius,,1,3
webp,ffct-34152,off-topic,wrong star color,what color is Betelgeuse,,3,0
webp,ffct-34165,off-topic,historical not geologic,the four main geologic time divisions,,1,1
webp,ffct-34177,text,252 million text,when did the Mesozoic era begin,,0,1
webp,ffct-34180,text,300000 years text,how long ago did modern humans appear,,1,0
webp,ffct-34181,text,era periods labels,how geologic eras are divided,,1,1
webp,ffct-34186,text,current time label,which era are we living in now,,2,1
webp,ffct-34197,off-topic,saturn not uranus,what year Uranus was discovered,,2,3
webp,ffct-34200,off-topic,jupiter not neptune,how Neptune was found — predicted by math,,3,0
webp,ffct-34201,off-topic,saturn not neptune,what year Neptune was discovered,,3,1
webp,ffct-34205,text,1610 calendar,what year the Galilean moons were discovered,,0,1
webp,ffct-34208,text,titan 1655 text,what year Titan was discovered,,0,3
webp,ffct-34243,text,4.2 light years text,how far is Proxima Centauri,,3,0
webp,ffct-34247,text,4.6 billion text,how old is the Sun,,3,3
webp,ffct-34249,text,number seven,how many New Seven Wonders of the World,,0,1
webp,ffct-34251,text,07-07-07 date,when were the New Seven Wonders announced,,0,3
webp,ffct-34255,text,ticket number text,how many spectators could the Colosseum hold,,1,3
webp,ffct-34258,text,construction dates,when was the Taj Mahal completed,,2,2
webp,ffct-34265,text,1931 calendar,when was Christ the Redeemer completed,,0,1
webp,ffct-34268,text,numbers scattered,how many steps does El Castillo have,,1,0
webp,ffct-34285,text,2010 banner,when did the Burj Khalifa open,,3,1
webp,ffct-34290,text,1889 banner,when was the Eiffel Tower built,,0,2
webp,ffct-34294,text,from france tag,who gave the Statue of Liberty,,1,2
webp,ffct-34296,text,165 km banner,how long is the longest bridge,,2,0
webp,ffct-34305,text,wind terms list,who devised the Beaufort scale,,0,0
webp,ffct-34312,text,hurricane chart text,who created the Saffir-Simpson scale,,1,3
webp,ffct-34314,text,1935 date,who invented the Richter scale,,2,1
webp,ffct-34321,text,tornado checklist text,what the Fujita scale measures,,0,0
webp,ffct-34325,text,over 200 mph,EF5 tornado wind speed,,1,0
webp,ffct-34372,text,8 seconds baked in,how many seconds for sunlight to reach Earth,,0,0
webp,ffct-34373,text,8 minutes old text,how old is the sunlight we see,,0,1
webp,ffct-34381,text,687 days baked in,how long is a year on Mars,,1,1
webp,ffct-34384,text,day and year labels,is a day on Venus longer than its year,,2,0
webp,ffct-34387,text,29 candles baked in,how long is a year on Jupiter,,2,3
webp,ffct-34388,text,88 candles baked in,how long is a year on Mercury,,3,0
webp,ffct-34389,text,date baked in,how long is a year on Neptune,,3,1
webp,ffct-34392,text,59 minutes baked in,how long is a day on Mercury,,3,2
webp,ffct-34394,text,29 years baked in,how long is a year on Saturn,,3,3
webp,ffct-34395,text,84 years baked in,how long is a year on Uranus,,0,0
webp,ffct-34399,text,243 days baked in,which planet has the longest day,,1,0
webp,ffct-34402,text,Vostok 1 label,what year did the first human go to space,,1,1
webp,ffct-34413,text,12 footprints baked in,how many people have walked on the Moon,,3,2
webp,ffct-34432,text,8 minutes baked in,how long sunlight takes to reach Earth,,2,0
webp,ffct-34446,off-topic,cave family not current epoch,what epoch do we live in now,,1,1
webp,ffct-34475,text,quake date baked in,when the 1990 Luzon earthquake happened,,0,3
webp,ffct-34477,text,eruption date baked in,when Mount Pinatubo erupted,,1,1
webp,ffct-34478,text,VEI number baked in,how big was the 1991 Mount Pinatubo eruption,,1,2
webp,ffct-34484,text,warning sign text,how warnings saved lives in the Pinatubo eruption,,2,3
webp,ffct-34490,text,seconds formula baked in,how many seconds in a day,,0,1
webp,ffct-34491,text,seconds count baked in,how many seconds in a minute,,0,2
webp,ffct-34494,text,minutes count baked in,how many minutes in a day,,1,1
webp,ffct-34495,text,days count baked in,how many days in a year,,1,2
webp,ffct-34496,text,leap year days baked in,how many days in a leap year,,1,3
webp,ffct-34498,text,leap day date baked in,what is the extra leap year day,,2,1
webp,ffct-34499,text,week days baked in,how many days in a week,,2,2
webp,ffct-34500,text,months count baked in,how many months in a year,,2,3
webp,ffct-34502,text,hours count baked in,how many hours in a week,,3,1
webp,ffct-34504,text,ROYGBIV letters baked in,what are the 7 colors of a rainbow,,3,3
webp,ffct-34505,text,seconds count baked in,how many seconds in an hour,,0,0
webp,ffct-34506,text,February date baked in,how many days in february,,0,1
webp,ffct-34519,text,book title baked in,what is Galileo Galilei often called,,3,1
webp,ffct-34569,text,seconds equation baked in,how many seconds are in a day,,3,3
webp,ffct-34571,text,minutes count baked in,how many minutes are in a day,,0,1
webp,ffct-34572,text,Neptune orbit years baked in,how long Neptune takes to orbit the Sun,,0,2
webp,ffct-34573,text,Uranus orbit years baked in,how long Uranus takes to orbit the Sun,,0,3
webp,ffct-34574,text,leap year days baked in,how many days are in a leap year,,1,0
webp,ffct-34583,text,moonlight time baked in,how long moonlight takes to reach Earth,,2,2
webp,ffct-34585,text,light years baked in,how long light from Proxima Centauri takes to reach us,,2,3
webp,ffct-34590,text,Earth age text baked in,how old is Earth,,0,0
webp,ffct-34599,text,February date baked in,how many days are in a leap year,,1,0
webp,ffct-34660,text,ticket text baked in,first space tourist,,1,2
webp,ffct-34689,text,PAGASA label baked in,what agency tracks Philippine weather,,2,1
webp,ffct-34701,text,epicenter label baked in,what is the point above an earthquake called,,0,3
webp,ffct-34711,text,PhilSA text baked in,Philippine space agency and when it was created,,2,1
webp,ffct-34726,off-topic,"eye, no eclipse shown",partial eclipse is most dangerous,,3,3
webp,ffct-34732,text,UV/infrared labels baked in,invisible UV and infrared light from the sun harm the retina,,0,2
webp,ffct-34735,text,TSUNAMI sign text,natural-hazards,,0,3
webp,ffct-34737,text,PILIPINAS sign text,natural hazards,,1,1
webp,ffct-34741,text,limestone label baked in,Limestone Caves,,1,2
webp,ffct-34748,text,stainless steel label text,nickel_deposits,,2,0
webp,ffct-34756,text,soil label text,Soil,,3,1
webp,ffct-34765,text,troposphere label baked in,Atmosphere Thickness,,0,2
webp,ffct-34771,text,star name labels baked in,stars,,1,1
webp,ffct-34772,text,hookworm label text,Soil Health,,1,2
webp,ffct-34803,off-topic,"plant under stars, not stars",stars,,0,3
webp,ffct-34814,text,sunscreen label text,Mineral Sunscreen,,2,2
webp,ffct-34817,text,news text baked in,Weather - Typhoons,,3,0
webp,ffct-34818,text,temperature labels baked in,Earth's Interior,,3,1
webp,ffct-34834,text,tectonic plate labels baked in,earthquakes,,1,3
webp,ffct-34838,text,sunscreen label text,Minerals and Skin Safety,,2,1
webp,ffct-34846,text,city sign text baked in,mountain fog,,3,1
webp,ffct-34847,text,percentage labels baked in,Earth's Water,,3,2
webp,ffct-34850,text,rain shadow labels baked in,Rain Shadow,,0,0
webp,ffct-34853,text,water rationing sign text,Climate Patterns,,0,3
webp,ffct-34859,text,fault system text baked in,Earthquakes,,2,0
webp,ffct-34861,text,hotter/cooler labels,Star colors,,2,2
webp,ffct-34866,text,clothing labels baked in,Cold Weather Safety,,3,0
webp,ffct-34870,text,star names baked in,stars,,0,0
webp,ffct-34878,text,danger sign text,landslide safety,,1,2
webp,ffct-34879,text,equator label baked in,climate,,1,3
webp,ffct-34884,text,air pressure label baked in,air pressure,,2,3
webp,ffct-34900,text,wind labels baked in,Wind Generation,,3,3
webp,ffct-34903,text,speed text baked in,Typhoon Winds,,0,1
webp,ffct-34905,text,Venus facts baked in,Solar System,,0,2
webp,ffct-34907,off-topic,Jupiter instead of Venus,Venus Orbit,,1,0
webp,ffct-34923,off-topic,"penguin, not climate",Climate,,3,3
webp,ffct-34931,off-topic,boiling pot not floodwater,Floodwater Health,,1,0
webp,ffct-34935,off-topic,volcano not rocks/minerals,rocks and minerals,,1,3
webp,ffct-34945,off-topic,"Earth interior, not earthquake",earthquakes,,2,2
webp,ffct-34951,text,gem labels baked in,minerals-definition,,3,2
webp,ffct-34952,off-topic,"sun over ocean, not solar system",Solar System,,3,3
webp,ffct-34954,text,timeline text baked in,Meteorites,,0,0
webp,ffct-34959,off-topic,"Philippines map, not solar system",Solar System,,0,3
webp,ffct-34992,text,shorter day text baked in,Natural Hazards,,0,3
webp,ffct-35011,text,star distance labels baked in,Star Distances,,2,1
webp,ffct-35038,text,names baked in,Typhoon Naming,,1,1
webp,ffct-35044,text,city label baked in,Water Condensation,,2,0
webp,ffct-35048,text,shelter sign text,Lightning Safety,,2,3
webp,ffct-35050,text,labels and percentages,Freshwater Storage,,3,0
webp,ffct-35051,text,tectonic plate labels,natural-hazards-earthquakes,,3,1
webp,ffct-35055,text,banner text,Rocks,,0,0
webp,ffct-35056,text,spacecraft text and flag,Sea of Tranquility,,0,1
webp,ffct-35064,text,layer labels,lithosphere and asthenosphere,,1,2
webp,ffct-35077,text,myth text bubble,Lightning,,3,0
webp,ffct-35091,text,wind labels,weather,,0,3
webp,ffct-35093,text,precipitation text,Climate,,1,1
webp,ffct-35099,text,road sign text,Floodwater Health,,2,2
webp,ffct-35121,text,gold label,Mineral Density,,1,1
webp,ffct-35135,text,humus label,topsoil composition,,3,2
webp,ffct-35151,text,diagram labels,evidence for seafloor spreading,,1,1
webp,ffct-35171,text,season labels,Climate Types,,0,0
webp,ffct-35172,text,copper mine sign,Lepanto Mine,,0,1
webp,ffct-35173,text,ocean names,Earth's Water,,0,2
webp,ffct-35179,off-topic,otter not soil,soil,,1,1
webp,ffct-35184,text,lake name,Laguna de Bay,,2,0
webp,ffct-35195,text,typhoon name label,Typhoons,,3,2
webp,ffct-35213,text,tectonic plate labels,Earthquakes,,2,1
webp,ffct-35216,off-topic,weights not stars,Stars,,3,0
webp,ffct-35225,text,dam name,Climate,,0,1
webp,ffct-35229,off-topic,platypus not soil,Soil,,1,0
webp,ffct-35236,text,force labels,forces that move plates,,1,3
webp,ffct-35239,text,plate and plume labels,hotspot volcanoes,,2,1
webp,ffct-35249,text,fault names,Valley Fault System,,3,0
webp,ffct-35252,text,sea and bay labels,Agusan River,,3,1
webp,ffct-35260,text,motion labels,Planetary Orbit,,0,1
webp,ffct-35266,text,time and speed text,Starlight Travel,,0,3
webp,ffct-35282,text,eclipse glasses label,Stars,,3,0
webp,ffct-35286,text,constellation name,Stars,,3,2
webp,ffct-35295,text,seismograph label,Earthquake Record,,0,2
webp,ffct-35305,off-topic,tropical scene,Solar System,,2,0
webp,ffct-35312,text,fluorite label,Mineral Health,,2,1
webp,ffct-35313,text,flag text labels,Typhoon Signals,,2,2
webp,ffct-35325,text,continent labels,plate tectonics over geologic time,,0,0
webp,ffct-35326,text,billion years text,age of the Earth,,0,1
webp,ffct-35327,text,time scale labels,geologic time scale,,0,2
webp,ffct-35328,text,youngest oldest labels,relative dating and superposition,,0,3
webp,ffct-35330,text,half-life label,absolute dating by radioactive decay,,1,0
webp,ffct-35351,text,seismograph label,Earthquake Energy,,1,0
webp,ffct-35353,text,city names,Earthquakes,,1,2
webp,ffct-35408,text,star number 48 baked in,North Star,,1,2
webp,ffct-35412,text,"50,000 years caption",carbon-14 dating of once-living things,,2,1
webp,ffct-35422,off-topic,religious shrine not rocks,Rocks,,0,0
webp,ffct-35433,off-topic,planet not star,Stars,,2,0
webp,ffct-35489,text,4.03 billion caption,Rock Age,,3,2
webp,ffct-35504,text,title banner baked in,uniformitarianism (the present is the key to the past),,2,1
webp,ffct-35532,off-topic,turtle not moon,The Moon,,2,2
webp,ffct-35536,scary,mummy tomb frightening,Rocks & Culture,,3,1
webp,ffct-35542,off-topic,hydrothermal vents,Typhoon formation,,3,3
webp,ffct-35579,off-topic,turtle not soil,Soil,,0,0
webp,ffct-35599,off-topic,map not solar system,Solar System,,3,0
webp,ffct-35601,off-topic,crop drying not solar system,Solar System and Practice,,3,2
webp,ffct-35611,off-topic,grain sifting not rocks,Rocks and Minerals,,0,0
webp,ffct-35613,text,baked-in nameplate,Meteorological Tools,,0,1
webp,ffct-35639,text,Tacloban place name,Climate Types,,0,3
webp,ffct-35671,off-topic,coral not moon,the-moon,,0,1
webp,ffct-35685,off-topic,solar panels not solar system,Solar System,,3,0
webp,ffct-35689,text,name text on shirt,Weather,,0,0
webp,ffct-35698,text,plate labels baked in,Mountains,,1,2
webp,ffct-35703,text,age text baked in,Earth Age,,1,3
webp,ffct-35704,text,place and monsoon labels,Climate,,2,0
webp,ffct-35716,text,rotation label baked in,Siargao Sunrise,,2,3
webp,ffct-35729,text,H/He symbols and title,Sun Composition,,1,0
webp,ffct-35735,text,eye labels and glasses text,Sunlight and Retina,,1,3
webp,ffct-35751,text,soil pH kit labels,Soil Nutrition,,0,0
webp,ffct-35753,text,soap label,Pumice,,0,1
webp,ffct-35758,text,calendar number,why we have leap years,,0,3
webp,ffct-35763,text,layer labels,lithosphere vs asthenosphere by behavior not composition,,1,2
webp,ffct-35765,text,wave labels,P-waves and S-waves,,1,3
webp,ffct-35766,text,wave and core labels,S-waves cannot pass the liquid outer core,,2,0
webp,ffct-35768,text,layer labels,waves refract and reflect at layer boundaries,,2,1
webp,ffct-35769,text,crust/mantle/Moho labels,Mohorovicic discontinuity (the Moho),,2,2
webp,ffct-35776,text,map labels,Typhoon Pathway,,3,2
webp,ffct-35782,text,chemical symbols,Minerals,,0,1
webp,ffct-35795,text,Benguet map labels,Rocks and Minerals,,2,0
webp,ffct-35810,text,epicenter/focus labels,Earthquake Origin,,3,1
webp,ffct-35812,text,danger sign text,Landslide Evacuation,,3,3
webp,ffct-35813,text,air pressure label,ears-and-weather,,0,0
webp,ffct-35831,text,ocean label,typhoons,,2,2
webp,ffct-35840,text,hygrometer readout text,hygrometer,,3,1
webp,ffct-35845,text,warning sign text,Floods and stomach,,0,0
webp,ffct-35853,text,layer labels,density increases toward the core,,0,3
webp,ffct-35884,text,salt farm sign,Minerals,,0,0
webp,ffct-35896,text,Fe/Hemoglobin labels,Soil Iron and Blood,,2,1
webp,ffct-35902,text,Ni and battery labels,Palawan Nickel Laterite,,3,0
webp,ffct-35905,text,Feldspar label,Crust Mineral Abundance,,3,1
webp,ffct-35906,text,magnitude labels,Earthquake Energy,,3,2
webp,ffct-35912,text,signal number sign,Typhoon Signals,,0,0
webp,ffct-35918,text,well sign and labels,Groundwater,,0,3
webp,ffct-35921,text,sand/silt/clay labels,soil sieve,,1,1
webp,ffct-35923,text,wave labels,Earthquake Waves,,1,2
webp,ffct-35924,text,front labels,Weather: Occluded Front,,1,3
webp,ffct-35933,text,sunscreen label,UV and Epidermis,,2,3
webp,ffct-35935,text,radio text,Typhoon Preparedness,,3,0
webp,ffct-35936,text,place name labels,Weather,,3,1
webp,ffct-35939,text,pole labels,magnetic poles slowly move and can reverse,,3,2
webp,ffct-35948,text,front labels,Weather - Occluded Front,,1,0
webp,ffct-35953,text,signal number sign,Typhoons,,1,2
webp,ffct-35957,text,core labels,Earth's Core,,2,1
webp,ffct-35963,text,Masinloc sign,Minerals,,3,2
webp,ffct-35964,off-topic,crescent not gibbous,Lunar Waxing Gibbous,,3,3
webp,ffct-35967,text,altitude and city labels,Baguio City,,0,1
webp,ffct-35969,text,wind name labels,Weather,,0,3
webp,ffct-35976,off-topic,no teeth shown,teeth-and-minerals,,1,2
webp,ffct-35977,off-topic,adobo pot not rocks,rocks and minerals,,1,3
webp,ffct-35983,text,rock sign text,Rock Ages,,2,1
webp,ffct-35990,off-topic,handwashing not eyes,Typhoons and Eyes,,3,0
webp,ffct-35991,off-topic,drying seeds not weather,Weather,,3,1
webp,ffct-36000,text,Pinatubo label,Soil,,1,0
webp,ffct-36001,text,tide labels,Lunar Tides,,1,1
webp,ffct-36016,off-topic,crab not tides,Lunar Tides,,3,3
webp,ffct-36020,text,name plaque text,Rizal monument rocks,,0,0
webp,ffct-36023,text,festival sign text,Pahiyas climate,,0,2
webp,ffct-36024,off-topic,turtle not stars,stars,,0,3
webp,ffct-36026,text,aqueduct labels,Rizal and Water,,1,1
webp,ffct-36031,text,planet labels,Eris and the reclassification of Pluto,,1,3
webp,ffct-36043,text,place name labels,Weather,,3,1
webp,ffct-36048,off-topic,firefly not stars,Stars,,3,3
webp,ffct-36054,off-topic,"Philippines map, not Solar System",Solar System,,0,1
webp,ffct-36055,text,MINERALS label baked in,Mineral-Foraging Pigs,,0,2
webp,ffct-36078,text,device labels baked in,Hair Hygrometer,,3,1
webp,ffct-36079,text,ruler unit text baked in,severe weather,,3,2
webp,ffct-36082,text,mineral name and formula baked in,Minerals and Blood,,0,0
webp,ffct-36085,text,foreign text baked in,Climate,,0,2
webp,ffct-36094,text,soil type labels baked in,Soil Sieve,,2,0
webp,ffct-36102,off-topic,solar panels not Solar System,Solar System,,2,3
webp,ffct-36126,off-topic,"cooked food, not rocks/minerals",Rocks and Minerals,,1,1
webp,ffct-36130,text,process labels baked in,Reverse osmosis membrane,,2,0
webp,ffct-36149,text,mine label baked in,minerals,,3,3
webp,ffct-36153,off-topic,bat dropping seeds,Volcanic Eruptions,,0,1
webp,ffct-36155,text,kit labels baked in,Mohs Hardness Kit,,0,2
webp,ffct-36163,text,planet name labels baked in,Neptune Light Travel,,2,0
webp,ffct-36168,text,label baked in,Natural Hazards: Cyclone Formation,,2,3
webp,ffct-36185,text,warning sign text baked in,floodwater hazards,,1,0
webp,ffct-36186,text,continent labels baked in,Climate El Nino,,1,1
webp,ffct-36199,text,label baked in,gravity and Newton explain why planets orbit,,3,2
webp,ffct-36215,text,place names baked in,Weather,,0,2
webp,ffct-36226,text,device label baked in,Tiltmeter,,2,0
webp,ffct-36231,text,metal labels baked in,Jose Rizal,,2,3
webp,ffct-36232,off-topic,planting calendar not solar system,the solar system,,3,0
webp,ffct-36233,text,book titles baked in,Minerals,,3,1
webp,ffct-36244,off-topic,"whale shark, not currents",Ocean Currents,,0,2
webp,ffct-36249,text,HUMUS label baked in,Soil,,1,0
webp,ffct-36262,text,star wheel labels baked in,Planisphere,,3,2
webp,ffct-36273,text,place names baked in,Weather,,0,3
webp,ffct-36274,text,kit labels baked in,Mohs hardness kit,,1,0
webp,ffct-36290,text,stage labels baked in,a star's fate depends on its mass,,3,3
webp,ffct-36300,text,process labels baked in,Lithification,,0,2
webp,ffct-36302,text,label baked in,Dietary Minerals,,1,0
webp,ffct-36306,text,soil labels baked in,Laterite Soil,,1,2
webp,ffct-36321,off-topic,"dragon myth, not eclipse",Lunar Eclipses,,0,1
webp,ffct-36325,text,size label baked in,Stars,,1,1
webp,ffct-36326,off-topic,"child only, no sun position",Solar Position,,1,2
webp,ffct-36327,off-topic,Philippines map not solar system,The Solar System,,1,3
webp,ffct-36330,text,place text baked in,Monsoon Winds,,2,2
webp,ffct-36333,text,label baked in,Calcium and Bones,,2,3
webp,ffct-36345,off-topic,underwater plants not Solar System,Solar System,,0,3
webp,ffct-36349,text,label baked in,Dietary Minerals,,1,2
webp,ffct-36360,text,stage labels baked in,the Sun's future as a white dwarf,,2,3
webp,ffct-36366,text,temperature labels baked in,star color shows its temperature,,3,2
webp,ffct-36367,text,banner text baked in,the size of the Milky Way in light-years,,3,3
webp,ffct-36381,off-topic,rocket not cosmic distance scale,the vast scale of cosmic distances,,3,1
webp,ffct-36382,text,current labels baked in,El Nino Southern Oscillation ENSO definition,,3,2
webp,ffct-36383,text,wind labels baked in,El Nino warming mechanism Pacific,,3,3
