book_id,title,variety_label,subject_label,level_label,grade_candidates,grade_review_needed,scope,discovery_url,mirror_edition_label,mirror_year_not_verified,download_page,resource_id,download_status,pdf_path,text_path,text_status,pdf_pages,bytes,raw_whitespace_words_all_languages,sha256,exact_duplicate_of,reuse_status,training_approved
book-ab457f29410e,Guia para el docente quechua cusco collao 2019 (Mis lecturas favoritas en quechua cusco collao) (MINEDU) PDF,collao,teacher_guide,unspecified,,False,candidate,https://peru.librosminedu.com/guia-para-el-docente-quechua-cusco-collao-mis-lecturas-favoritas-en/,"Edición 2019EIB - UMC Evaluaciones · 12 páginas · 4,9 MB",2019,https://peru.librosminedu.com/pdf-guia-para-el-docente-quechua-cusco-collao-mis-lecturas-favoritas-en/,1nQvbr_m4Ctech_6p4a7XIZWdBH9w7XOM,downloaded,finetuning/reference-materials/peru-quechua/pdf/1nQvbr_m4Ctech_6p4a7XIZWdBH9w7XOM.pdf,finetuning/reference-materials/peru-quechua/text/1nQvbr_m4Ctech_6p4a7XIZWdBH9w7XOM.txt,extracted_unreviewed,12,5093130,2843,1b686db8cd2e2837edb59a2deef15d55db35ec15fe6e6de5f92f01f6d7a4be40,,not_cleared_review_required,False
book-0ea56e8bf68f,Guia para el docente quechua chanka 2019 (Mis lecturas favoritas en quechua chanka) (MINEDU) PDF,chanka,teacher_guide,unspecified,,False,candidate,https://peru.librosminedu.com/guia-para-el-docente-quechua-chanka-mis-lecturas-favoritas-en-quechua/,"Edición 2019EIB - UMC Evaluaciones · 12 páginas · 4,9 MB",2019,https://peru.librosminedu.com/pdf-guia-para-el-docente-quechua-chanka-mis-lecturas-favoritas-en-quechua/,1r44hsebajPWk3oNMzFQmU9WLabswRbuB,downloaded,finetuning/reference-materials/peru-quechua/pdf/1r44hsebajPWk3oNMzFQmU9WLabswRbuB.pdf,finetuning/reference-materials/peru-quechua/text/1r44hsebajPWk3oNMzFQmU9WLabswRbuB.txt,extracted_unreviewed,12,5119337,2834,090d3e43cc32a28ab12aee1a20c0e93a651b63a70668490bb8cf9ac6a4233862,,not_cleared_review_required,False
book-85e6f207df67,Guía de análisis (Quechua Cusco Collao) (Evaluación Censal de Estudiantes 2007 (ECE 2007)) (MINEDU) PDF,collao,assessment_related,unspecified,,False,candidate,https://peru.librosminedu.com/guia-de-analisis-quechua-cusco-collao-evaluacion-censal-de/,"Edición 2007EIB - UMC Evaluaciones · 44 páginas · 3,2 MB",2007,https://peru.librosminedu.com/pdf-guia-de-analisis-quechua-cusco-collao-evaluacion-censal-de/,1BOh8rj7zr_WI7T48ZKAgUaKvfElfpd5A,downloaded,finetuning/reference-materials/peru-quechua/pdf/1BOh8rj7zr_WI7T48ZKAgUaKvfElfpd5A.pdf,finetuning/reference-materials/peru-quechua/text/1BOh8rj7zr_WI7T48ZKAgUaKvfElfpd5A.txt,extracted_unreviewed,44,3377547,17955,cc26613516fc7eb46312d9a94766de7e0b5fbc3433c76c72ae2d7ce1b51f088a,,not_cleared_review_required,False
book-0761746dda3a,Guía para el docente - Quechua Chanka (Resultados de la Evaluación Censal de Estudiantes 2015) (MINEDU) PDF,chanka,assessment_related,unspecified,,False,candidate,https://peru.librosminedu.com/guia-para-el-docente-quechua-chanka-resultados-de-la-evaluacion/,"Edición 2015EIB - UMC Evaluaciones · 28 páginas · 2,1 MB",2015,https://peru.librosminedu.com/pdf-guia-para-el-docente-quechua-chanka-resultados-de-la-evaluacion/,1GxvtcCMD1Xs_ywIHq0UPSfv2ynlYlREU,downloaded,finetuning/reference-materials/peru-quechua/pdf/1GxvtcCMD1Xs_ywIHq0UPSfv2ynlYlREU.pdf,finetuning/reference-materials/peru-quechua/text/1GxvtcCMD1Xs_ywIHq0UPSfv2ynlYlREU.txt,extracted_unreviewed,28,2212093,5484,91d43ecec21c167434749565853bb5850538be2f7d1b7059de14e9d2c6cbb9cc,,not_cleared_review_required,False
book-0761746dda3a,Guía para el docente - Quechua Chanka (Resultados de la Evaluación Censal de Estudiantes 2015) (MINEDU) PDF,chanka,assessment_related,unspecified,,False,candidate,https://peru.librosminedu.com/guia-para-el-docente-quechua-chanka-resultados-de-la-evaluacion/,"Guías para el docente - Quechua Chanka (Resultados de la Evaluación Censal de Estudiantes…EIB - UMC Evaluaciones · 28 páginas · 4,4 MB",,https://peru.librosminedu.com/pdf-guias-para-el-docente-quechua-chanka-resultados-de-la-evaluacion/,1WgQbMJ11LtYGu-XN4RTqTwYOZztTheTH,downloaded,finetuning/reference-materials/peru-quechua/pdf/1WgQbMJ11LtYGu-XN4RTqTwYOZztTheTH.pdf,finetuning/reference-materials/peru-quechua/text/1WgQbMJ11LtYGu-XN4RTqTwYOZztTheTH.txt,extracted_unreviewed,28,4572975,5461,534ed501449b51f2adb25d57065615b91acc2dfe78db3af5504852b3c42dc7ca,,not_cleared_review_required,False
book-0b4a66b4e2f7,Guía para el docente - Quechua Cusco-Collao (Resultados de la Evaluación Censal de Estudiantes 2015) (MINEDU) PDF,collao,assessment_related,unspecified,,False,candidate,https://peru.librosminedu.com/guia-para-el-docente-quechua-cusco-collao-resultados-de-la-evaluacion/,"Edición 2015EIB - UMC Evaluaciones · 28 páginas · 2,1 MB",2015,https://peru.librosminedu.com/pdf-guia-para-el-docente-quechua-cusco-collao-resultados-de-la-evaluacion/,1J-EIi4Sb8_-dXeD5sDZIHs7t25GLK7jj,downloaded,finetuning/reference-materials/peru-quechua/pdf/1J-EIi4Sb8_-dXeD5sDZIHs7t25GLK7jj.pdf,finetuning/reference-materials/peru-quechua/text/1J-EIi4Sb8_-dXeD5sDZIHs7t25GLK7jj.txt,extracted_unreviewed,28,2189158,5419,aaa7e706672d884367cf87c9bdea9018635f0ab1a8a09fa6b4cce218a4c345ee,,not_cleared_review_required,False
book-0b4a66b4e2f7,Guía para el docente - Quechua Cusco-Collao (Resultados de la Evaluación Censal de Estudiantes 2015) (MINEDU) PDF,collao,assessment_related,unspecified,,False,candidate,https://peru.librosminedu.com/guia-para-el-docente-quechua-cusco-collao-resultados-de-la-evaluacion/,"Guías para el docente - Quechua Cusco-Collao (Resultados de la Evaluación Censal de…EIB - UMC Evaluaciones · 28 páginas · 4,2 MB",,https://peru.librosminedu.com/pdf-guias-para-el-docente-quechua-cusco-collao-resultados-de-la/,1m6mX1SsExH1G4phe3DtfTHt7J7VUOYxe,downloaded,finetuning/reference-materials/peru-quechua/pdf/1m6mX1SsExH1G4phe3DtfTHt7J7VUOYxe.pdf,finetuning/reference-materials/peru-quechua/text/1m6mX1SsExH1G4phe3DtfTHt7J7VUOYxe.txt,extracted_unreviewed,28,4438171,5396,415a104249dda69d1f12a9fcce6c04232a982b693125318326171efab48ee5d5,,not_cleared_review_required,False
book-37080ad7c450,Biblioteca Quechua Sureño - vocabulario pedinaria qechua sureño (MINEDU) PDF,southern_unsplit,glossary_dictionary,unspecified,,False,candidate,https://peru.librosminedu.com/biblioteca-quechua-sureno-vocabulario-pedinaria-qechua-sureno/,"Edición 2023EIB - Quechua · 164 páginas · 9,5 MB",2023,https://peru.librosminedu.com/pdf-biblioteca-quechua-sureno-vocabulario-pedinaria-qechua-sureno/,1Pt6hh15fNEmmzfTHft6xfpI5T4D91Xpz,downloaded,finetuning/reference-materials/peru-quechua/pdf/1Pt6hh15fNEmmzfTHft6xfpI5T4D91Xpz.pdf,finetuning/reference-materials/peru-quechua/text/1Pt6hh15fNEmmzfTHft6xfpI5T4D91Xpz.txt,extracted_unreviewed,164,9961202,29187,93decf8e34edadc72e9194f5932ff7340b54441900e0e59142ef015eb4127754,,explicit_restriction_detected_review_required,False
book-5bb158a05abb,Biblioteca Quechua Norteño - historia relatos quechua norte (MINEDU) PDF,norteno_unspecified,literature_readers,unspecified,,False,candidate,https://peru.librosminedu.com/biblioteca-quechua-norteno-historia-relatos-quechua-norte/,"Edición 2023EIB - Quechua · 44 páginas · 17,0 MB",2023,https://peru.librosminedu.com/pdf-biblioteca-quechua-norteno-historia-relatos-quechua-norte/,1Jjw8XDm64PKYdHQSUNV-yqqqkQxr9yVC,downloaded,finetuning/reference-materials/peru-quechua/pdf/1Jjw8XDm64PKYdHQSUNV-yqqqkQxr9yVC.pdf,finetuning/reference-materials/peru-quechua/text/1Jjw8XDm64PKYdHQSUNV-yqqqkQxr9yVC.txt,extracted_review_required,44,17813112,878,9d2bd574157fc5d7a5b14ea767edf6d757685aa230b6118f1f20c8c4be497cfb,,explicit_restriction_detected_review_required,False
book-7455f37f2da8,Biblioteca Quechua Sureño - manual escritura quechua sur comprimido (MINEDU) PDF,southern_unsplit,orthography,unspecified,,False,candidate,https://peru.librosminedu.com/biblioteca-quechua-sureno-manual-escritura-quechua-sur-comprimido/,"Edición 2023EIB - Quechua · 164 páginas · 14,0 MB",2023,https://peru.librosminedu.com/pdf-biblioteca-quechua-sureno-manual-escritura-quechua-sur-comprimido/,1PxLKv553wdKE00ASBvjGHBpbkt1ShxVA,downloaded,finetuning/reference-materials/peru-quechua/pdf/1PxLKv553wdKE00ASBvjGHBpbkt1ShxVA.pdf,finetuning/reference-materials/peru-quechua/text/1PxLKv553wdKE00ASBvjGHBpbkt1ShxVA.txt,extracted_unreviewed,164,14658857,35459,4b6a200e083a4c18ec70a1b54743a545cb9a17e0108e258bff8d52f812a5dc5b,,explicit_restriction_detected_review_required,False
book-aba15c0ed341,Biblioteca Quechua Collao - literatura quechua collao (MINEDU) PDF,collao,literature_readers,unspecified,,False,candidate,https://peru.librosminedu.com/biblioteca-quechua-collao-literatura-quechua-collao/,"Edición 2023EIB - Quechua · 162 páginas · 11,9 MB",2023,https://peru.librosminedu.com/pdf-biblioteca-quechua-collao-literatura-quechua-collao/,1z_uuH0r_BkNe4zZXhmsshvZlDgSnVSCX,downloaded,finetuning/reference-materials/peru-quechua/pdf/1z_uuH0r_BkNe4zZXhmsshvZlDgSnVSCX.pdf,finetuning/reference-materials/peru-quechua/text/1z_uuH0r_BkNe4zZXhmsshvZlDgSnVSCX.txt,extracted_unreviewed,162,12462149,27175,276c701a772f1b390907fb05afd9cfbc3e8582f0d859cddf2c2fbd33436c34b7,,not_cleared_review_required,False
book-abd98061bd99,Biblioteca Quechua Collao - saberes pueblos quechua collao (MINEDU) PDF,collao,community_knowledge,unspecified,,False,candidate,https://peru.librosminedu.com/biblioteca-quechua-collao-saberes-pueblos-quechua-collao/,"Edición 2023EIB - Quechua · 161 páginas · 14,0 MB",2023,https://peru.librosminedu.com/pdf-biblioteca-quechua-collao-saberes-pueblos-quechua-collao/,1S3-AWhSyLFuL4FcjtsQ5GlWUtTqlp4zq,downloaded,finetuning/reference-materials/peru-quechua/pdf/1S3-AWhSyLFuL4FcjtsQ5GlWUtTqlp4zq.pdf,finetuning/reference-materials/peru-quechua/text/1S3-AWhSyLFuL4FcjtsQ5GlWUtTqlp4zq.txt,extracted_unreviewed,161,14665129,12450,324eb195d49de1ba0eabbd2a89e288d4b963f411eae59385e681e42e7d47d496,,not_cleared_review_required,False
book-479bbdd63625,Biblioteca Quechua Norteño - cancionero quechua norte (MINEDU) PDF,norteno_unspecified,literature_readers,unspecified,,False,candidate,https://peru.librosminedu.com/biblioteca-quechua-norteno-cancionero-quechua-norte/,"Edición 2023EIB - Quechua · 36 páginas · 7,2 MB",2023,https://peru.librosminedu.com/pdf-biblioteca-quechua-norteno-cancionero-quechua-norte/,12W_co-p-Wmi2xH94giFEx7El_A9OdRc8,downloaded,finetuning/reference-materials/peru-quechua/pdf/12W_co-p-Wmi2xH94giFEx7El_A9OdRc8.pdf,finetuning/reference-materials/peru-quechua/text/12W_co-p-Wmi2xH94giFEx7El_A9OdRc8.txt,extracted_unreviewed,36,7516968,791,b80a6b9047e8abfc54014b444f7f8aaadbf61835bb9e9358901523963a4ea9e3,,explicit_restriction_detected_review_required,False
book-a7be7cb8957f,Biblioteca Quechua Wanka - diccionario visual quechua wanka comprimido (MINEDU) PDF,wanka,glossary_dictionary,unspecified,,False,candidate,https://peru.librosminedu.com/biblioteca-quechua-wanka-diccionario-visual-quechua-wanka-comprimido/,"Edición 2023EIB - Quechua · 120 páginas · 13,4 MB",2023,https://peru.librosminedu.com/pdf-biblioteca-quechua-wanka-diccionario-visual-quechua-wanka-comprimido/,1u97kbfBj9d8_dJAx2pLx3o_o8qIXoTvk,downloaded,finetuning/reference-materials/peru-quechua/pdf/1u97kbfBj9d8_dJAx2pLx3o_o8qIXoTvk.pdf,finetuning/reference-materials/peru-quechua/text/1u97kbfBj9d8_dJAx2pLx3o_o8qIXoTvk.txt,extracted_unreviewed,120,14016215,2724,a6749a4083c874d1c9de6027cd12ab156e7937fa41d5866e371a8112f1c4ae79,,explicit_restriction_detected_review_required,False
book-ce4a2fb6dc5c,Biblioteca Quechua Norteño - Cartillas de Animales Quechua Norteño (MINEDU) PDF,norteno_unspecified,literature_readers,unspecified,,False,candidate,https://peru.librosminedu.com/biblioteca-quechua-norteno-cartillas-de-animales-quechua-norteno/,"Edición 2023EIB - Quechua · 50 páginas · 3,2 MB",2023,https://peru.librosminedu.com/pdf-biblioteca-quechua-norteno-cartillas-de-animales-quechua-norteno/,1ftOlgDXy8Tvld86h2eoOafbaCVIs_wkG,downloaded,finetuning/reference-materials/peru-quechua/pdf/1ftOlgDXy8Tvld86h2eoOafbaCVIs_wkG.pdf,finetuning/reference-materials/peru-quechua/text/1ftOlgDXy8Tvld86h2eoOafbaCVIs_wkG.txt,extracted_unreviewed,50,3361387,2605,6e1d59cb15b43c052e40b9400787741e8f562bed3a4e4ef26e5a0b0f1dd0b5f7,,explicit_restriction_detected_review_required,False
book-712977f3816f,Biblioteca Quechua Central - saberes pueblos quechua central (MINEDU) PDF,central_unspecified,community_knowledge,unspecified,,False,candidate,https://peru.librosminedu.com/biblioteca-quechua-central-saberes-pueblos-quechua-central/,"Edición 2023EIB - Quechua · 162 páginas · 14,2 MB",2023,https://peru.librosminedu.com/pdf-biblioteca-quechua-central-saberes-pueblos-quechua-central/,11ghuMOdKxDK4XKeDhydBLk4Dti8kHHcw,downloaded,finetuning/reference-materials/peru-quechua/pdf/11ghuMOdKxDK4XKeDhydBLk4Dti8kHHcw.pdf,finetuning/reference-materials/peru-quechua/text/11ghuMOdKxDK4XKeDhydBLk4Dti8kHHcw.txt,extracted_unreviewed,162,14870372,16868,ae7ca9156464f3abfff2cd2c4cbc49246a28cfd0f035ec3511a27cc19ba64ffa,,not_cleared_review_required,False
book-948b76e58f4e,Biblioteca Quechua Wanka - cancionero wanka comprimido (MINEDU) PDF,wanka,literature_readers,unspecified,,False,candidate,https://peru.librosminedu.com/biblioteca-quechua-wanka-cancionero-wanka-comprimido/,"Edición 2023EIB - Quechua · 58 páginas · 6,2 MB",2023,https://peru.librosminedu.com/pdf-biblioteca-quechua-wanka-cancionero-wanka-comprimido/,1Mz6LvFnd9_MurG64zkvtOjT25AK___As,downloaded,finetuning/reference-materials/peru-quechua/pdf/1Mz6LvFnd9_MurG64zkvtOjT25AK___As.pdf,finetuning/reference-materials/peru-quechua/text/1Mz6LvFnd9_MurG64zkvtOjT25AK___As.txt,extracted_unreviewed,58,6544480,2900,c136854928b9ecea7f9b6657546bd78a48132829be178b9cf20d9a762f3764f6,,explicit_restriction_detected_review_required,False
book-b2fa14c83ae3,Biblioteca Quechua Central - literaratura quechua central (MINEDU) PDF,central_unspecified,literature_readers,unspecified,,False,candidate,https://peru.librosminedu.com/biblioteca-quechua-central-literaratura-quechua-central/,"Edición 2023EIB - Quechua · 164 páginas · 9,3 MB",2023,https://peru.librosminedu.com/pdf-biblioteca-quechua-central-literaratura-quechua-central/,1XTqe_hakRx5SLuV0GY3V5d_r4HaM06Da,downloaded,finetuning/reference-materials/peru-quechua/pdf/1XTqe_hakRx5SLuV0GY3V5d_r4HaM06Da.pdf,finetuning/reference-materials/peru-quechua/text/1XTqe_hakRx5SLuV0GY3V5d_r4HaM06Da.txt,extracted_unreviewed,164,9758206,30163,56a41dc8a9b3576eb1986a8c60c0382f5d690af60288b14a5121a3d7dabaeaab,,not_cleared_review_required,False
book-1dac7787b3e2,Biblioteca Quechua Central - cancionero quechua central (MINEDU) PDF,central_unspecified,literature_readers,unspecified,,False,candidate,https://peru.librosminedu.com/biblioteca-quechua-central-cancionero-quechua-central/,"Edición 2023EIB - Quechua · 36 páginas · 7,0 MB",2023,https://peru.librosminedu.com/pdf-biblioteca-quechua-central-cancionero-quechua-central/,1YZLB3iJiAnxX0H2TVumi9FONey8DT-0a,downloaded,finetuning/reference-materials/peru-quechua/pdf/1YZLB3iJiAnxX0H2TVumi9FONey8DT-0a.pdf,finetuning/reference-materials/peru-quechua/text/1YZLB3iJiAnxX0H2TVumi9FONey8DT-0a.txt,extracted_unreviewed,36,7395816,1023,3f50d39820000c56f2fa2ec29a754b43e2ae79a83b0cdc0deb296df5e1e844b5,,not_cleared_review_required,False
book-8e2c65a3752a,Biblioteca Quechua Central - vocabulario pedagogico quechua central (MINEDU) PDF,central_unspecified,glossary_dictionary,unspecified,,False,candidate,https://peru.librosminedu.com/biblioteca-quechua-central-vocabulario-pedagogico-quechua-central/,"Edición 2023EIB - Quechua · 164 páginas · 5,8 MB",2023,https://peru.librosminedu.com/pdf-biblioteca-quechua-central-vocabulario-pedagogico-quechua-central/,1_s4sM7FBrEN6I95MvFjUjxudSloPStH2,downloaded,finetuning/reference-materials/peru-quechua/pdf/1_s4sM7FBrEN6I95MvFjUjxudSloPStH2.pdf,finetuning/reference-materials/peru-quechua/text/1_s4sM7FBrEN6I95MvFjUjxudSloPStH2.txt,extracted_unreviewed,164,6030859,24591,ef3412217f5b1325c7a28e8f88ae6561c1fb2ed34f4c014c8178f949e580a697,,explicit_restriction_detected_review_required,False
book-f8afb601c724,Biblioteca Quechua Central - historia relatos quechua central (MINEDU) PDF,central_unspecified,literature_readers,unspecified,,False,candidate,https://peru.librosminedu.com/biblioteca-quechua-central-historia-relatos-quechua-central/,"Edición 2023EIB - Quechua · 44 páginas · 11,5 MB",2023,https://peru.librosminedu.com/pdf-biblioteca-quechua-central-historia-relatos-quechua-central/,1A7bs66ZkCPFmf--Mc_3LcXrxcr7IsJMi,downloaded,finetuning/reference-materials/peru-quechua/pdf/1A7bs66ZkCPFmf--Mc_3LcXrxcr7IsJMi.pdf,finetuning/reference-materials/peru-quechua/text/1A7bs66ZkCPFmf--Mc_3LcXrxcr7IsJMi.txt,extracted_unreviewed,44,12089281,1529,e34a9b3e07d1f8e79eab134b90f94f8b258fbbcc40a2b2b291e4bdbb60ccb694,,not_cleared_review_required,False
book-30077dcb2fee,Biblioteca Quechua Central - manual escritura lengua quechua central comprimido (MINEDU) PDF,central_unspecified,orthography,unspecified,,False,candidate,https://peru.librosminedu.com/biblioteca-quechua-central-manual-escritura-lengua-quechua-central/,"Edición 2023EIB - Quechua · 162 páginas · 15,7 MB",2023,https://peru.librosminedu.com/pdf-biblioteca-quechua-central-manual-escritura-lengua-quechua-central/,1MeJotpaZmFcU_99CiNyn7ElZfgSWtXTi,downloaded,finetuning/reference-materials/peru-quechua/pdf/1MeJotpaZmFcU_99CiNyn7ElZfgSWtXTi.pdf,finetuning/reference-materials/peru-quechua/text/1MeJotpaZmFcU_99CiNyn7ElZfgSWtXTi.txt,extracted_unreviewed,162,16505033,21497,6d51e85a33dddd22e99c3a85824be4627291d35b8757b951819d31ae78d1de36,,not_cleared_review_required,False
book-c57576a7fdc0,Biblioteca Quechua Central - cartillas animales quechua central (MINEDU) PDF,central_unspecified,literature_readers,unspecified,,False,candidate,https://peru.librosminedu.com/biblioteca-quechua-central-cartillas-animales-quechua-central/,"Edición 2023EIB - Quechua · 50 páginas · 5,1 MB",2023,https://peru.librosminedu.com/pdf-biblioteca-quechua-central-cartillas-animales-quechua-central/,1HV8JuGCC_e2-aDRx8nBaUAcoCDFiCwY5,downloaded,finetuning/reference-materials/peru-quechua/pdf/1HV8JuGCC_e2-aDRx8nBaUAcoCDFiCwY5.pdf,finetuning/reference-materials/peru-quechua/text/1HV8JuGCC_e2-aDRx8nBaUAcoCDFiCwY5.txt,extracted_unreviewed,50,5389313,2740,16e9c4e954e4dbee4c1e86d1371e55f0d87b6db5dcda77d3e8da57b1be16cc97,,explicit_restriction_detected_review_required,False
book-a7e22153c1ee,Biblioteca Quechua Chanka - saberes pueblos quechua chanka comprimido (MINEDU) PDF,chanka,community_knowledge,unspecified,,False,candidate,https://peru.librosminedu.com/biblioteca-quechua-chanka-saberes-pueblos-quechua-chanka-comprimido/,"Edición 2023EIB - Quechua · 162 páginas · 14,2 MB",2023,https://peru.librosminedu.com/pdf-biblioteca-quechua-chanka-saberes-pueblos-quechua-chanka-comprimido/,19GfhUQpCmpjadejEr0Zx6cPz0CqtAyTN,downloaded,finetuning/reference-materials/peru-quechua/pdf/19GfhUQpCmpjadejEr0Zx6cPz0CqtAyTN.pdf,finetuning/reference-materials/peru-quechua/text/19GfhUQpCmpjadejEr0Zx6cPz0CqtAyTN.txt,extracted_unreviewed,162,14850729,21992,06230835c42e9d3c72654e9a01c669efcddf3bd00c621eb9fe054417d62058a9,,explicit_restriction_detected_review_required,False
book-aa018443c369,Biblioteca Quechua Chanka - literatura comunicacion quechua chanka (MINEDU) PDF,chanka,literature_readers,unspecified,,False,candidate,https://peru.librosminedu.com/biblioteca-quechua-chanka-literatura-comunicacion-quechua-chanka/,"Edición 2023EIB - Quechua · 162 páginas · 13,4 MB",2023,https://peru.librosminedu.com/pdf-biblioteca-quechua-chanka-literatura-comunicacion-quechua-chanka/,1lyiGIWwfOCfPSzOdjpxaobclNhfw-d8s,downloaded,finetuning/reference-materials/peru-quechua/pdf/1lyiGIWwfOCfPSzOdjpxaobclNhfw-d8s.pdf,finetuning/reference-materials/peru-quechua/text/1lyiGIWwfOCfPSzOdjpxaobclNhfw-d8s.txt,extracted_unreviewed,162,14081699,23037,2def6f39c9104c386326989a050c3ab83fc947cf49b6f0897c7d27065b157677,,not_cleared_review_required,False
book-37c6956cb37a,Markanchikpa yachayninkuna: Saberes de los pueblos - Quechua central - Secundaria (MINEDU) PDF,central_unspecified,community_knowledge,secondary,,False,candidate,https://peru.librosminedu.com/markanchikpa-yachayninkuna-saberes-de-los-pueblos-quechua-central/,"Edición 2021EIB - Quechua Central · 164 páginas · 17,2 MB",2021,https://peru.librosminedu.com/pdf-markanchikpa-yachayninkuna-saberes-de-los-pueblos-quechua-central/,10JwskCDMKCJwlaQobRSExIntV_e0nvhU,downloaded,finetuning/reference-materials/peru-quechua/pdf/10JwskCDMKCJwlaQobRSExIntV_e0nvhU.pdf,finetuning/reference-materials/peru-quechua/text/10JwskCDMKCJwlaQobRSExIntV_e0nvhU.txt,extracted_unreviewed,164,18037436,16940,dbcc6ce1f1d862367f4bd69af506d563953e22eac3f915c0f93a4a9a248fab08,,not_cleared_review_required,False
book-8c179ec2d1b5,Markanchikpa willakuyninkuna: literatura - Quechua central - Secundaria (MINEDU) PDF,central_unspecified,literature_readers,secondary,,False,candidate,https://peru.librosminedu.com/markanchikpa-willakuyninkuna-literatura-quechua-central/,"Edición 2021EIB - Quechua Central · 164 páginas · 14,9 MB",2021,https://peru.librosminedu.com/pdf-markanchikpa-willakuyninkuna-literatura-quechua-central/,1QPODhtg00L5nCHBxLILzZrrGy1QR5oXe,downloaded,finetuning/reference-materials/peru-quechua/pdf/1QPODhtg00L5nCHBxLILzZrrGy1QR5oXe.pdf,finetuning/reference-materials/peru-quechua/text/1QPODhtg00L5nCHBxLILzZrrGy1QR5oXe.txt,extracted_unreviewed,164,15671822,30161,c022847ca100bbcca2b828a5298931bdb185131dca7b55f4a47295270cdbb9a0,,not_cleared_review_required,False
book-352f860f427b,Yachachinapaq shimikuna: vocabulario pedagógico Quechua central - Primaria (MINEDU) PDF,central_unspecified,glossary_dictionary,primary,,False,candidate,https://peru.librosminedu.com/yachachinapaq-shimikuna-vocabulario-pedagogico-quechua-central/,"Edición 2021EIB - Quechua Central · 164 páginas · 6,0 MB",2021,https://peru.librosminedu.com/pdf-yachachinapaq-shimikuna-vocabulario-pedagogico-quechua-central/,1Pi1LI-2JgZmcOnRP2O_Qnzclvo14Ovp_,downloaded,finetuning/reference-materials/peru-quechua/pdf/1Pi1LI-2JgZmcOnRP2O_Qnzclvo14Ovp_.pdf,finetuning/reference-materials/peru-quechua/text/1Pi1LI-2JgZmcOnRP2O_Qnzclvo14Ovp_.txt,extracted_unreviewed,164,6346858,25111,4b0fad32e67bf071697b205bf499c7d0c663bbac6bab673b2bc29c6d30fbdaa3,,explicit_restriction_detected_review_required,False
book-4a5cdb27714c,Yana t urumanta t iqirunacha - El muñeco de brea - Educación Inicial (MINEDU) PDF,unspecified,other_school_material,early_childhood,,False,candidate,https://peru.librosminedu.com/yana-t-urumanta-t-iqirunacha-el-muneco-de-brea/,"Edición 2011EIB - Quechua · 17 páginas · 3,1 MB",2011,https://peru.librosminedu.com/pdf-yana-t-urumanta-t-iqirunacha-el-muneco-de-brea/,1NYpcNv_MZUk5jyibCQmcCisZWYYjWM7z,downloaded,finetuning/reference-materials/peru-quechua/pdf/1NYpcNv_MZUk5jyibCQmcCisZWYYjWM7z.pdf,finetuning/reference-materials/peru-quechua/text/1NYpcNv_MZUk5jyibCQmcCisZWYYjWM7z.txt,extracted_unreviewed,17,3303884,3601,b830d343585532f54fe466c8ff1e18bacf8d75d9919e9e23539b40903df87b92,,explicit_restriction_detected_review_required,False
book-0ac317ffd207,"Siku phusa - Zampoña, siku - Educación Inicial (MINEDU) PDF",unspecified,other_school_material,early_childhood,,False,candidate,https://peru.librosminedu.com/siku-phusa-zampona-siku/,"Edición 2011EIB - Quechua · 17 páginas · 3,9 MB",2011,https://peru.librosminedu.com/pdf-siku-phusa-zampona-siku/,1tWRSyR3yjJKLb7GNEhOG07vWgOko1j3S,downloaded,finetuning/reference-materials/peru-quechua/pdf/1tWRSyR3yjJKLb7GNEhOG07vWgOko1j3S.pdf,finetuning/reference-materials/peru-quechua/text/1tWRSyR3yjJKLb7GNEhOG07vWgOko1j3S.txt,extracted_unreviewed,17,4086098,1088,b8d54632c17a62f8fc43d44a43472667bd58c19a84da20e0e36105eeeadcb058,,explicit_restriction_detected_review_required,False
book-db466e0743db,Santurantikuy (versión quechua) - Educación Inicial (MINEDU) PDF,unspecified,other_school_material,early_childhood,,False,candidate,https://peru.librosminedu.com/santurantikuy-version-quechua/,"Edición 2011EIB - Quechua · 14 páginas · 2,8 MB",2011,https://peru.librosminedu.com/pdf-santurantikuy-version-quechua/,1QRl9X6GC_OgqhKahQBQIBJsouUKCjb3e,downloaded,finetuning/reference-materials/peru-quechua/pdf/1QRl9X6GC_OgqhKahQBQIBJsouUKCjb3e.pdf,finetuning/reference-materials/peru-quechua/text/1QRl9X6GC_OgqhKahQBQIBJsouUKCjb3e.txt,extracted_unreviewed,14,2957146,1541,4f550785accce99e2bd994b41eb0d624aa7b759a0431418b744681ec4b905a52,,explicit_restriction_detected_review_required,False
book-d6f6e84b2262,Phuyu raqeaq atuq - El zorro que devoró la nube - Educación Inicial (MINEDU) PDF,unspecified,other_school_material,early_childhood,,False,candidate,https://peru.librosminedu.com/phuyu-raqeaq-atuq-el-zorro-que-devoro-la-nube/,"Edición 2011EIB - Quechua · 13 páginas · 2,5 MB",2011,https://peru.librosminedu.com/pdf-phuyu-raqeaq-atuq-el-zorro-que-devoro-la-nube/,1-RNWcvY59X_5okVq2bUR6hnT29M3-z4Q,downloaded,finetuning/reference-materials/peru-quechua/pdf/1-RNWcvY59X_5okVq2bUR6hnT29M3-z4Q.pdf,finetuning/reference-materials/peru-quechua/text/1-RNWcvY59X_5okVq2bUR6hnT29M3-z4Q.txt,extracted_unreviewed,13,2661769,1550,5c88a7e175be1718c983d40e4a55b3f3f862669216845f45bae3823cb37ce4ee,,explicit_restriction_detected_review_required,False
book-3820f3036ea2,Pawqar llikllachay - Mi mantita linda - Educación Inicial (MINEDU) PDF,unspecified,other_school_material,early_childhood,,False,candidate,https://peru.librosminedu.com/pawqar-llikllachay-mi-mantita-linda/,"Edición 2009EIB - Quechua Chanka · 9 páginas · 2,4 MB",2009,https://peru.librosminedu.com/pdf-pawqar-llikllachay-mi-mantita-linda/,1SjNKWb_RIxynvEakBHCoPoxQ_p-RMTlr,downloaded,finetuning/reference-materials/peru-quechua/pdf/1SjNKWb_RIxynvEakBHCoPoxQ_p-RMTlr.pdf,finetuning/reference-materials/peru-quechua/text/1SjNKWb_RIxynvEakBHCoPoxQ_p-RMTlr.txt,extracted_unreviewed,9,2521153,2148,27d06900169888b873320e4f22b15f63dde09a76455fc80b4a43d9cfa80a426b,,not_cleared_review_required,False
book-58055571c180,"Papa, mamanchikmanta - La papa, tesoro de la tierra - Educación Inicial (MINEDU) PDF",unspecified,other_school_material,early_childhood,,False,candidate,https://peru.librosminedu.com/papa-mamanchikmanta-la-papa-tesoro-de-la-tierra/,"Edición 2011EIB - Quechua · 13 páginas · 1,9 MB",2011,https://peru.librosminedu.com/pdf-papa-mamanchikmanta-la-papa-tesoro-de-la-tierra/,1dXuo_rdIjFoE2lHdFlw3fqrdVNEAjoNL,downloaded,finetuning/reference-materials/peru-quechua/pdf/1dXuo_rdIjFoE2lHdFlw3fqrdVNEAjoNL.pdf,finetuning/reference-materials/peru-quechua/text/1dXuo_rdIjFoE2lHdFlw3fqrdVNEAjoNL.txt,extracted_unreviewed,13,1997729,1606,23d5eeabaf9b8ac35f15992a1f4eea6bf83fc69ccf7b5966e5085ba7dc58c7c4,,explicit_restriction_detected_review_required,False
book-c9aa1b627b0e,Muki - El Muqui - Educación Inicial (MINEDU) PDF,unspecified,other_school_material,early_childhood,,False,candidate,https://peru.librosminedu.com/muki-el-muqui/,"Edición 2009EIB - Quechua Chanka · 11 páginas · 2,9 MB",2009,https://peru.librosminedu.com/pdf-muki-el-muqui/,1ihbhvRmoHglOgTSxX2x778oMDJtOovpy,downloaded,finetuning/reference-materials/peru-quechua/pdf/1ihbhvRmoHglOgTSxX2x778oMDJtOovpy.pdf,finetuning/reference-materials/peru-quechua/text/1ihbhvRmoHglOgTSxX2x778oMDJtOovpy.txt,extracted_unreviewed,11,3043199,2425,e0618cabf138e3af3eec3d2f282ce3923a4ac89faf570bd19def62488a8313bd,,not_cleared_review_required,False
book-a2ee96b1923c,Kichasha ñawiwan nuqa rikaa - Con los ojos abiertos yo veo - Educación Inicial (MINEDU) PDF,unspecified,other_school_material,early_childhood,,False,candidate,https://peru.librosminedu.com/kichasha-nawiwan-nuqa-rikaa-con-los-ojos-abiertos-yo-veo/,"Edición 2009EIB - Quechua Huanuco · 9 páginas · 2,2 MB",2009,https://peru.librosminedu.com/pdf-kichasha-nawiwan-nuqa-rikaa-con-los-ojos-abiertos-yo-veo/,1YsAkObtRsDz_C3bA6NPpgX5oZVPc9F0Q,downloaded,finetuning/reference-materials/peru-quechua/pdf/1YsAkObtRsDz_C3bA6NPpgX5oZVPc9F0Q.pdf,finetuning/reference-materials/peru-quechua/text/1YsAkObtRsDz_C3bA6NPpgX5oZVPc9F0Q.txt,extracted_unreviewed,9,2355334,2071,010384a16c30834b7c9dece2e323b6cdbbf93906e84186f8224d61385b923415,,not_cleared_review_required,False
book-ef120580db3c,"Intimpa, intipa mallkin - Intimpa, árbol del Sol - Educación Inicial (MINEDU) PDF",unspecified,other_school_material,early_childhood,,False,candidate,https://peru.librosminedu.com/intimpa-intipa-mallkin-intimpa-arbol-del-sol/,"Edición 2009EIB - Quechua Huanuco · 11 páginas · 2,9 MB",2009,https://peru.librosminedu.com/pdf-intimpa-intipa-mallkin-intimpa-arbol-del-sol/,1jWSAmITO7YRtBWGRwHBz10YAZ9Yie6Ck,downloaded,finetuning/reference-materials/peru-quechua/pdf/1jWSAmITO7YRtBWGRwHBz10YAZ9Yie6Ck.pdf,finetuning/reference-materials/peru-quechua/text/1jWSAmITO7YRtBWGRwHBz10YAZ9Yie6Ck.txt,extracted_unreviewed,11,2990302,2440,4028413130d33e927b989c5c6c56364079295b3656a5636dbef01e0643e4c3c6,,not_cleared_review_required,False
book-48cbb03de6a2,"Nunash, puñuykaq shumaq warmi -Nunash, la bella durmiente - Educación Inicial (MINEDU) PDF",unspecified,other_school_material,early_childhood,,False,candidate,https://peru.librosminedu.com/nunash-punuykaq-shumaq-warmi-nunash-la-bella-durmiente/,"Edición 2009EIB - Quechua Huanuco · 11 páginas · 3,3 MB",2009,https://peru.librosminedu.com/pdf-nunash-punuykaq-shumaq-warmi-nunash-la-bella-durmiente/,1WhUyO5EBUeV9Td5xooj1cgTdFIDR3ImV,downloaded,finetuning/reference-materials/peru-quechua/pdf/1WhUyO5EBUeV9Td5xooj1cgTdFIDR3ImV.pdf,finetuning/reference-materials/peru-quechua/text/1WhUyO5EBUeV9Td5xooj1cgTdFIDR3ImV.txt,extracted_unreviewed,11,3430353,2366,20f869f17cd6d18276baa5f8619370b5c8ad5f47a904805d03a732fffda5f021,,not_cleared_review_required,False
book-c1eb44055d34,Unuchamanta kawsaq - Aguita vida - Educación Inicial (MINEDU) PDF,unspecified,other_school_material,early_childhood,,False,candidate,https://peru.librosminedu.com/unuchamanta-kawsaq-aguita-vida/,"Edición 2011EIB - Quechua · 13 páginas · 2,0 MB",2011,https://peru.librosminedu.com/pdf-unuchamanta-kawsaq-aguita-vida/,1vyejdbCNScX38GlpCVbKj0LQ_LSZAgzL,downloaded,finetuning/reference-materials/peru-quechua/pdf/1vyejdbCNScX38GlpCVbKj0LQ_LSZAgzL.pdf,finetuning/reference-materials/peru-quechua/text/1vyejdbCNScX38GlpCVbKj0LQ_LSZAgzL.txt,extracted_unreviewed,13,2148062,1588,445f43029b3b1009fb5c3eda3728820e3b6db2a49c066d7cba7f2d8357442d1d,,explicit_restriction_detected_review_required,False
book-ef5377d7f7e1,Chawpin qichwata alli qillqanapaq maytu = Manual de escritura Quechua Central - Primaria (MINEDU) PDF,central_unspecified,orthography,primary,,False,candidate,https://peru.librosminedu.com/chawpin-qichwata-alli-qillqanapaq-maytu-manual-de-escritura-quechua/,"Edición 2022EIB - Quechua Central · 164 páginas · 53,4 MB",2022,https://peru.librosminedu.com/pdf-chawpin-qichwata-alli-qillqanapaq-maytu-manual-de-escritura-quechua/,1eT9O7IAxrfdj-1gogg1BXnDL_QNfPSoS,downloaded,finetuning/reference-materials/peru-quechua/pdf/1eT9O7IAxrfdj-1gogg1BXnDL_QNfPSoS.pdf,finetuning/reference-materials/peru-quechua/text/1eT9O7IAxrfdj-1gogg1BXnDL_QNfPSoS.txt,extracted_unreviewed,164,55996896,21699,902ebf418a2b34701d94d1880136c0e9dffbef692b9c963c8a064a29e215e448,,not_cleared_review_required,False
book-cb0d8a9c12d4,3 Wiñay Qichwa: Qichwata yachakunapaq = Fichas de trabajo: Comunicación - Quechua Central (MINEDU) PDF,central_unspecified,language_communication,unspecified,,False,candidate,https://peru.librosminedu.com/3-winay-qichwa-qichwata-yachakunapaq-fichas-de-trabajo-comunicacion/,"Edición 2021EIB - Quechua Central · 204 páginas · 42,2 MB",2021,https://peru.librosminedu.com/pdf-3-winay-qichwa-qichwata-yachakunapaq-fichas-de-trabajo-comunicacion/,10X27_KpQb2gqxo1edWDRiVuUmowzEjYU,downloaded,finetuning/reference-materials/peru-quechua/pdf/10X27_KpQb2gqxo1edWDRiVuUmowzEjYU.pdf,finetuning/reference-materials/peru-quechua/text/10X27_KpQb2gqxo1edWDRiVuUmowzEjYU.txt,extracted_unreviewed,204,44231768,10686,aa548aa2e24e35faf45d7a4dc498d01dbf5ab6c7bc6816615d10281478b483b3,,not_cleared_review_required,False
book-811ebba5e1fc,"Takikuna = Cancionero - Quechua Central, Inicial (MINEDU) PDF",central_unspecified,literature_readers,early_childhood,,False,candidate,https://peru.librosminedu.com/takikuna-cancionero-quechua-central-inicial/,"Edición 2021EIB - Quechua Central · 36 páginas · 24,5 MB",2021,https://peru.librosminedu.com/pdf-takikuna-cancionero-quechua-central-inicial/,1E9rBE1WzULsSq8Xt_huLFPeFN3L8zoxV,downloaded,finetuning/reference-materials/peru-quechua/pdf/1E9rBE1WzULsSq8Xt_huLFPeFN3L8zoxV.pdf,finetuning/reference-materials/peru-quechua/text/1E9rBE1WzULsSq8Xt_huLFPeFN3L8zoxV.txt,extracted_review_required,36,25666050,1012,e2812a22c1ffd038a95354d3e67af0f0f8db0935dcaa08c372322124d04eb7a7,,not_cleared_review_required,False
book-b67ea4d3f38a,1 Wiñay qichwa: Q qichwata yachakunapaq = Fichas de trabajo: Q Comunicación - Quechua Central (MINEDU) PDF,central_unspecified,language_communication,unspecified,,False,candidate,https://peru.librosminedu.com/1-winay-qichwa-q-qichwata-yachakunapaq-fichas-de-trabajo-q/,"Edición 2021EIB - Quechua Central · 204 páginas · 48,0 MB",2021,https://peru.librosminedu.com/pdf-1-winay-qichwa-q-qichwata-yachakunapaq-fichas-de-trabajo-q/,1zj-UcjdutJGXO17EI7cyqB1uhSaWjzQk,downloaded,finetuning/reference-materials/peru-quechua/pdf/1zj-UcjdutJGXO17EI7cyqB1uhSaWjzQk.pdf,finetuning/reference-materials/peru-quechua/text/1zj-UcjdutJGXO17EI7cyqB1uhSaWjzQk.txt,extracted_unreviewed,204,50274187,7436,8341645e7a54e74ece993972392cbdf52fb0f340505887778e3cff9269b28c68,,not_cleared_review_required,False
book-fcb0f461ad42,Tukuyninchik yacakunapaq 5 = Cuaderno de trabajo y folder de Inicial 5 años - Inkawasi - kañaris (MINEDU) PDF,inkawasi_kanaris,other_school_material,early_childhood,,False,candidate,https://peru.librosminedu.com/tukuyninchik-yacakunapaq-5-cuaderno-de-trabajo-y-folder-de-inicial-5/,"Edición 2021EIB - Quechua Inkawasi-Kañaris · 270 páginas · 36,6 MB",2021,https://peru.librosminedu.com/pdf-tukuyninchik-yacakunapaq-5-cuaderno-de-trabajo-y-folder-de-inicial-5/,1GrxF_tAjY2E2VInwz6T3SNa8MBzBnC57,downloaded,finetuning/reference-materials/peru-quechua/pdf/1GrxF_tAjY2E2VInwz6T3SNa8MBzBnC57.pdf,finetuning/reference-materials/peru-quechua/text/1GrxF_tAjY2E2VInwz6T3SNa8MBzBnC57.txt,extracted_unreviewed,270,38410781,11243,6f42958544891f3e2fe02476b246e6039af9b3996dad9f326e04945dda436d6c,,explicit_restriction_detected_review_required,False
book-3f3741391eaf,Pacha samay 2 Sumakta yachakushun = Personal social - Ciencia y tecnología 2: Texto - Kichwa (MINEDU) PDF,kichwa_unspecified,science_and_personal_social,primary_inferred_from_series,2,False,candidate,https://peru.librosminedu.com/pacha-samay-2-sumakta-yachakushun-personal-social-ciencia-y/,"Edición 2021EIB - Quechua · 180 páginas · 28,0 MB",2021,https://peru.librosminedu.com/pdf-pacha-samay-2-sumakta-yachakushun-personal-social-ciencia-y/,1Ql-Qi3v2I_TOOZ123ly3NQHyXGHx3NwA,downloaded,finetuning/reference-materials/peru-quechua/pdf/1Ql-Qi3v2I_TOOZ123ly3NQHyXGHx3NwA.pdf,finetuning/reference-materials/peru-quechua/text/1Ql-Qi3v2I_TOOZ123ly3NQHyXGHx3NwA.txt,extracted_unreviewed,180,29405987,9259,c12b70ba91cc570e38058742488592562aadd07aa7673bb2d4811dfa5a5b2333,,explicit_restriction_detected_review_required,False
book-8c7059b6cdd5,Pacha samay 1 Sumakta yachakushun = Personal social - Ciencia y tecnología 1: Texto - Kichwa (MINEDU) PDF,kichwa_unspecified,science_and_personal_social,primary_inferred_from_series,1,False,candidate,https://peru.librosminedu.com/pacha-samay-1-sumakta-yachakushun-personal-social-ciencia-y/,"Edición 2021EIB - Quechua · 180 páginas · 30,0 MB",2021,https://peru.librosminedu.com/pdf-pacha-samay-1-sumakta-yachakushun-personal-social-ciencia-y/,115Yx-kAgtM5auwMTQpmaFV3UOk9Y5iDp,downloaded,finetuning/reference-materials/peru-quechua/pdf/115Yx-kAgtM5auwMTQpmaFV3UOk9Y5iDp.pdf,finetuning/reference-materials/peru-quechua/text/115Yx-kAgtM5auwMTQpmaFV3UOk9Y5iDp.txt,extracted_unreviewed,180,31475146,9513,88f3fb5a27b4a92a67b2f9db0ce2dd89804b91589580ecfed52e8dde2c192bf0,,explicit_restriction_detected_review_required,False
book-883a75799b88,Takikuna = Cancionero Kichwa - Quechua Amazónico - Primaria (MINEDU) PDF,kichwa_unspecified,literature_readers,primary,,False,candidate,https://peru.librosminedu.com/takikuna-cancionero-kichwa-quechua-amazonico/,"Edición 2022EIB - Quechua Amazónico · 60 páginas · 9,3 MB",2022,https://peru.librosminedu.com/pdf-takikuna-cancionero-kichwa-quechua-amazonico/,18HekCZcGa9YK749pQJ-pI79-48-MOyR0,downloaded,finetuning/reference-materials/peru-quechua/pdf/18HekCZcGa9YK749pQJ-pI79-48-MOyR0.pdf,finetuning/reference-materials/peru-quechua/text/18HekCZcGa9YK749pQJ-pI79-48-MOyR0.txt,extracted_unreviewed,60,9723825,3520,8bec6f4c729117ce898888a0c463ef582dbb3f1d4c42a11a907908242377ffd0,,explicit_restriction_detected_review_required,False
book-990427e64d6c,"Watuchikuna, harawikuna = Colección de adivinanzas y poemas - Quechua Amazónico (MINEDU) PDF",kichwa_unspecified,literature_readers,unspecified,,False,candidate,https://peru.librosminedu.com/watuchikuna-harawikuna-coleccion-de-adivinanzas-y-poemas-quechua/,"Edición 2021EIB - Quechua Amazónico · 60 páginas · 8,3 MB",2021,https://peru.librosminedu.com/pdf-watuchikuna-harawikuna-coleccion-de-adivinanzas-y-poemas-quechua/,1gFr8aUt-gEeCHMigo6_y2UkYXU5hbOrO,downloaded,finetuning/reference-materials/peru-quechua/pdf/1gFr8aUt-gEeCHMigo6_y2UkYXU5hbOrO.pdf,finetuning/reference-materials/peru-quechua/text/1gFr8aUt-gEeCHMigo6_y2UkYXU5hbOrO.txt,extracted_unreviewed,60,8698358,4420,5e9d5d6d5c75c99f804ec11b575b6c8ea389ec79452bde99d69ce1bf8cfed09f,,explicit_restriction_detected_review_required,False
book-ebc68924f0a6,"Ñawpa pacha llaktaynipa willayninkuna = Historias y relatos - Quechua Amazónico, Inicial (MINEDU) PDF",kichwa_unspecified,literature_readers,early_childhood,,False,candidate,https://peru.librosminedu.com/nawpa-pacha-llaktaynipa-willayninkuna-historias-y-relatos-quechua/,"Edición 2021EIB - Quechua Amazónico · 44 páginas · 15,1 MB",2021,https://peru.librosminedu.com/pdf-nawpa-pacha-llaktaynipa-willayninkuna-historias-y-relatos-quechua/,1sst3r5GoBjCTY0ZtBZdXsZ1PftyoSIMa,downloaded,finetuning/reference-materials/peru-quechua/pdf/1sst3r5GoBjCTY0ZtBZdXsZ1PftyoSIMa.pdf,finetuning/reference-materials/peru-quechua/text/1sst3r5GoBjCTY0ZtBZdXsZ1PftyoSIMa.txt,extracted_unreviewed,44,15854359,905,6791ed3a9cd03b2a68f435578dbd657eb13474b194855786d0fd283a42573f22,,explicit_restriction_detected_review_required,False
book-a941b1706caa,Willayjuna = Colección de relatos - Kichwa - Primaria (MINEDU) PDF,kichwa_unspecified,literature_readers,primary,,False,candidate,https://peru.librosminedu.com/willayjuna-coleccion-de-relatos-kichwa/,"Edición 2021EIB - Quechua Amazónico · 60 páginas · 8,7 MB",2021,https://peru.librosminedu.com/pdf-willayjuna-coleccion-de-relatos-kichwa/,1y4dzDx-qELxxhe3VZZq0J7ltbkYHVgQI,downloaded,finetuning/reference-materials/peru-quechua/pdf/1y4dzDx-qELxxhe3VZZq0J7ltbkYHVgQI.pdf,finetuning/reference-materials/peru-quechua/text/1y4dzDx-qELxxhe3VZZq0J7ltbkYHVgQI.txt,extracted_unreviewed,60,9070687,5822,8c7c90b8587b7e0de413599272b459214eafe003c5b6e99786667b2019284c0d,,explicit_restriction_detected_review_required,False
book-e025bdcbd6ba,Kichwapa tukuy shimikuna = Diccionario visual en lengua originaria Quechua Kichwa (MINEDU) PDF,kichwa_unspecified,glossary_dictionary,unspecified,,False,candidate,https://peru.librosminedu.com/kichwapa-tukuy-shimikuna-diccionario-visual-en-lengua-originaria/,"Edición 2021EIB - Quechua Amazónico · 120 páginas · 20,3 MB",2021,https://peru.librosminedu.com/pdf-kichwapa-tukuy-shimikuna-diccionario-visual-en-lengua-originaria/,1Mq5tYdnRpQbmqeXSYVHPXDa0dtBqJCPT,downloaded,finetuning/reference-materials/peru-quechua/pdf/1Mq5tYdnRpQbmqeXSYVHPXDa0dtBqJCPT.pdf,finetuning/reference-materials/peru-quechua/text/1Mq5tYdnRpQbmqeXSYVHPXDa0dtBqJCPT.txt,extracted_review_required,120,21262522,1206,dce764b4487e06b6aac4a24f45aed0e8777258c25f28d941a25350fc771a8eae,,explicit_restriction_detected_review_required,False
book-74d22e3819c4,Sumaq Kawsay 4 Kuskalla yachasunchik = Personal social - Ciencia y tecnología 4: Cuaderno de trabajo - Qullaw Qichwa (MINEDU) PDF,collao,science_and_personal_social,primary_inferred_from_series,4,False,candidate,https://peru.librosminedu.com/sumaq-kawsay-4-kuskalla-yachasunchik-personal-social-ciencia-y/,"Edición 2021EIB - Quechua Collao · 156 páginas · 34,4 MB",2021,https://peru.librosminedu.com/pdf-sumaq-kawsay-4-kuskalla-yachasunchik-personal-social-ciencia-y/,19wOD9l6wnErJsAoi7V1zkLVgVFBFxqop,downloaded,finetuning/reference-materials/peru-quechua/pdf/19wOD9l6wnErJsAoi7V1zkLVgVFBFxqop.pdf,finetuning/reference-materials/peru-quechua/text/19wOD9l6wnErJsAoi7V1zkLVgVFBFxqop.txt,extracted_unreviewed,156,36032930,15908,f1cdf7d27e2076064e6984df7d9d945e94e7b2c5c2d452ee5f44ebc33a798ef4,,not_cleared_review_required,False
book-e94363951661,Sumaq Kawsay 5 Kuskalla yachasunchik = Personal social - Ciencia y tecnología 5: Cuaderno de trabajo - Qullaw Qichwa (MINEDU) PDF,collao,science_and_personal_social,primary_inferred_from_series,5,False,candidate,https://peru.librosminedu.com/sumaq-kawsay-5-kuskalla-yachasunchik-personal-social-ciencia-y/,"Edición 2021EIB - Quechua Collao · 172 páginas · 24,8 MB",2021,https://peru.librosminedu.com/pdf-sumaq-kawsay-5-kuskalla-yachasunchik-personal-social-ciencia-y/,1k0E-hL_qvMyCupmSB-cKJR0KLofMuD8L,downloaded,finetuning/reference-materials/peru-quechua/pdf/1k0E-hL_qvMyCupmSB-cKJR0KLofMuD8L.pdf,finetuning/reference-materials/peru-quechua/text/1k0E-hL_qvMyCupmSB-cKJR0KLofMuD8L.txt,extracted_unreviewed,172,25975117,16692,6eecbf53b87b90817874fe5066973cf4cc81acfaec2a1f3570bac2ee142d9835,,not_cleared_review_required,False
book-65f01b70f99e,Sumaq Kawsay 6 Kuskalla yachasunchik = Personal social - Ciencia y tecnología 6: Cuaderno de trabajo - Qullaw Qichwa (MINEDU) PDF,collao,science_and_personal_social,primary_inferred_from_series,6,False,candidate,https://peru.librosminedu.com/sumaq-kawsay-6-kuskalla-yachasunchik-personal-social-ciencia-y/,"Edición 2021EIB - Quechua Collao · 172 páginas · 22,9 MB",2021,https://peru.librosminedu.com/pdf-sumaq-kawsay-6-kuskalla-yachasunchik-personal-social-ciencia-y/,1eP7hlVaxgIdkN9rIB3MRCX4mFl5YZJ9x,downloaded,finetuning/reference-materials/peru-quechua/pdf/1eP7hlVaxgIdkN9rIB3MRCX4mFl5YZJ9x.pdf,finetuning/reference-materials/peru-quechua/text/1eP7hlVaxgIdkN9rIB3MRCX4mFl5YZJ9x.txt,extracted_unreviewed,172,24046325,16880,ffb0eb36f73a478e6d850a8902d3c97e55d97f9fdb3cd94ee3503cf7f90f5718,,not_cleared_review_required,False
book-ecf6ace82e2e,Sumaq Kawsay 3 Kuskalla yachasunchik = Personal social - Ciencia y tecnología 3: Cuaderno de trabajo - Qullaw Qichwa (MINEDU) PDF,collao,science_and_personal_social,primary_inferred_from_series,3,False,candidate,https://peru.librosminedu.com/sumaq-kawsay-3-kuskalla-yachasunchik-personal-social-ciencia-y/,"Edición 2021EIB - Quechua Collao · 156 páginas · 29,9 MB",2021,https://peru.librosminedu.com/pdf-sumaq-kawsay-3-kuskalla-yachasunchik-personal-social-ciencia-y/,1O5vpS5fGc0URBGV4-AkMULlGJsvWCYG3,downloaded,finetuning/reference-materials/peru-quechua/pdf/1O5vpS5fGc0URBGV4-AkMULlGJsvWCYG3.pdf,finetuning/reference-materials/peru-quechua/text/1O5vpS5fGc0URBGV4-AkMULlGJsvWCYG3.txt,extracted_unreviewed,156,31409644,13182,0b840a6d9b4d71d269a625a3ad429e1d01012604567adbcade36f21738b8befb,,not_cleared_review_required,False
book-194d22477336,Sumaq Kawsay 1 Kuska+E470:E478lla yachasunchik = Personal social - Ciencia y tecnología 1: Cuaderno de trabajo - Qullaw Qichwa (MINEDU) PDF,collao,science_and_personal_social,primary_inferred_from_series,1,False,candidate,https://peru.librosminedu.com/sumaq-kawsay-1-kuska-e470-e478lla-yachasunchik-personal-social/,"Edición 2021EIB - Quechua Collao · 156 páginas · 33,6 MB",2021,https://peru.librosminedu.com/pdf-sumaq-kawsay-1-kuska-e470-e478lla-yachasunchik-personal-social/,1pZ5FRe16oTN9Odu4flxWs9rvH0faKczQ,downloaded,finetuning/reference-materials/peru-quechua/pdf/1pZ5FRe16oTN9Odu4flxWs9rvH0faKczQ.pdf,finetuning/reference-materials/peru-quechua/text/1pZ5FRe16oTN9Odu4flxWs9rvH0faKczQ.txt,extracted_unreviewed,156,35197808,10894,5c5c9915602997ff4250559c79fc109d81dffe6ab039f4ab2ff77f78e308a788,,not_cleared_review_required,False
book-9430321e27d6,Sumaq Kawsay 2 Kuskalla yachasunchik = Personal social - Ciencia y tecnología 2: Cuaderno de trabajo - Qullaw Qichwa (MINEDU) PDF,collao,science_and_personal_social,primary_inferred_from_series,2,False,candidate,https://peru.librosminedu.com/sumaq-kawsay-2-kuskalla-yachasunchik-personal-social-ciencia-y/,"Edición 2021EIB - Quechua Collao · 156 páginas · 39,6 MB",2021,https://peru.librosminedu.com/pdf-sumaq-kawsay-2-kuskalla-yachasunchik-personal-social-ciencia-y/,1sAp7HCFFcd8CiXG8zxLQywc88YfBIZUS,downloaded,finetuning/reference-materials/peru-quechua/pdf/1sAp7HCFFcd8CiXG8zxLQywc88YfBIZUS.pdf,finetuning/reference-materials/peru-quechua/text/1sAp7HCFFcd8CiXG8zxLQywc88YfBIZUS.txt,extracted_unreviewed,156,41564025,11618,047afbf9055b775a61c2ce8c71f951149f174516f8c64a2f92676201f79a57bc,,not_cleared_review_required,False
book-3acd8d327e77,"Willakuykuna = Historias y relatos - Quechua Norteño, Inicial (MINEDU) PDF",norteno_unspecified,literature_readers,early_childhood,,False,candidate,https://peru.librosminedu.com/willakuykuna-historias-y-relatos-quechua-norteno-inicial/,"Edición 2021EIB - Quechua norteño · 44 páginas · 21,5 MB",2021,https://peru.librosminedu.com/pdf-willakuykuna-historias-y-relatos-quechua-norteno-inicial/,1ve9kaEEU8mhpCOBl5NrQHnAtFE_dBl-h,downloaded,finetuning/reference-materials/peru-quechua/pdf/1ve9kaEEU8mhpCOBl5NrQHnAtFE_dBl-h.pdf,finetuning/reference-materials/peru-quechua/text/1ve9kaEEU8mhpCOBl5NrQHnAtFE_dBl-h.txt,extracted_review_required,44,22582103,878,238f5a815dbd958e276448b28797e3bc50e13ec2cf08d2a6ec26fcbdfa6725f6,,explicit_restriction_detected_review_required,False
book-a7dc684996c9,Urin qichwa qillqay yachana maytu = Manual de escritura Quechua Sureño - Primaria (MINEDU) PDF,southern_unsplit,orthography,primary,,False,candidate,https://peru.librosminedu.com/urin-qichwa-qillqay-yachana-maytu-manual-de-escritura-quechua-sureno/,"Edición 2021EIB - Quechua sureño · 164 páginas · 23,0 MB",2021,https://peru.librosminedu.com/pdf-urin-qichwa-qillqay-yachana-maytu-manual-de-escritura-quechua-sureno/,1Y-XeD2J_z45PcvN826gaHcvvCcWbA5lL,downloaded,finetuning/reference-materials/peru-quechua/pdf/1Y-XeD2J_z45PcvN826gaHcvvCcWbA5lL.pdf,finetuning/reference-materials/peru-quechua/text/1Y-XeD2J_z45PcvN826gaHcvvCcWbA5lL.txt,extracted_unreviewed,164,24079464,35650,94228a26c7195f8165746b1e57fdefc84b05a7b08695d444edd6ebb97fcfbda3,,explicit_restriction_detected_review_required,False
book-59966cf92bec,"Takikuna = Cancionero - Quechua Norteño, Inicial (MINEDU) PDF",norteno_unspecified,literature_readers,early_childhood,,False,candidate,https://peru.librosminedu.com/takikuna-cancionero-quechua-norteno-inicial/,"Edición 2021EIB - Quechua norteño · 36 páginas · 25,6 MB",2021,https://peru.librosminedu.com/pdf-takikuna-cancionero-quechua-norteno-inicial/,1lKL6JdsLJWmkM6gWprAznY7C_XrD6zO6,downloaded,finetuning/reference-materials/peru-quechua/pdf/1lKL6JdsLJWmkM6gWprAznY7C_XrD6zO6.pdf,finetuning/reference-materials/peru-quechua/text/1lKL6JdsLJWmkM6gWprAznY7C_XrD6zO6.txt,extracted_review_required,36,26837201,778,87e22ee99e150619b3c33af409cabbdf8c28db33cedf391aeb550550160f4c5d,,explicit_restriction_detected_review_required,False
book-5192ae1d60d5,Rimana 3.er Kuskalla yachasunchik = Comunicación 3.er Cuaderno de trabajo - Quechua Chanka (MINEDU) PDF,chanka,language_communication,unspecified,3,False,candidate,https://peru.librosminedu.com/rimana-3-er-kuskalla-yachasunchik-comunicacion-3-er-cuaderno-de/,"Edición 2023EIB - Quechua Chanka · 172 páginas · 28,3 MB",2023,https://peru.librosminedu.com/pdf-rimana-3-er-kuskalla-yachasunchik-comunicacion-3-er-cuaderno-de/,13ozOdtIELnye_nDMrN7kfXSb2sCPfNzh,downloaded,finetuning/reference-materials/peru-quechua/pdf/13ozOdtIELnye_nDMrN7kfXSb2sCPfNzh.pdf,finetuning/reference-materials/peru-quechua/text/13ozOdtIELnye_nDMrN7kfXSb2sCPfNzh.txt,extracted_unreviewed,172,29689226,12545,f34a2d6770e231445034217ac34746e1b201e6886eaba0d7f6e69049fe0a2fc9,,not_cleared_review_required,False
book-5192ae1d60d5,Rimana 3.er Kuskalla yachasunchik = Comunicación 3.er Cuaderno de trabajo - Quechua Chanka (MINEDU) PDF,chanka,language_communication,unspecified,3,False,candidate,https://peru.librosminedu.com/rimana-3-er-kuskalla-yachasunchik-comunicacion-3-er-cuaderno-de/,"Rimana 3 Kuskalla yachasunchik = Comunicación, Cuaderno de trabajo 3 - Qichwa Chanka…EIB - Quechua Chanka · 172 páginas · 40,9 MB",,https://peru.librosminedu.com/pdf-rimana-3-kuskalla-yachasunchik-comunicacion-cuaderno-de-trabajo-3/,1gQGvOSoXB-zNZxQQ69MALHCqY6KV9U64,downloaded,finetuning/reference-materials/peru-quechua/pdf/1gQGvOSoXB-zNZxQQ69MALHCqY6KV9U64.pdf,finetuning/reference-materials/peru-quechua/text/1gQGvOSoXB-zNZxQQ69MALHCqY6KV9U64.txt,extracted_unreviewed,172,42927234,12545,93766445c1c6e2b87060052e57a6b973c961b6c26a22c7ee7030aa2f557ad0b3,,not_cleared_review_required,False
book-14633187132b,Rimana 3.er Pulla yacakushun = Comunicación 3.er Cuaderno de trabajo - Quechua Inkawasi Kañaris (MINEDU) PDF,inkawasi_kanaris,language_communication,unspecified,3,False,candidate,https://peru.librosminedu.com/rimana-3-er-pulla-yacakushun-comunicacion-3-er-cuaderno-de-trabajo/,"Edición 2023EIB - Quechua Inkawasi-Kañaris · 172 páginas · 31,1 MB",2023,https://peru.librosminedu.com/pdf-rimana-3-er-pulla-yacakushun-comunicacion-3-er-cuaderno-de-trabajo/,1UGCn7ICQ5KR2WsODlWg0XY5VyNMCpEqQ,downloaded,finetuning/reference-materials/peru-quechua/pdf/1UGCn7ICQ5KR2WsODlWg0XY5VyNMCpEqQ.pdf,finetuning/reference-materials/peru-quechua/text/1UGCn7ICQ5KR2WsODlWg0XY5VyNMCpEqQ.txt,no_extractable_text_ocr_needed,172,32554645,0,89b4a34afe95b009c777f6bf3fd566dad6dd4e0b3f8adae0eb0c2bd2dba144ed,,not_cleared_review_required,False
book-6bfb0fbf2f55,Rimana 5. Llapanchik yachakushun = Comunicación 5. Cuaderno de trabajo - Quechua Central (MINEDU) PDF,central_unspecified,language_communication,unspecified,5,False,candidate,https://peru.librosminedu.com/rimana-5-llapanchik-yachakushun-comunicacion-5-cuaderno-de-trabajo/,"Edición 2023EIB - Quechua Chanka · 172 páginas · 18,1 MB",2023,https://peru.librosminedu.com/pdf-rimana-5-llapanchik-yachakushun-comunicacion-5-cuaderno-de-trabajo/,1Qb4VYvZDvod5U9woifp6xPTqNk31gkG0,downloaded,finetuning/reference-materials/peru-quechua/pdf/1Qb4VYvZDvod5U9woifp6xPTqNk31gkG0.pdf,finetuning/reference-materials/peru-quechua/text/1Qb4VYvZDvod5U9woifp6xPTqNk31gkG0.txt,extracted_unreviewed,172,18955812,16806,cdb7991817caa123be5b8c6c191a666cd5d19c9422ae6e6f1f3efcc7ea80156b,,explicit_restriction_detected_review_required,False
book-cc145f2e3d68,Sicha 4. Willana = Comunicación 4. Cuaderno de trabajo - Quechua Amazónico (Kichwa) (MINEDU) PDF,kichwa_unspecified,language_communication,unspecified,4,False,candidate,https://peru.librosminedu.com/sicha-4-willana-comunicacion-4-cuaderno-de-trabajo-quechua-amazonico/,"Edición 2023EIB - Quechua Amazónico · 204 páginas · 25,9 MB",2023,https://peru.librosminedu.com/pdf-sicha-4-willana-comunicacion-4-cuaderno-de-trabajo-quechua-amazonico/,18y83_u80NEGxcRIrH6Hcs3_Kp_qYxTHM,downloaded,finetuning/reference-materials/peru-quechua/pdf/18y83_u80NEGxcRIrH6Hcs3_Kp_qYxTHM.pdf,finetuning/reference-materials/peru-quechua/text/18y83_u80NEGxcRIrH6Hcs3_Kp_qYxTHM.txt,extracted_unreviewed,204,27180993,27955,8bf6dfefdcb88caf6912d26edc5578cbe9b8c9c2e8d20916d7e856d1db4df5c2,,explicit_restriction_detected_review_required,False
book-c6c974f84403,Sicha 3.er Willana = Comunicación 3.er Cuaderno de trabajo - Quechua Amazónico (Kichwa) (MINEDU) PDF,kichwa_unspecified,language_communication,unspecified,3,False,candidate,https://peru.librosminedu.com/sicha-3-er-willana-comunicacion-3-er-cuaderno-de-trabajo-quechua/,"Edición 2023EIB - Quechua Amazónico · 202 páginas · 19,3 MB",2023,https://peru.librosminedu.com/pdf-sicha-3-er-willana-comunicacion-3-er-cuaderno-de-trabajo-quechua/,1he9sTOsbXvorwfWAbHBWf_AIq01jyqLx,downloaded,finetuning/reference-materials/peru-quechua/pdf/1he9sTOsbXvorwfWAbHBWf_AIq01jyqLx.pdf,finetuning/reference-materials/peru-quechua/text/1he9sTOsbXvorwfWAbHBWf_AIq01jyqLx.txt,extracted_unreviewed,202,20195564,25136,7b4981aa437c1466d9a10e03dda0cf32cbfb9770b6e2c3032d567429f14d569c,,explicit_restriction_detected_review_required,False
book-c90c0a9a2fa5,Rimana 6. = Comunicación 6. Cuaderno de trabajo - Quechua Collao - 6.° grado de Primaria (MINEDU) PDF,collao,language_communication,primary,6,False,candidate,https://peru.librosminedu.com/rimana-6-comunicacion-6-cuaderno-de-trabajo-quechua-collao-6-grado-de/,"Edición 2023EIB - Quechua Collao · 172 páginas · 18,4 MB",2023,https://peru.librosminedu.com/pdf-rimana-6-comunicacion-6-cuaderno-de-trabajo-quechua-collao-6-grado-de/,1CsV1-06QpT4G2bQZtsgS6NVluG2l8guT,downloaded,finetuning/reference-materials/peru-quechua/pdf/1CsV1-06QpT4G2bQZtsgS6NVluG2l8guT.pdf,finetuning/reference-materials/peru-quechua/text/1CsV1-06QpT4G2bQZtsgS6NVluG2l8guT.txt,extracted_unreviewed,172,19289707,17319,27a3c4038bd6e2a54b006e3bccb00f8ef442d01d130945f00b0e49e07e87bda1,,not_cleared_review_required,False
book-ae22b263cad3,Rimana 6. kuskalla yachasunchik = Comunicación 6. Cuaderno de trabajo - Quechua Chanka (MINEDU) PDF,chanka,language_communication,unspecified,6,False,candidate,https://peru.librosminedu.com/rimana-6-kuskalla-yachasunchik-comunicacion-6-cuaderno-de-trabajo/,"Edición 2023EIB - Quechua Chanka · 172 páginas · 26,7 MB",2023,https://peru.librosminedu.com/pdf-rimana-6-kuskalla-yachasunchik-comunicacion-6-cuaderno-de-trabajo/,15SO0B3H6Ew4A0nPvJfo3rzm4jCEegfHH,downloaded,finetuning/reference-materials/peru-quechua/pdf/15SO0B3H6Ew4A0nPvJfo3rzm4jCEegfHH.pdf,finetuning/reference-materials/peru-quechua/text/15SO0B3H6Ew4A0nPvJfo3rzm4jCEegfHH.txt,extracted_unreviewed,172,28027363,19812,b2ddec267194b0b9de5451fa1abea1a4ec6e979682d5780e444951fb167f69c8,,not_cleared_review_required,False
book-ae22b263cad3,Rimana 6. kuskalla yachasunchik = Comunicación 6. Cuaderno de trabajo - Quechua Chanka (MINEDU) PDF,chanka,language_communication,unspecified,6,False,candidate,https://peru.librosminedu.com/rimana-6-kuskalla-yachasunchik-comunicacion-6-cuaderno-de-trabajo/,"Rimana 6 Kuskalla yachasunchik = Comunicación: Cuaderno de trabajo 6 - Qichwa Chanka…EIB - Quechua Chanka · 172 páginas · 39,1 MB",,https://peru.librosminedu.com/pdf-rimana-6-kuskalla-yachasunchik-comunicacion-cuaderno-de-trabajo-6/,1IUmfpIk9YKbye0CHyfDBWmoOnnhYZGFl,downloaded,finetuning/reference-materials/peru-quechua/pdf/1IUmfpIk9YKbye0CHyfDBWmoOnnhYZGFl.pdf,finetuning/reference-materials/peru-quechua/text/1IUmfpIk9YKbye0CHyfDBWmoOnnhYZGFl.txt,extracted_unreviewed,172,40957751,19812,f5542668715f57abe95dcb26021326a945f26567a1cbcd61798705feffe8877b,,not_cleared_review_required,False
book-b85ac27e3600,Rimana 6. Pulla yacakushun = Comunicación 6. Cuaderno de trabajo - Quechua Inkawasi Kañaris (MINEDU) PDF,inkawasi_kanaris,language_communication,unspecified,6,False,candidate,https://peru.librosminedu.com/rimana-6-pulla-yacakushun-comunicacion-6-cuaderno-de-trabajo-quechua/,"Edición 2023EIB - Quechua Inkawasi-Kañaris · 172 páginas · 20,7 MB",2023,https://peru.librosminedu.com/pdf-rimana-6-pulla-yacakushun-comunicacion-6-cuaderno-de-trabajo-quechua/,1XMH0l2yXRVlaQ6K58xBVxFDBN5qYeScj,downloaded,finetuning/reference-materials/peru-quechua/pdf/1XMH0l2yXRVlaQ6K58xBVxFDBN5qYeScj.pdf,finetuning/reference-materials/peru-quechua/text/1XMH0l2yXRVlaQ6K58xBVxFDBN5qYeScj.txt,no_extractable_text_ocr_needed,172,21739585,0,9d00bf46a3be51c7e435f6af7d3dd699d0b32b51adfa1ed439da1322092abbe1,,not_cleared_review_required,False
book-b85ac27e3600,Rimana 6. Pulla yacakushun = Comunicación 6. Cuaderno de trabajo - Quechua Inkawasi Kañaris (MINEDU) PDF,inkawasi_kanaris,language_communication,unspecified,6,False,candidate,https://peru.librosminedu.com/rimana-6-pulla-yacakushun-comunicacion-6-cuaderno-de-trabajo-quechua/,"Rimana 6 Pulla yacakushun = Comunicación: Cuaderno de trabajo 6 - Quechua norteño (2021)EIB - Quechua Inkawasi-Kañaris · 172 páginas · 36,4 MB",,https://peru.librosminedu.com/pdf-rimana-6-pulla-yacakushun-comunicacion-cuaderno-de-trabajo-6-quechua/,1mXGFONMmO7bDzGkZhpUMWXQWQYrxEe2H,downloaded,finetuning/reference-materials/peru-quechua/pdf/1mXGFONMmO7bDzGkZhpUMWXQWQYrxEe2H.pdf,finetuning/reference-materials/peru-quechua/text/1mXGFONMmO7bDzGkZhpUMWXQWQYrxEe2H.txt,no_extractable_text_ocr_needed,172,38139882,0,6c53c0c10624ef1ba4a907b7a89a9f8c6d64a61cc2c30c15b24d276bf347b980,,not_cleared_review_required,False
book-f3bffb17694e,Rimana 5. Pulla yacakushun = Comunicación 5. Cuaderno de trabajo - Quechua Inkawasi Kañaris (MINEDU) PDF,inkawasi_kanaris,language_communication,unspecified,5,False,candidate,https://peru.librosminedu.com/rimana-5-pulla-yacakushun-comunicacion-5-cuaderno-de-trabajo-quechua/,"Edición 2023EIB - Quechua Inkawasi-Kañaris · 172 páginas · 22,3 MB",2023,https://peru.librosminedu.com/pdf-rimana-5-pulla-yacakushun-comunicacion-5-cuaderno-de-trabajo-quechua/,1Ch1RASuBd0-1ETCNgsz8QovROz3XfEdB,downloaded,finetuning/reference-materials/peru-quechua/pdf/1Ch1RASuBd0-1ETCNgsz8QovROz3XfEdB.pdf,finetuning/reference-materials/peru-quechua/text/1Ch1RASuBd0-1ETCNgsz8QovROz3XfEdB.txt,no_extractable_text_ocr_needed,172,23379364,0,2fb56872cbf7e240a7b95c8da4fd3c36ec43b58caf555635f5c070966c3d019b,,not_cleared_review_required,False
book-f3bffb17694e,Rimana 5. Pulla yacakushun = Comunicación 5. Cuaderno de trabajo - Quechua Inkawasi Kañaris (MINEDU) PDF,inkawasi_kanaris,language_communication,unspecified,5,False,candidate,https://peru.librosminedu.com/rimana-5-pulla-yacakushun-comunicacion-5-cuaderno-de-trabajo-quechua/,"Rimana 5 Pulla yacakushun = Comunicación: Cuaderno de trabajo 5 - Quechua Norteño (2021)EIB - Quechua Inkawasi-Kañaris · 172 páginas · 38,6 MB",,https://peru.librosminedu.com/pdf-rimana-5-pulla-yacakushun-comunicacion-cuaderno-de-trabajo-5-quechua/,18k-m6cCcPVMOC8oHirJ-EvLabM_Sljzj,downloaded,finetuning/reference-materials/peru-quechua/pdf/18k-m6cCcPVMOC8oHirJ-EvLabM_Sljzj.pdf,finetuning/reference-materials/peru-quechua/text/18k-m6cCcPVMOC8oHirJ-EvLabM_Sljzj.txt,no_extractable_text_ocr_needed,172,40511652,0,bff3f98c9ea9477b5b7284951dea92e0c940ae91c3e302dd73d2c89bcd296e30,,not_cleared_review_required,False
book-7c40b1d5a035,Rimana 6. Llapanchik yachakushun = Comunicación 6. Cuaderno de trabajo - Quechua Central (MINEDU) PDF,central_unspecified,language_communication,unspecified,6,False,candidate,https://peru.librosminedu.com/rimana-6-llapanchik-yachakushun-comunicacion-6-cuaderno-de-trabajo/,"Edición 2023EIB - Quechua Central · 172 páginas · 13,7 MB",2023,https://peru.librosminedu.com/pdf-rimana-6-llapanchik-yachakushun-comunicacion-6-cuaderno-de-trabajo/,1_9hvSuXyVc4XWt4ZinqFcUcFc-1je27P,downloaded,finetuning/reference-materials/peru-quechua/pdf/1_9hvSuXyVc4XWt4ZinqFcUcFc-1je27P.pdf,finetuning/reference-materials/peru-quechua/text/1_9hvSuXyVc4XWt4ZinqFcUcFc-1je27P.txt,extracted_unreviewed,172,14394858,20215,de05c39f01aa69c58b756d9d8470ad6946a4d59309c5cafb5d43c7396d17225c,,explicit_restriction_detected_review_required,False
book-c6621d7393ff,Rimana 4. Llapanchik yachakushun = Comunicación 4. Cuaderno de trabajo - Quechua Central (MINEDU) PDF,central_unspecified,language_communication,unspecified,4,False,candidate,https://peru.librosminedu.com/rimana-4-llapanchik-yachakushun-comunicacion-4-cuaderno-de-trabajo/,"Edición 2023EIB - Quechua Central · 172 páginas · 18,6 MB",2023,https://peru.librosminedu.com/pdf-rimana-4-llapanchik-yachakushun-comunicacion-4-cuaderno-de-trabajo/,1dvv-RuorXv4KFINAnxfFPL6cALMcO2f1,downloaded,finetuning/reference-materials/peru-quechua/pdf/1dvv-RuorXv4KFINAnxfFPL6cALMcO2f1.pdf,finetuning/reference-materials/peru-quechua/text/1dvv-RuorXv4KFINAnxfFPL6cALMcO2f1.txt,extracted_unreviewed,172,19537353,14287,aee7196e043c98a2ee9c2c7e29e6f4269cf2f75ca1f684466b129bc30eafb3ec,,explicit_restriction_detected_review_required,False
book-c6621d7393ff,Rimana 4. Llapanchik yachakushun = Comunicación 4. Cuaderno de trabajo - Quechua Central (MINEDU) PDF,central_unspecified,language_communication,unspecified,4,False,candidate,https://peru.librosminedu.com/rimana-4-llapanchik-yachakushun-comunicacion-4-cuaderno-de-trabajo/,"Rimana 4 Kuskalla yachasunchik = Comunicación, Cuaderno de trabajo 4 - Qichwa Chanka…EIB - Quechua Chanka · 172 páginas · 34,5 MB",,https://peru.librosminedu.com/pdf-rimana-4-kuskalla-yachasunchik-comunicacion-cuaderno-de-trabajo-4/,1Ra-USm8Shgz9ZNXTjJKaZf4tnpeembGf,downloaded,finetuning/reference-materials/peru-quechua/pdf/1Ra-USm8Shgz9ZNXTjJKaZf4tnpeembGf.pdf,finetuning/reference-materials/peru-quechua/text/1Ra-USm8Shgz9ZNXTjJKaZf4tnpeembGf.txt,extracted_unreviewed,172,36192488,14196,dee31c23323cab9480e043bd438acf864de5359da5e4fd05474f955571555508,,not_cleared_review_required,False
book-bee970359087,Rimana 4. Pulla yacakushun = Comunicación 4. Cuaderno de trabajo - Quechua Inkawasi Kañaris (MINEDU) PDF,inkawasi_kanaris,language_communication,unspecified,4,False,candidate,https://peru.librosminedu.com/rimana-4-pulla-yacakushun-comunicacion-4-cuaderno-de-trabajo-quechua-2/,"Edición 2023EIB - Quechua Inkawasi-Kañaris · 172 páginas · 22,6 MB",2023,https://peru.librosminedu.com/pdf-rimana-4-pulla-yacakushun-comunicacion-4-cuaderno-de-trabajo-quechua-2/,1a965sxUHuABoomsZr_vvtni9Tar7GRFi,downloaded,finetuning/reference-materials/peru-quechua/pdf/1a965sxUHuABoomsZr_vvtni9Tar7GRFi.pdf,finetuning/reference-materials/peru-quechua/text/1a965sxUHuABoomsZr_vvtni9Tar7GRFi.txt,no_extractable_text_ocr_needed,172,23747329,0,034e0f0e81d612f3d3aebf1f668f6a095f94ef3c961b29210c439dc72740b1b4,,not_cleared_review_required,False
book-4e2fb524a3d8,"Segundina Puma, tejedora de Pitumarca: V Ciclo, 5 y 6 grado. Actividad 2 (MINEDU) PDF",unspecified,other_school_material,unspecified,,False,candidate,https://peru.librosminedu.com/segundina-puma-tejedora-de-pitumarca-v-ciclo-5-y-6-grado-actividad-2/,"Actividad 2EIB - Quechua Collao · 1 páginas · 1,6 MB",,https://peru.librosminedu.com/pdf-segundina-puma-tejedora-de-pitumarca-v-ciclo-5-y-6-grado-actividad-2/,1rr6YG5vvGVBNV2lunicUfBIhz4kyBGeV,downloaded,finetuning/reference-materials/peru-quechua/pdf/1rr6YG5vvGVBNV2lunicUfBIhz4kyBGeV.pdf,finetuning/reference-materials/peru-quechua/text/1rr6YG5vvGVBNV2lunicUfBIhz4kyBGeV.txt,extracted_unreviewed,1,1702817,203,fb0c8a5c5c5946f340df5d7f7bf3de4da38cc3d9cccbb212c6b686f7c063d3cb,,not_cleared_review_required,False
book-04bf0a81a7a1,2. Wiñay qichwa: Qichwata yachakunapaq = Fichas de trabajo: Comunicación - Quechua Central L2 (MINEDU) PDF,central_unspecified,language_communication,unspecified,,False,candidate,https://peru.librosminedu.com/2-winay-qichwa-qichwata-yachakunapaq-fichas-de-trabajo-comunicacion/,"2 Wiñay Qichwa: Qichwata yachakunapaq = Fichas de trabajo: Comunicación - Quechua CentralEIB - Quechua Central · 198 páginas · 44,3 MB",,https://peru.librosminedu.com/pdf-2-winay-qichwa-qichwata-yachakunapaq-fichas-de-trabajo-comunicacion-2/,1_UYCG1UIUIeL9v0p7Uh0CDJkstRBg3Zi,downloaded,finetuning/reference-materials/peru-quechua/pdf/1_UYCG1UIUIeL9v0p7Uh0CDJkstRBg3Zi.pdf,finetuning/reference-materials/peru-quechua/text/1_UYCG1UIUIeL9v0p7Uh0CDJkstRBg3Zi.txt,extracted_unreviewed,198,46414328,8740,1e0d54f7e96c1ea93125123719ce75c44398d97aeb456cae82a36d3f1a8599fd,,not_cleared_review_required,False
book-04bf0a81a7a1,2. Wiñay qichwa: Qichwata yachakunapaq = Fichas de trabajo: Comunicación - Quechua Central L2 (MINEDU) PDF,central_unspecified,language_communication,unspecified,,False,candidate,https://peru.librosminedu.com/2-winay-qichwa-qichwata-yachakunapaq-fichas-de-trabajo-comunicacion/,"2. Wiñay qichwa: Qichwata yachakunapaq = Fichas de trabajo: ComunicaciEIB - Quechua Central · 198 páginas · 30,4 MB",,https://peru.librosminedu.com/pdf-2-winay-qichwa-qichwata-yachakunapaq-fichas-de-trabajo-comunicacion/,1XHf1mNgXZ_clpzjYXMxlZYs6MhyQYWBY,downloaded,finetuning/reference-materials/peru-quechua/pdf/1XHf1mNgXZ_clpzjYXMxlZYs6MhyQYWBY.pdf,finetuning/reference-materials/peru-quechua/text/1XHf1mNgXZ_clpzjYXMxlZYs6MhyQYWBY.txt,extracted_unreviewed,198,31850893,8740,a561c987a14b980d80c552d018918d9e9a8b7a64bbfe36cf40d89984f0c87e39,,not_cleared_review_required,False
book-b6321eb36579,1.er Wiñay qichwa: Qichwata yachakunapaq = Fichas de trabajo: Comunicación - Quechua Central L2 (MINEDU) PDF,central_unspecified,language_communication,unspecified,,False,candidate,https://peru.librosminedu.com/1-er-winay-qichwa-qichwata-yachakunapaq-fichas-de-trabajo/,"Edición 2021EIB - Quechua Central · 204 páginas · 18,5 MB",2021,https://peru.librosminedu.com/pdf-1-er-winay-qichwa-qichwata-yachakunapaq-fichas-de-trabajo/,1_4UpATB5p2vaxzyBJWZ9jzSqg4y9-iH4,downloaded,finetuning/reference-materials/peru-quechua/pdf/1_4UpATB5p2vaxzyBJWZ9jzSqg4y9-iH4.pdf,finetuning/reference-materials/peru-quechua/text/1_4UpATB5p2vaxzyBJWZ9jzSqg4y9-iH4.txt,extracted_unreviewed,204,19369370,7436,037479568ccb687e0f987c4b54fdaa10a33fd5c43fb6e2b927a789f1cf47ea8d,,not_cleared_review_required,False
book-4c6fbf1b942c,4. Wiñay qichwa: Qichwata yachakunapaq = Fichas de trabajo: Comunicación - Quechua Central L2 (MINEDU) PDF,central_unspecified,language_communication,unspecified,,False,candidate,https://peru.librosminedu.com/4-winay-qichwa-qichwata-yachakunapaq-fichas-de-trabajo-comunicacion/,"4 Wiñay Qichwa: Qichwata yachakunapaq = Fichas de trabajo: Comunicación - Quechua CentralEIB - Quechua Central · 204 páginas · 50,3 MB",,https://peru.librosminedu.com/pdf-4-winay-qichwa-qichwata-yachakunapaq-fichas-de-trabajo-comunicacion-2/,1zaHU_F8pxCTov6NICeYnVPDgWbmw0tcQ,downloaded,finetuning/reference-materials/peru-quechua/pdf/1zaHU_F8pxCTov6NICeYnVPDgWbmw0tcQ.pdf,finetuning/reference-materials/peru-quechua/text/1zaHU_F8pxCTov6NICeYnVPDgWbmw0tcQ.txt,extracted_unreviewed,204,52770311,12592,052887ade9495c553ae5389bb1a6dab64f57cf9414dba1231b7f7a70fd9634a0,,not_cleared_review_required,False
book-4c6fbf1b942c,4. Wiñay qichwa: Qichwata yachakunapaq = Fichas de trabajo: Comunicación - Quechua Central L2 (MINEDU) PDF,central_unspecified,language_communication,unspecified,,False,candidate,https://peru.librosminedu.com/4-winay-qichwa-qichwata-yachakunapaq-fichas-de-trabajo-comunicacion/,"Edición 2021EIB - Quechua Central · 204 páginas · 30,3 MB",2021,https://peru.librosminedu.com/pdf-4-winay-qichwa-qichwata-yachakunapaq-fichas-de-trabajo-comunicacion/,1hAAyPZgH3KwsJBct5GQue6gfLiU4jjgG,downloaded,finetuning/reference-materials/peru-quechua/pdf/1hAAyPZgH3KwsJBct5GQue6gfLiU4jjgG.pdf,finetuning/reference-materials/peru-quechua/text/1hAAyPZgH3KwsJBct5GQue6gfLiU4jjgG.txt,extracted_unreviewed,204,31743649,12598,9e0dcaae0009f3cbcc266bc65c3116692e9f6778a47c12719d822e3e80760b64,,not_cleared_review_required,False
book-bbb850de4b06,3.er Wiñay qichwa: Qichwata yachakunapaq = Fichas de trabajo: Comunicación - Quechua Central L2 (MINEDU) PDF,central_unspecified,language_communication,unspecified,,False,candidate,https://peru.librosminedu.com/3-er-winay-qichwa-qichwata-yachakunapaq-fichas-de-trabajo/,"Edición 2021EIB - Quechua Central · 204 páginas · 26,5 MB",2021,https://peru.librosminedu.com/pdf-3-er-winay-qichwa-qichwata-yachakunapaq-fichas-de-trabajo/,1DVv5yB5PmzMhA6Lyh7UHzvdwC1Yv-yWW,downloaded,finetuning/reference-materials/peru-quechua/pdf/1DVv5yB5PmzMhA6Lyh7UHzvdwC1Yv-yWW.pdf,finetuning/reference-materials/peru-quechua/text/1DVv5yB5PmzMhA6Lyh7UHzvdwC1Yv-yWW.txt,extracted_unreviewed,204,27742846,10687,cb7a128d0f18777bd0bb9fe4659b677ac79100fd2951ab50016d5fb08cdf4c41,,not_cleared_review_required,False
book-e13281611cd2,5. Wiñay qichwa: Qichwata yachakunapaq = Fichas de trabajo: Comunicación - Quechua Central L2 (MINEDU) PDF,central_unspecified,language_communication,unspecified,,False,candidate,https://peru.librosminedu.com/5-winay-qichwa-qichwata-yachakunapaq-fichas-de-trabajo-comunicacion/,"Edición 2021EIB - Quechua Central · 204 páginas · 31,6 MB",2021,https://peru.librosminedu.com/pdf-5-winay-qichwa-qichwata-yachakunapaq-fichas-de-trabajo-comunicacion/,1vInvE1payzikG9D7QlEob2N20RNVSRnF,downloaded,finetuning/reference-materials/peru-quechua/pdf/1vInvE1payzikG9D7QlEob2N20RNVSRnF.pdf,finetuning/reference-materials/peru-quechua/text/1vInvE1payzikG9D7QlEob2N20RNVSRnF.txt,extracted_unreviewed,204,33166347,12855,52362723d59bbf013358b5b99b0217958f27ab1a50a761c93b943f6b64f4ef83,,not_cleared_review_required,False
book-fe76534b1f4d,6. Wiñay qichwa: Qichwata yachakunapaq = Fichas de trabajo: Comunicación - Quechua Central L2 (MINEDU) PDF,central_unspecified,language_communication,unspecified,,False,candidate,https://peru.librosminedu.com/6-winay-qichwa-qichwata-yachakunapaq-fichas-de-trabajo-comunicacion/,"Edición 2021EIB - Quechua Central · 204 páginas · 28,2 MB",2021,https://peru.librosminedu.com/pdf-6-winay-qichwa-qichwata-yachakunapaq-fichas-de-trabajo-comunicacion/,1AaW_e3JxQpPN2RvXNvKXH-Vf0flKWL-B,downloaded,finetuning/reference-materials/peru-quechua/pdf/1AaW_e3JxQpPN2RvXNvKXH-Vf0flKWL-B.pdf,finetuning/reference-materials/peru-quechua/text/1AaW_e3JxQpPN2RvXNvKXH-Vf0flKWL-B.txt,extracted_unreviewed,204,29569434,14962,716521050c87d079e2e7848e419eae5da0922f1b4e89ce5c048a7e93ee5cfe15,,not_cleared_review_required,False
book-87f5e62f100b,Rimana 1.er Pulla yacakushun = Comunicación 1.er Cuaderno de trabajo - Quechua norteño (MINEDU) PDF,norteno_unspecified,language_communication,unspecified,1,False,candidate,https://peru.librosminedu.com/rimana-1-er-pulla-yacakushun-comunicacion-1-er-cuaderno-de-trabajo/,"Edición 2021EIB - Quechua Inkawasi-Kañaris/Quechua norteño · 392 páginas · 30,4 MB",2021,https://peru.librosminedu.com/pdf-rimana-1-er-pulla-yacakushun-comunicacion-1-er-cuaderno-de-trabajo/,1ELPGIdTePF8gPPDmZ43Wl8drao_ssPRg,downloaded,finetuning/reference-materials/peru-quechua/pdf/1ELPGIdTePF8gPPDmZ43Wl8drao_ssPRg.pdf,finetuning/reference-materials/peru-quechua/text/1ELPGIdTePF8gPPDmZ43Wl8drao_ssPRg.txt,no_extractable_text_ocr_needed,392,31868689,0,6fd76a68b33224aefa87c56e89ff1c73ff6153cec91052900cfe81b5cd97bf38,,not_cleared_review_required,False
book-fb185da74758,Qichwa yachanapaq 1 = Fichas de trabajo de comunicación (lengua originaria L2) - Lengua Quechua Collao 1 (MINEDU) PDF,collao,language_communication,unspecified,,False,candidate,https://peru.librosminedu.com/qichwa-yachanapaq-1-fichas-de-trabajo-de-comunicacion-lengua/,"Edición 2021EIB - Quechua Collao · 204 páginas · 28,8 MB",2021,https://peru.librosminedu.com/pdf-qichwa-yachanapaq-1-fichas-de-trabajo-de-comunicacion-lengua/,1ZHx29l8R4GIak53gKzrID5ThPiJtMPWe,downloaded,finetuning/reference-materials/peru-quechua/pdf/1ZHx29l8R4GIak53gKzrID5ThPiJtMPWe.pdf,finetuning/reference-materials/peru-quechua/text/1ZHx29l8R4GIak53gKzrID5ThPiJtMPWe.txt,extracted_unreviewed,204,30154925,8177,b6a6aabf3bec6fee7a7189b7de58c1bab37823f96c3304c623b2989071cfb9f5,,not_cleared_review_required,False
book-91ebadcb8c89,Qichwa yachanapaq 2. = Fichas de trabajo de comunicación 2. (lengua originaria L2.) (MINEDU) PDF,unspecified,language_communication,unspecified,2,False,candidate,https://peru.librosminedu.com/qichwa-yachanapaq-2-fichas-de-trabajo-de-comunicacion-2-lengua/,"Lengua Quechua CollaoEIB - Quechua Collao · 202 páginas · 31,4 MB",,https://peru.librosminedu.com/pdf-qichwa-yachanapaq-2-fichas-de-trabajo-de-comunicacion-2-lengua/,1B7LKO0-UxslSBXd0SAKR6Z33QVDBVQnc,downloaded,finetuning/reference-materials/peru-quechua/pdf/1B7LKO0-UxslSBXd0SAKR6Z33QVDBVQnc.pdf,finetuning/reference-materials/peru-quechua/text/1B7LKO0-UxslSBXd0SAKR6Z33QVDBVQnc.txt,extracted_unreviewed,202,32902006,14793,782c4e9201f86f2e81a4c56afb7e788d268b3b1a8a593ae58d595421b63ff97a,,not_cleared_review_required,False
book-91ebadcb8c89,Qichwa yachanapaq 2. = Fichas de trabajo de comunicación 2. (lengua originaria L2.) (MINEDU) PDF,unspecified,language_communication,unspecified,2,False,candidate,https://peru.librosminedu.com/qichwa-yachanapaq-2-fichas-de-trabajo-de-comunicacion-2-lengua/,"Quechua ChankaEIB - Quechua Chanka · 202 páginas · 26,8 MB",,https://peru.librosminedu.com/pdf-qichwa-yachanapaq-2-fichas-de-trabajo-de-comunicacion-2-lengua-2/,1jMcRkxuOFawGdjrbY-PpQ0lpD0uOXaHf,downloaded,finetuning/reference-materials/peru-quechua/pdf/1jMcRkxuOFawGdjrbY-PpQ0lpD0uOXaHf.pdf,finetuning/reference-materials/peru-quechua/text/1jMcRkxuOFawGdjrbY-PpQ0lpD0uOXaHf.txt,extracted_unreviewed,202,28070335,9243,c3f9926e0ba7b60409ad18bfd87d0dc422c13c9979d47bb7814ba775e69150d6,,explicit_restriction_detected_review_required,False
book-3e2280d440bd,Qichwa yachanapaq 5. = Fichas de trabajo de comunicación 5. (lengua originaria L2.) (MINEDU) PDF,unspecified,language_communication,unspecified,5,False,candidate,https://peru.librosminedu.com/qichwa-yachanapaq-5-fichas-de-trabajo-de-comunicacion-5-lengua/,"Lengua Quechua Collao (2023)EIB - Quechua Collao · 204 páginas · 30,5 MB",,https://peru.librosminedu.com/pdf-qichwa-yachanapaq-5-fichas-de-trabajo-de-comunicacion-5-lengua/,1QroCxLuOIbCeRhoNpLs8E_BQDD6VEBlg,downloaded,finetuning/reference-materials/peru-quechua/pdf/1QroCxLuOIbCeRhoNpLs8E_BQDD6VEBlg.pdf,finetuning/reference-materials/peru-quechua/text/1QroCxLuOIbCeRhoNpLs8E_BQDD6VEBlg.txt,extracted_unreviewed,204,32007447,15126,91c7905979b97b27400a26b21a2243ddfe10f997f2259c0cdb0ec914bbdf9ce5,,not_cleared_review_required,False
book-3e2280d440bd,Qichwa yachanapaq 5. = Fichas de trabajo de comunicación 5. (lengua originaria L2.) (MINEDU) PDF,unspecified,language_communication,unspecified,5,False,candidate,https://peru.librosminedu.com/qichwa-yachanapaq-5-fichas-de-trabajo-de-comunicacion-5-lengua/,"Quechua Chanka (2021)EIB - Quechua Chanka · 202 páginas · 27,5 MB",,https://peru.librosminedu.com/pdf-qichwa-yachanapaq-5-fichas-de-trabajo-de-comunicacion-5-lengua-2/,1vFt5iiBJ8Gqt5Nr-OfbTNcHjKXo2goP6,downloaded,finetuning/reference-materials/peru-quechua/pdf/1vFt5iiBJ8Gqt5Nr-OfbTNcHjKXo2goP6.pdf,finetuning/reference-materials/peru-quechua/text/1vFt5iiBJ8Gqt5Nr-OfbTNcHjKXo2goP6.txt,extracted_unreviewed,202,28820089,15009,684d35a46c12f63ac39bb43833a09c88f9e2d85a0d1da6105a849f26f2165133,,explicit_restriction_detected_review_required,False
book-faaa0abfb644,Rimana 4. Llapanchik yachakushun = Comunicación 4. Secundaria: Cuaderno de trabajo - Chawpin Qichwa (MINEDU) PDF,central_unspecified,language_communication,secondary,4,False,candidate,https://peru.librosminedu.com/rimana-4-llapanchik-yachakushun-comunicacion-4-secundaria-cuaderno-de/,"Edición 2021EIB - Quechua Central · 238 páginas · 30,2 MB",2021,https://peru.librosminedu.com/pdf-rimana-4-llapanchik-yachakushun-comunicacion-4-secundaria-cuaderno-de/,1dqE1P7syCrzavudUAzIHi8B7Vo8i-fnx,downloaded,finetuning/reference-materials/peru-quechua/pdf/1dqE1P7syCrzavudUAzIHi8B7Vo8i-fnx.pdf,finetuning/reference-materials/peru-quechua/text/1dqE1P7syCrzavudUAzIHi8B7Vo8i-fnx.txt,extracted_unreviewed,238,31641314,22150,2ad35d9dfe9b59b6e99626f7d85736622bca50f601a0d20620859e834cbf59ba,,explicit_restriction_detected_review_required,False
book-b921345b5e4c,Rimana 2. Kuskalla yachasunchik = Comunicación 2. Secundaria: Cuaderno de trabajo - Qullaw Qichwa (MINEDU) PDF,collao,language_communication,secondary,2,False,candidate,https://peru.librosminedu.com/rimana-2-kuskalla-yachasunchik-comunicacion-2-secundaria-cuaderno-de/,"Edición 2021EIB - Quechua Collao · 240 páginas · 28,7 MB",2021,https://peru.librosminedu.com/pdf-rimana-2-kuskalla-yachasunchik-comunicacion-2-secundaria-cuaderno-de/,1G4D-ZeEThOpvdgnUhFTnodqSlXowmPe7,downloaded,finetuning/reference-materials/peru-quechua/pdf/1G4D-ZeEThOpvdgnUhFTnodqSlXowmPe7.pdf,finetuning/reference-materials/peru-quechua/text/1G4D-ZeEThOpvdgnUhFTnodqSlXowmPe7.txt,extracted_unreviewed,240,30113405,24456,52413d5b2c1db5dce4f8e63b9b5e94ebe4d8ead555639c5c7ffba2c4e42b4fd9,,not_cleared_review_required,False
book-3cea1d83412f,Rimana 4. Kuskalla yachasunchik = Comunicación 4. Secundaria: Cuaderno de trabajo - Qullaw Qichwa (MINEDU) PDF,collao,language_communication,secondary,4,False,candidate,https://peru.librosminedu.com/rimana-4-kuskalla-yachasunchik-comunicacion-4-secundaria-cuaderno-de/,"Edición 2021EIB - Quechua Collao · 240 páginas · 28,4 MB",2021,https://peru.librosminedu.com/pdf-rimana-4-kuskalla-yachasunchik-comunicacion-4-secundaria-cuaderno-de/,1haYBheivS6zuJzoyDwAwAWESFW2xkRMF,downloaded,finetuning/reference-materials/peru-quechua/pdf/1haYBheivS6zuJzoyDwAwAWESFW2xkRMF.pdf,finetuning/reference-materials/peru-quechua/text/1haYBheivS6zuJzoyDwAwAWESFW2xkRMF.txt,extracted_unreviewed,240,29801241,20245,8f1b99654a33bc8b344eae890e42cb671a52b2bc4446aafb930381e56f42be5b,,not_cleared_review_required,False
book-8eedd9ef1e0d,Rimana 5. = Comunicación 5. Secundaria: Cuaderno de trabajo - Qichwa Chanka (MINEDU) PDF,chanka,language_communication,secondary,5,False,candidate,https://peru.librosminedu.com/rimana-5-comunicacion-5-secundaria-cuaderno-de-trabajo-qichwa-chanka/,"Edición 2021EIB - Quechua Chanka · 240 páginas · 28,8 MB",2021,https://peru.librosminedu.com/pdf-rimana-5-comunicacion-5-secundaria-cuaderno-de-trabajo-qichwa-chanka/,1YJFC6IvJDaGB34mCwF50B9NLHOzpRYxf,downloaded,finetuning/reference-materials/peru-quechua/pdf/1YJFC6IvJDaGB34mCwF50B9NLHOzpRYxf.pdf,finetuning/reference-materials/peru-quechua/text/1YJFC6IvJDaGB34mCwF50B9NLHOzpRYxf.txt,extracted_unreviewed,240,30152548,19315,79cfa4de553faea84d99c19b3640613a157719b67ae9bdf1a25e48fb8ce710eb,,not_cleared_review_required,False
book-812c2c896b13,Yupana 1.er Kuskalla yachasunchik = Matemática 1.er Cuaderno de trabajo - Qullaw Qichwa (MINEDU) PDF,collao,mathematics,primary_inferred_from_series,1,False,candidate,https://peru.librosminedu.com/yupana-1-er-kuskalla-yachasunchik-matematica-1-er-cuaderno-de-trabajo-2/,"Edición 2023EIB - Quechua Collao · 156 páginas · 28,6 MB",2023,https://peru.librosminedu.com/pdf-yupana-1-er-kuskalla-yachasunchik-matematica-1-er-cuaderno-de-trabajo-2/,10oHFW6xsRGSQWVcbMSQU7DKxqK7liX8O,downloaded,finetuning/reference-materials/peru-quechua/pdf/10oHFW6xsRGSQWVcbMSQU7DKxqK7liX8O.pdf,finetuning/reference-materials/peru-quechua/text/10oHFW6xsRGSQWVcbMSQU7DKxqK7liX8O.txt,extracted_unreviewed,156,30001015,7525,8aa8de982e6cfb82578692274695084c7005c3e1bb3cb7da57a3e365e1292547,,explicit_restriction_detected_review_required,False
book-057aafb5025a,Rimana 5. Kuskalla yachasunchik = Comunicación 5. Secundaria: Cuaderno de trabajo - Qullaw Qichwa (MINEDU) PDF,collao,language_communication,secondary,5,False,candidate,https://peru.librosminedu.com/rimana-5-kuskalla-yachasunchik-comunicacion-5-secundaria-cuaderno-de/,"Edición 2021EIB - Quechua Collao · 240 páginas · 19,1 MB",2021,https://peru.librosminedu.com/pdf-rimana-5-kuskalla-yachasunchik-comunicacion-5-secundaria-cuaderno-de/,1bs5gvxgvymp8JIwFNS9YZ2fKuPKnhrt-,downloaded,finetuning/reference-materials/peru-quechua/pdf/1bs5gvxgvymp8JIwFNS9YZ2fKuPKnhrt-.pdf,finetuning/reference-materials/peru-quechua/text/1bs5gvxgvymp8JIwFNS9YZ2fKuPKnhrt-.txt,extracted_unreviewed,240,20024722,23051,4dd11a548a6bcd8efe2f65a0f1483d5e173919b9dde9a2ac0fd082acc8d0cf8d,,not_cleared_review_required,False
book-c50340f90ba0,Yupana 1.er Pukllaqnu yacakunchik = Matemática 1.er Cuaderno de trabajo - Inkawasi kañaris Qichwa (MINEDU) PDF,inkawasi_kanaris,mathematics,primary_inferred_from_series,1,False,candidate,https://peru.librosminedu.com/yupana-1-er-pukllaqnu-yacakunchik-matematica-1-er-cuaderno-de-trabajo/,"Edición 2021EIB - Quechua Inkawasi-Kañaris · 156 páginas · 19,2 MB",2021,https://peru.librosminedu.com/pdf-yupana-1-er-pukllaqnu-yacakunchik-matematica-1-er-cuaderno-de-trabajo/,1Pz_owRYXqsX-BIpw_qCGPVfteaJ6ELFD,downloaded,finetuning/reference-materials/peru-quechua/pdf/1Pz_owRYXqsX-BIpw_qCGPVfteaJ6ELFD.pdf,finetuning/reference-materials/peru-quechua/text/1Pz_owRYXqsX-BIpw_qCGPVfteaJ6ELFD.txt,extracted_unreviewed,156,20172080,8840,6efdd26cb5f97851be32d7f2906610d51ed6618b41c5ab7699b5f11b51d0a24d,,explicit_restriction_detected_review_required,False
book-5e121613f9c9,Yupana 1.er Llapanchik yachakushun = Matemática 1.er Cuaderno de trabajo - Quechua Central (MINEDU) PDF,central_unspecified,mathematics,primary_inferred_from_series,1,False,candidate,https://peru.librosminedu.com/yupana-1-er-llapanchik-yachakushun-matematica-1-er-cuaderno-de/,"Edición 2021EIB - Quechua Central · 156 páginas · 16,4 MB",2021,https://peru.librosminedu.com/pdf-yupana-1-er-llapanchik-yachakushun-matematica-1-er-cuaderno-de/,1mX8-7687HwHK-i357fZch_bQV2eiUgMe,downloaded,finetuning/reference-materials/peru-quechua/pdf/1mX8-7687HwHK-i357fZch_bQV2eiUgMe.pdf,finetuning/reference-materials/peru-quechua/text/1mX8-7687HwHK-i357fZch_bQV2eiUgMe.txt,extracted_unreviewed,156,17235961,9453,6c4803791a7575fe5a1099634ea6515fefb80dc971550eb217cacb9f3ec4b4f0,,explicit_restriction_detected_review_required,False
book-722b82dfbb29,Yupana 2. Kuskalla yachasunchik = Matemática 2. Cuaderno de trabajo - Qullaw Qichwa (MINEDU) PDF,collao,mathematics,primary_inferred_from_series,2,False,candidate,https://peru.librosminedu.com/yupana-2-kuskalla-yachasunchik-matematica-2-cuaderno-de-trabajo/,"Edición 2021EIB - Quechua Collao · 156 páginas · 23,6 MB",2021,https://peru.librosminedu.com/pdf-yupana-2-kuskalla-yachasunchik-matematica-2-cuaderno-de-trabajo/,15CFxMEMK9ymRlaS6nFAqiE5CzYbR6qLu,downloaded,finetuning/reference-materials/peru-quechua/pdf/15CFxMEMK9ymRlaS6nFAqiE5CzYbR6qLu.pdf,finetuning/reference-materials/peru-quechua/text/15CFxMEMK9ymRlaS6nFAqiE5CzYbR6qLu.txt,extracted_unreviewed,156,24750706,11287,671fdb8455d706823763575ac93878620ed90da6a799e142789d5a2e1fcadc01,,not_cleared_review_required,False
book-9a1d12dc45c5,Yupana 2. Kuskalla yachasunchik = Matemática 2. Cuaderno de trabajo - Chanka Qichwa (MINEDU) PDF,chanka,mathematics,primary_inferred_from_series,2,False,candidate,https://peru.librosminedu.com/yupana-2-kuskalla-yachasunchik-matematica-2-cuaderno-de-trabajo-2/,"Edición 2021EIB - Quechua Chanka · 156 páginas · 19,3 MB",2021,https://peru.librosminedu.com/pdf-yupana-2-kuskalla-yachasunchik-matematica-2-cuaderno-de-trabajo-2/,1tZS_qkM6beybRWZUjVollegSX3zJyif-,downloaded,finetuning/reference-materials/peru-quechua/pdf/1tZS_qkM6beybRWZUjVollegSX3zJyif-.pdf,finetuning/reference-materials/peru-quechua/text/1tZS_qkM6beybRWZUjVollegSX3zJyif-.txt,extracted_unreviewed,156,20255372,12954,20f29f0c97c1c6eabd7c9caad4a6b9fc41c44e8f4daffd84ce466c53cfd7790b,,not_cleared_review_required,False
book-d8cc4755f9ab,Yupana 2. Llapanchik yachakushun = Matemática 2. Cuaderno de trabajo - Quechua Central (MINEDU) PDF,central_unspecified,mathematics,primary_inferred_from_series,2,False,candidate,https://peru.librosminedu.com/yupana-2-llapanchik-yachakushun-matematica-2-cuaderno-de-trabajo/,"Edición 2021EIB - Quechua Central · 156 páginas · 30,4 MB",2021,https://peru.librosminedu.com/pdf-yupana-2-llapanchik-yachakushun-matematica-2-cuaderno-de-trabajo/,1q_K9PBPxSEHUGNIlZRsuYR1S_wyq_yHH,downloaded,finetuning/reference-materials/peru-quechua/pdf/1q_K9PBPxSEHUGNIlZRsuYR1S_wyq_yHH.pdf,finetuning/reference-materials/peru-quechua/text/1q_K9PBPxSEHUGNIlZRsuYR1S_wyq_yHH.txt,extracted_unreviewed,156,31865175,12942,1d7c0d45e2c294678aa2e69b0f7e43f5faac7626d22cfdd402055039ce21edf2,,explicit_restriction_detected_review_required,False
book-f9a1ccf666fa,Yupana 2. Pukllaqnu yacakunchik = Matemática 2. Cuaderno de trabajo - Inkawasi kañaris Qichwa (MINEDU) PDF,inkawasi_kanaris,mathematics,primary_inferred_from_series,2,False,candidate,https://peru.librosminedu.com/yupana-2-pukllaqnu-yacakunchik-matematica-2-cuaderno-de-trabajo/,"Edición 2021EIB - Quechua Inkawasi-Kañaris · 156 páginas · 17,2 MB",2021,https://peru.librosminedu.com/pdf-yupana-2-pukllaqnu-yacakunchik-matematica-2-cuaderno-de-trabajo/,1LeqOTdGZR__TfbizlBqDbU1i8PLba2el,downloaded,finetuning/reference-materials/peru-quechua/pdf/1LeqOTdGZR__TfbizlBqDbU1i8PLba2el.pdf,finetuning/reference-materials/peru-quechua/text/1LeqOTdGZR__TfbizlBqDbU1i8PLba2el.txt,extracted_unreviewed,156,18054916,12545,b4450a12043924cd2d82e4f67c0e8933e70193ee1c5d0539127e63357d5fa39a,,explicit_restriction_detected_review_required,False
book-367d2e6a86f0,Yupana 3.er Kuskalla yachasunchik = Matemática 3.er Cuaderno de trabajo - Chanka Qichwa (MINEDU) PDF,chanka,mathematics,primary_inferred_from_series,3,False,candidate,https://peru.librosminedu.com/yupana-3-er-kuskalla-yachasunchik-matematica-3-er-cuaderno-de-trabajo-2/,"Edición 2021EIB - Quechua Chanka · 156 páginas · 19,7 MB",2021,https://peru.librosminedu.com/pdf-yupana-3-er-kuskalla-yachasunchik-matematica-3-er-cuaderno-de-trabajo-2/,1CdBLWWJOvzg4oQRBseYffaTQGhvYefNh,downloaded,finetuning/reference-materials/peru-quechua/pdf/1CdBLWWJOvzg4oQRBseYffaTQGhvYefNh.pdf,finetuning/reference-materials/peru-quechua/text/1CdBLWWJOvzg4oQRBseYffaTQGhvYefNh.txt,extracted_unreviewed,156,20659457,11580,99fbf2a22aa16f452eec8bc48cf36029523cd687443e103ccfe185a1bd7f56bb,,not_cleared_review_required,False
book-084319eeaf61,Yupana 3.er Kuskalla yachasunchik = Matemática 3.er Cuaderno de trabajo - Qullaw Qichwa (MINEDU) PDF,collao,mathematics,primary_inferred_from_series,3,False,candidate,https://peru.librosminedu.com/yupana-3-er-kuskalla-yachasunchik-matematica-3-er-cuaderno-de-trabajo/,"Edición 2021EIB - Quechua Collao · 156 páginas · 29,1 MB",2021,https://peru.librosminedu.com/pdf-yupana-3-er-kuskalla-yachasunchik-matematica-3-er-cuaderno-de-trabajo/,1bQVfUkRbdqr2Y4VKzjokgXbAx_IhprCP,downloaded,finetuning/reference-materials/peru-quechua/pdf/1bQVfUkRbdqr2Y4VKzjokgXbAx_IhprCP.pdf,finetuning/reference-materials/peru-quechua/text/1bQVfUkRbdqr2Y4VKzjokgXbAx_IhprCP.txt,extracted_unreviewed,156,30487440,15713,ccc7a73ebff3af8e113a799fa9c9abcba70cc6a10542ab064c48d75be0783466,,not_cleared_review_required,False
book-5ac0a9b6e816,Yupana 3.er Pukllaqnu yacakunchik = Matemática 3.er Cuaderno de trabajo - Inkawasi kañaris Qichwa (MINEDU) PDF,inkawasi_kanaris,mathematics,primary_inferred_from_series,3,False,candidate,https://peru.librosminedu.com/yupana-3-er-pukllaqnu-yacakunchik-matematica-3-er-cuaderno-de-trabajo/,"Edición 2021EIB - Quechua Inkawasi-Kañaris · 124 páginas · 16,4 MB",2021,https://peru.librosminedu.com/pdf-yupana-3-er-pukllaqnu-yacakunchik-matematica-3-er-cuaderno-de-trabajo/,1qnkPt48LmeKwdaVoKM98LU-r4h7dn2jz,downloaded,finetuning/reference-materials/peru-quechua/pdf/1qnkPt48LmeKwdaVoKM98LU-r4h7dn2jz.pdf,finetuning/reference-materials/peru-quechua/text/1qnkPt48LmeKwdaVoKM98LU-r4h7dn2jz.txt,extracted_unreviewed,124,17202768,10310,9c39eaa29b6f57762f32651af7ce507c155b8f14a5349ea8893c62446eee79d8,,explicit_restriction_detected_review_required,False
book-e1ba801b8982,Yupana 4. Pukllaqnu yacakunchik = Matemática 4. Cuaderno de trabajo - Inkawasi kañaris Qichwa (MINEDU) PDF,inkawasi_kanaris,mathematics,primary_inferred_from_series,4,False,candidate,https://peru.librosminedu.com/yupana-4-pukllaqnu-yacakunchik-matematica-4-cuaderno-de-trabajo/,"Edición 2021EIB - Quechua Inkawasi-Kañaris · 124 páginas · 16,8 MB",2021,https://peru.librosminedu.com/pdf-yupana-4-pukllaqnu-yacakunchik-matematica-4-cuaderno-de-trabajo/,1iqOTm1kSpwYBNuqLzBzRbtStHHVuII-o,downloaded,finetuning/reference-materials/peru-quechua/pdf/1iqOTm1kSpwYBNuqLzBzRbtStHHVuII-o.pdf,finetuning/reference-materials/peru-quechua/text/1iqOTm1kSpwYBNuqLzBzRbtStHHVuII-o.txt,extracted_unreviewed,124,17575404,11868,53bcee8f1fe3f234af620c678676029664144bd19c9c0f4b0437b876df4aa340,,explicit_restriction_detected_review_required,False
book-369d1b6c4ac5,Yupana 4. Kuskalla yachasunchik = Matemática 4. Cuaderno de trabajo - Qullaw Qichwa (MINEDU) PDF,collao,mathematics,primary_inferred_from_series,4,False,candidate,https://peru.librosminedu.com/yupana-4-kuskalla-yachasunchik-matematica-4-cuaderno-de-trabajo-2/,"Edición 2021EIB - Quechua Collao · 156 páginas · 28,4 MB",2021,https://peru.librosminedu.com/pdf-yupana-4-kuskalla-yachasunchik-matematica-4-cuaderno-de-trabajo-2/,1ZfybFfjCC67f_7xPIJLBwna-UPgOfqLG,downloaded,finetuning/reference-materials/peru-quechua/pdf/1ZfybFfjCC67f_7xPIJLBwna-UPgOfqLG.pdf,finetuning/reference-materials/peru-quechua/text/1ZfybFfjCC67f_7xPIJLBwna-UPgOfqLG.txt,extracted_unreviewed,156,29761662,16360,64020afdbfd42914eef28272acb9e8668b9d5abda622720a9be0b2c9ea4d004a,,not_cleared_review_required,False
book-c6dc6af67c1c,Yupana 6. Kuskalla yachasunchik = Matemática 6. Cuaderno de trabajo - Qullaw Qichwa (MINEDU) PDF,collao,mathematics,primary_inferred_from_series,6,False,candidate,https://peru.librosminedu.com/yupana-6-kuskalla-yachasunchik-matematica-6-cuaderno-de-trabajo-2/,"Edición 2021EIB - Quechua Collao · 154 páginas · 31,8 MB",2021,https://peru.librosminedu.com/pdf-yupana-6-kuskalla-yachasunchik-matematica-6-cuaderno-de-trabajo-2/,1dDSRgUj6TK6uAVzlB1HIFHM6EwE0BewO,downloaded,finetuning/reference-materials/peru-quechua/pdf/1dDSRgUj6TK6uAVzlB1HIFHM6EwE0BewO.pdf,finetuning/reference-materials/peru-quechua/text/1dDSRgUj6TK6uAVzlB1HIFHM6EwE0BewO.txt,extracted_unreviewed,154,33311460,15641,047698a3aefcda0ed0bfde9828bd38dbc0a27137c5b9fd7439700b90eccc28ad,,not_cleared_review_required,False
book-18794545a2dd,Qichwa yachanapaq 3.er = Fichas de trabajo de comunicación 3.er (lengua originaria L2.) (MINEDU) PDF,unspecified,language_communication,unspecified,3,False,candidate,https://peru.librosminedu.com/qichwa-yachanapaq-3-er-fichas-de-trabajo-de-comunicacion-3-er-lengua/,"Lengua Quechua CollaoEIB - Quechua Collao · 202 páginas · 28,0 MB",,https://peru.librosminedu.com/pdf-qichwa-yachanapaq-3-er-fichas-de-trabajo-de-comunicacion-3-er-lengua/,1t0zDhTA40nIiQltOU6cyQLEe5WA5ikbP,downloaded,finetuning/reference-materials/peru-quechua/pdf/1t0zDhTA40nIiQltOU6cyQLEe5WA5ikbP.pdf,finetuning/reference-materials/peru-quechua/text/1t0zDhTA40nIiQltOU6cyQLEe5WA5ikbP.txt,extracted_unreviewed,202,29368035,15544,304a161ef6ce4e42386a00df825b6d659843abc7e1525d758cd4cd0feda1b817,,not_cleared_review_required,False
book-18794545a2dd,Qichwa yachanapaq 3.er = Fichas de trabajo de comunicación 3.er (lengua originaria L2.) (MINEDU) PDF,unspecified,language_communication,unspecified,3,False,candidate,https://peru.librosminedu.com/qichwa-yachanapaq-3-er-fichas-de-trabajo-de-comunicacion-3-er-lengua/,"Quechua ChankaEIB - Quechua Chanka · 202 páginas · 27,0 MB",,https://peru.librosminedu.com/pdf-qichwa-yachanapaq-3-er-fichas-de-trabajo-de-comunicacion-3-er-lengua-2/,1q1sgrcoMTUhQG3F94shBM96dlmTiqdLp,downloaded,finetuning/reference-materials/peru-quechua/pdf/1q1sgrcoMTUhQG3F94shBM96dlmTiqdLp.pdf,finetuning/reference-materials/peru-quechua/text/1q1sgrcoMTUhQG3F94shBM96dlmTiqdLp.txt,extracted_unreviewed,202,28305592,11495,b96e1340e9423e58b4342a676c4e8f7b549a992ca5556b757193a8db390c62e3,,explicit_restriction_detected_review_required,False
book-12306ad56aba,Qichwa yachanapaq 4. = Fichas de trabajo de comunicación 4. (lengua originaria L2.) (MINEDU) PDF,unspecified,language_communication,unspecified,4,False,candidate,https://peru.librosminedu.com/qichwa-yachanapaq-4-fichas-de-trabajo-de-comunicacion-4-lengua/,"Lengua Quechua CollaoEIB - Quechua Collao · 204 páginas · 28,1 MB",,https://peru.librosminedu.com/pdf-qichwa-yachanapaq-4-fichas-de-trabajo-de-comunicacion-4-lengua/,1VOuSkVEVvRg_8yBofz0EDnpAXQ1gXkl4,downloaded,finetuning/reference-materials/peru-quechua/pdf/1VOuSkVEVvRg_8yBofz0EDnpAXQ1gXkl4.pdf,finetuning/reference-materials/peru-quechua/text/1VOuSkVEVvRg_8yBofz0EDnpAXQ1gXkl4.txt,extracted_unreviewed,204,29503595,12443,92b03083529926288f399e1ed38ec3159b2deebe6bea21758e9e3accde0c7fb3,,not_cleared_review_required,False
book-12306ad56aba,Qichwa yachanapaq 4. = Fichas de trabajo de comunicación 4. (lengua originaria L2.) (MINEDU) PDF,unspecified,language_communication,unspecified,4,False,candidate,https://peru.librosminedu.com/qichwa-yachanapaq-4-fichas-de-trabajo-de-comunicacion-4-lengua/,"Quechua ChankaEIB - Quechua Chanka · 202 páginas · 28,3 MB",,https://peru.librosminedu.com/pdf-qichwa-yachanapaq-4-fichas-de-trabajo-de-comunicacion-4-lengua-2/,1rY1rkyf-igZE9FrP2H185CjH0dNv7-e2,downloaded,finetuning/reference-materials/peru-quechua/pdf/1rY1rkyf-igZE9FrP2H185CjH0dNv7-e2.pdf,finetuning/reference-materials/peru-quechua/text/1rY1rkyf-igZE9FrP2H185CjH0dNv7-e2.txt,extracted_unreviewed,202,29719202,11953,fb1576f12892b3609ea9078a4a7e1f535ec1610e86c044cecd5e8c0af30d55f7,,explicit_restriction_detected_review_required,False
book-2504c83785f6,Rimana 2. = Comunicación 2. Secundaria: Cuaderno de trabajo - Qichwa Chanka (MINEDU) PDF,chanka,language_communication,secondary,2,False,candidate,https://peru.librosminedu.com/rimana-2-comunicacion-2-secundaria-cuaderno-de-trabajo-qichwa-chanka/,"Edición 2021EIB - Quechua Chanka · 240 páginas · 27,7 MB",2021,https://peru.librosminedu.com/pdf-rimana-2-comunicacion-2-secundaria-cuaderno-de-trabajo-qichwa-chanka/,10IL_FcI0Vcuz12sugQ7t8hPL5z_snZ0j,downloaded,finetuning/reference-materials/peru-quechua/pdf/10IL_FcI0Vcuz12sugQ7t8hPL5z_snZ0j.pdf,finetuning/reference-materials/peru-quechua/text/10IL_FcI0Vcuz12sugQ7t8hPL5z_snZ0j.txt,extracted_unreviewed,240,29063715,25545,028a18ff4a85b7d9090a90ec70b6e95ea0d390dd48079c5d897a1904a3d34bdd,,not_cleared_review_required,False
book-f3a55a19918a,Yupana 3.er Llapanchik yachakushun = Matemática 3.er Cuaderno de trabajo - Quechua Central (MINEDU) PDF,central_unspecified,mathematics,primary_inferred_from_series,3,False,candidate,https://peru.librosminedu.com/yupana-3-er-llapanchik-yachakushun-matematica-3-er-cuaderno-de/,"Edición 2021EIB - Quechua Central · 156 páginas · 29,7 MB",2021,https://peru.librosminedu.com/pdf-yupana-3-er-llapanchik-yachakushun-matematica-3-er-cuaderno-de/,1EsPteskAyHfsu65sthzviHlQhpiW_cfw,downloaded,finetuning/reference-materials/peru-quechua/pdf/1EsPteskAyHfsu65sthzviHlQhpiW_cfw.pdf,finetuning/reference-materials/peru-quechua/text/1EsPteskAyHfsu65sthzviHlQhpiW_cfw.txt,extracted_unreviewed,156,31138462,12961,ab523257eeb84f41a87dc486537eb3560a4b6c5b0765d346b5dafbf2f597a4f6,,explicit_restriction_detected_review_required,False
book-016062428146,Rimana 5. Llapanchik yachakushun = Comunicación 5. Secundaria: Cuaderno de trabajo - Chawpin Qichwa (MINEDU) PDF,central_unspecified,language_communication,secondary,5,False,candidate,https://peru.librosminedu.com/rimana-5-llapanchik-yachakushun-comunicacion-5-secundaria-cuaderno-de/,"Edición 2021EIB - Quechua Central · 238 páginas · 31,9 MB",2021,https://peru.librosminedu.com/pdf-rimana-5-llapanchik-yachakushun-comunicacion-5-secundaria-cuaderno-de/,1nzADnR0fb0wuxsKhf4rYOcU0QlsScH-A,downloaded,finetuning/reference-materials/peru-quechua/pdf/1nzADnR0fb0wuxsKhf4rYOcU0QlsScH-A.pdf,finetuning/reference-materials/peru-quechua/text/1nzADnR0fb0wuxsKhf4rYOcU0QlsScH-A.txt,extracted_unreviewed,238,33439896,21233,3a6837e06b892a1d705d37263b803a5f9310c1bd3c00f23bffc2ceb9df907baa,,explicit_restriction_detected_review_required,False
book-d557d4a30b20,Yupana 4. Llapanchik yachakushun = Matemática 4. Cuaderno de trabajo - Quechua Central (MINEDU) PDF,central_unspecified,mathematics,primary_inferred_from_series,4,False,candidate,https://peru.librosminedu.com/yupana-4-llapanchik-yachakushun-matematica-4-cuaderno-de-trabajo/,"Edición 2021EIB - Quechua Central · 156 páginas · 28,9 MB",2021,https://peru.librosminedu.com/pdf-yupana-4-llapanchik-yachakushun-matematica-4-cuaderno-de-trabajo/,1KLSjWwb94ONF2Re9GuqLLb4NcFZI4hy-,downloaded,finetuning/reference-materials/peru-quechua/pdf/1KLSjWwb94ONF2Re9GuqLLb4NcFZI4hy-.pdf,finetuning/reference-materials/peru-quechua/text/1KLSjWwb94ONF2Re9GuqLLb4NcFZI4hy-.txt,extracted_unreviewed,156,30307785,15365,20e7eb75ef48b92fce3f14453325e3b258a4c20368cf88cedf15b0f9f14ed05d,,explicit_restriction_detected_review_required,False
book-2ef452b948fa,Yupana 5. Kuskalla yachasunchik = Matemática 5. Cuaderno de trabajo - Qullaw Qichwa (MINEDU) PDF,collao,mathematics,primary_inferred_from_series,5,False,candidate,https://peru.librosminedu.com/yupana-5-kuskalla-yachasunchik-matematica-5-cuaderno-de-trabajo-2/,"Edición 2021EIB - Quechua Collao · 156 páginas · 28,3 MB",2021,https://peru.librosminedu.com/pdf-yupana-5-kuskalla-yachasunchik-matematica-5-cuaderno-de-trabajo-2/,1EgZFFvvD26FtXFYLPB97iiWYMvoLEvNE,downloaded,finetuning/reference-materials/peru-quechua/pdf/1EgZFFvvD26FtXFYLPB97iiWYMvoLEvNE.pdf,finetuning/reference-materials/peru-quechua/text/1EgZFFvvD26FtXFYLPB97iiWYMvoLEvNE.txt,extracted_unreviewed,156,29632884,16585,c4227c27b8c5bcfca181a326774b9ebd3c719835a73a9c5e9a764ee976384d3d,,not_cleared_review_required,False
book-0cd5ac9da16a,Rimana 2. Llapanchik yachakushun = Comunicación 2. Secundaria: Cuaderno de trabajo - Chawpin Qichwa (MINEDU) PDF,central_unspecified,language_communication,secondary,2,False,candidate,https://peru.librosminedu.com/rimana-2-llapanchik-yachakushun-comunicacion-2-secundaria-cuaderno-de/,"Edición 2021EIB - Quechua Central · 238 páginas · 32,0 MB",2021,https://peru.librosminedu.com/pdf-rimana-2-llapanchik-yachakushun-comunicacion-2-secundaria-cuaderno-de/,1Tpai4WmrUuPT2Eot54oO_RMcSQ6ZsAHw,downloaded,finetuning/reference-materials/peru-quechua/pdf/1Tpai4WmrUuPT2Eot54oO_RMcSQ6ZsAHw.pdf,finetuning/reference-materials/peru-quechua/text/1Tpai4WmrUuPT2Eot54oO_RMcSQ6ZsAHw.txt,extracted_unreviewed,238,33541286,22768,f68185bcd67bd608216468e902fc8be1d45236a55f62ec371d06b719e653073d,,explicit_restriction_detected_review_required,False
book-f0a8bc11cfa1,Kuska yachasunchik 5 años = Cuaderno de trabajo y folder de Inicial 5 años - Qullaw Qichwa (MINEDU) PDF,collao,other_school_material,early_childhood,,False,candidate,https://peru.librosminedu.com/kuska-yachasunchik-5-anos-cuaderno-de-trabajo-y-folder-de-inicial-5-2/,"Edición 2023EIB - Quechua Collao · 288 páginas · 15,8 MB",2023,https://peru.librosminedu.com/pdf-kuska-yachasunchik-5-anos-cuaderno-de-trabajo-y-folder-de-inicial-5-2/,1iQvP-ILSWD3n88_dVAIbdTdU4-NAPK_R,downloaded,finetuning/reference-materials/peru-quechua/pdf/1iQvP-ILSWD3n88_dVAIbdTdU4-NAPK_R.pdf,finetuning/reference-materials/peru-quechua/text/1iQvP-ILSWD3n88_dVAIbdTdU4-NAPK_R.txt,extracted_unreviewed,288,16532793,12446,98d37e79e21b96a12b6a49bec5e6aac6bfaed5c848b2fa71765c6996199a04b1,,not_cleared_review_required,False
book-a779ba054d45,Rimana 2. Pulla yacakushun = Comunicación 2. Cuaderno de trabajo - Quechua norteño (MINEDU) PDF,norteno_unspecified,language_communication,unspecified,2,False,candidate,https://peru.librosminedu.com/rimana-2-pulla-yacakushun-comunicacion-2-cuaderno-de-trabajo-quechua/,"Edición 2021EIB - Quechua Inkawasi-Kañaris/Quechua norteño · 392 páginas · 45,5 MB",2021,https://peru.librosminedu.com/pdf-rimana-2-pulla-yacakushun-comunicacion-2-cuaderno-de-trabajo-quechua/,1UyW7nsRgcXyuiaHGgBEW1_qiARwyoJZx,downloaded,finetuning/reference-materials/peru-quechua/pdf/1UyW7nsRgcXyuiaHGgBEW1_qiARwyoJZx.pdf,finetuning/reference-materials/peru-quechua/text/1UyW7nsRgcXyuiaHGgBEW1_qiARwyoJZx.txt,no_extractable_text_ocr_needed,392,47739624,0,8286ba0c9af8edef409770ac1ce0e05a55ce945818192cba25096e22854d7b32,,not_cleared_review_required,False
book-4649383b29c7,Kuska yachasunchik 4 años = Cuaderno de trabajo y folder de Inicial 4 años - Chanka Qichwa (MINEDU) PDF,chanka,other_school_material,early_childhood,,False,candidate,https://peru.librosminedu.com/kuska-yachasunchik-4-anos-cuaderno-de-trabajo-y-folder-de-inicial-4-2/,"Edición 2023EIB - Quechua Chanka · 288 páginas · 47,9 MB",2023,https://peru.librosminedu.com/pdf-kuska-yachasunchik-4-anos-cuaderno-de-trabajo-y-folder-de-inicial-4-2/,1riEgccTCC_F5Hns4r9KWmgHhmb5X_ZZ4,downloaded,finetuning/reference-materials/peru-quechua/pdf/1riEgccTCC_F5Hns4r9KWmgHhmb5X_ZZ4.pdf,finetuning/reference-materials/peru-quechua/text/1riEgccTCC_F5Hns4r9KWmgHhmb5X_ZZ4.txt,extracted_unreviewed,288,50269057,10886,6bf250aabd76f151f89d240d44b41c7bb189e8607f13cfa2305bef2aa2313e51,,not_cleared_review_required,False
book-5e4741a82caa,Yachashunchik 2. Llapanchik yachakushun = Comunicación 2. Cuaderno de trabajo - Kichwa (MINEDU) PDF,kichwa_unspecified,language_communication,unspecified,2,False,candidate,https://peru.librosminedu.com/yachashunchik-2-llapanchik-yachakushun-comunicacion-2-cuaderno-de/,"Edición 2021EIB - Quechua Amazónico · 204 páginas · 32,5 MB",2021,https://peru.librosminedu.com/pdf-yachashunchik-2-llapanchik-yachakushun-comunicacion-2-cuaderno-de/,13ttKuX7_0MSYblUkLes1qWj2_GQCDbNX,downloaded,finetuning/reference-materials/peru-quechua/pdf/13ttKuX7_0MSYblUkLes1qWj2_GQCDbNX.pdf,finetuning/reference-materials/peru-quechua/text/13ttKuX7_0MSYblUkLes1qWj2_GQCDbNX.txt,extracted_unreviewed,204,34054610,11553,00e2d2f5a638f9b1934b8faea9fd4fe57eebef95cf400e36b6d0a56d57038b34,,explicit_restriction_detected_review_required,False
book-9eac077bf5a1,Yachashunchik 1.er Llapanchik yachakushun = Comunicación 1.er Cuaderno de trabajo - Kichwa (MINEDU) PDF,kichwa_unspecified,language_communication,unspecified,1,False,candidate,https://peru.librosminedu.com/yachashunchik-1-er-llapanchik-yachakushun-comunicacion-1-er-cuaderno/,"Edición 2021EIB - Quechua Amazónico · 204 páginas · 32,9 MB",2021,https://peru.librosminedu.com/pdf-yachashunchik-1-er-llapanchik-yachakushun-comunicacion-1-er-cuaderno/,1AsM_sD26dew4gEux6w9ImmXbDsDTJw9H,downloaded,finetuning/reference-materials/peru-quechua/pdf/1AsM_sD26dew4gEux6w9ImmXbDsDTJw9H.pdf,finetuning/reference-materials/peru-quechua/text/1AsM_sD26dew4gEux6w9ImmXbDsDTJw9H.txt,extracted_unreviewed,204,34445124,11008,7d9ed6aa8e5e310adc4213c092d71d7f473692f2da3577ac13be39c02250b8a9,,explicit_restriction_detected_review_required,False
book-428a4681f1c2,Yachashunchik 3.er Llapanchik yachakushun = Comunicación 3.er Cuaderno de trabajo - Kichwa (MINEDU) PDF,kichwa_unspecified,language_communication,unspecified,3,False,candidate,https://peru.librosminedu.com/yachashunchik-3-er-llapanchik-yachakushun-comunicacion-3-er-cuaderno/,"Edición 2021EIB - Quechua Amazónico · 204 páginas · 24,8 MB",2021,https://peru.librosminedu.com/pdf-yachashunchik-3-er-llapanchik-yachakushun-comunicacion-3-er-cuaderno/,1pwuh4NypjK5kPZxsx-sHwfYzV6d7n-qE,downloaded,finetuning/reference-materials/peru-quechua/pdf/1pwuh4NypjK5kPZxsx-sHwfYzV6d7n-qE.pdf,finetuning/reference-materials/peru-quechua/text/1pwuh4NypjK5kPZxsx-sHwfYzV6d7n-qE.txt,extracted_unreviewed,204,26001050,13046,72d72568d3331bcc31ca51c12f84581754bb1d19b7586cc02e7c48ad3d2c62d7,,explicit_restriction_detected_review_required,False
book-131868dd3025,Yachashunchik 5. Llapanchik yachakushun = Comunicación 5. Cuaderno de trabajo - Kichwa (MINEDU) PDF,kichwa_unspecified,language_communication,unspecified,5,False,candidate,https://peru.librosminedu.com/yachashunchik-5-llapanchik-yachakushun-comunicacion-5-cuaderno-de/,"Edición 2021EIB - Quechua Amazónico · 205 páginas · 44,9 MB",2021,https://peru.librosminedu.com/pdf-yachashunchik-5-llapanchik-yachakushun-comunicacion-5-cuaderno-de/,1Lg5S7UzhIhrJSIH5j26qQLUTlFUM1Ehs,downloaded,finetuning/reference-materials/peru-quechua/pdf/1Lg5S7UzhIhrJSIH5j26qQLUTlFUM1Ehs.pdf,finetuning/reference-materials/peru-quechua/text/1Lg5S7UzhIhrJSIH5j26qQLUTlFUM1Ehs.txt,extracted_unreviewed,205,47026306,13470,93fa03e9636b7d6335aeae411988e8b30e18ac35b1af59d6e3ddeaf40e34eb2d,,explicit_restriction_detected_review_required,False
book-72cc26c7703a,Yachashunchik 4. Llapanchik yachakushun = Comunicación 4. Cuaderno de trabajo - Kichwa (MINEDU) PDF,kichwa_unspecified,language_communication,unspecified,4,False,candidate,https://peru.librosminedu.com/yachashunchik-4-llapanchik-yachakushun-comunicacion-4-cuaderno-de/,"Edición 2021EIB - Quechua Amazónico · 204 páginas · 22,3 MB",2021,https://peru.librosminedu.com/pdf-yachashunchik-4-llapanchik-yachakushun-comunicacion-4-cuaderno-de/,1RGC875MEdwhVYs3we-GkBsUDj4pnsccd,downloaded,finetuning/reference-materials/peru-quechua/pdf/1RGC875MEdwhVYs3we-GkBsUDj4pnsccd.pdf,finetuning/reference-materials/peru-quechua/text/1RGC875MEdwhVYs3we-GkBsUDj4pnsccd.txt,extracted_unreviewed,204,23385555,14234,c71330a871e4166aff29cff689beff767a0dd6f74506fb23638846c4e70565ff,,explicit_restriction_detected_review_required,False
book-3ef83557340e,Yachashunchik 6. Llapanchik yachakushun = Comunicación 6. Cuaderno de trabajo - Kichwa (MINEDU) PDF,kichwa_unspecified,language_communication,unspecified,6,False,candidate,https://peru.librosminedu.com/yachashunchik-6-llapanchik-yachakushun-comunicacion-6-cuaderno-de/,"Edición 2021EIB - Quechua Amazónico · 204 páginas · 45,6 MB",2021,https://peru.librosminedu.com/pdf-yachashunchik-6-llapanchik-yachakushun-comunicacion-6-cuaderno-de/,1I9ANDe7b--XZfy1naGRGZgVK7yofaPcr,downloaded,finetuning/reference-materials/peru-quechua/pdf/1I9ANDe7b--XZfy1naGRGZgVK7yofaPcr.pdf,finetuning/reference-materials/peru-quechua/text/1I9ANDe7b--XZfy1naGRGZgVK7yofaPcr.txt,extracted_unreviewed,204,47816144,14376,81388845b6de5acdc3d7c3a94a688091c45ca399213fde9c7b62c41fbb6a7e03,,explicit_restriction_detected_review_required,False
book-6df8ad1c2e06,Yupana 4. Kuskalla yachasunchik = Matemática 4. Cuaderno de trabajo - Chanka Qichwa (MINEDU) PDF,chanka,mathematics,primary_inferred_from_series,4,False,candidate,https://peru.librosminedu.com/yupana-4-kuskalla-yachasunchik-matematica-4-cuaderno-de-trabajo/,"Edición 2021EIB - Quechua Chanka · 156 páginas · 41,9 MB",2021,https://peru.librosminedu.com/pdf-yupana-4-kuskalla-yachasunchik-matematica-4-cuaderno-de-trabajo/,1UgXThX6A2oFLffq6azQaTnTt2jfWkufU,downloaded,finetuning/reference-materials/peru-quechua/pdf/1UgXThX6A2oFLffq6azQaTnTt2jfWkufU.pdf,finetuning/reference-materials/peru-quechua/text/1UgXThX6A2oFLffq6azQaTnTt2jfWkufU.txt,extracted_unreviewed,156,43942923,19115,6aee76327f0705e30040eadedbb2aef40e25ae48b8303551d68f285fc46b5629,,not_cleared_review_required,False
book-ba3d3893b427,Yupana 1.er Kuskalla yachasunchik = Matemática 1.er Cuaderno de trabajo - Chanka Qichwa (MINEDU) PDF,chanka,mathematics,primary_inferred_from_series,1,False,candidate,https://peru.librosminedu.com/yupana-1-er-kuskalla-yachasunchik-matematica-1-er-cuaderno-de-trabajo/,"Edición 2021EIB - Quechua Chanka · 156 páginas · 47,4 MB",2021,https://peru.librosminedu.com/pdf-yupana-1-er-kuskalla-yachasunchik-matematica-1-er-cuaderno-de-trabajo/,1ubd6X1aT3i3216xlRMcvr8t_Kf-BW674,downloaded,finetuning/reference-materials/peru-quechua/pdf/1ubd6X1aT3i3216xlRMcvr8t_Kf-BW674.pdf,finetuning/reference-materials/peru-quechua/text/1ubd6X1aT3i3216xlRMcvr8t_Kf-BW674.txt,extracted_unreviewed,156,49734854,10819,1c37094104858095c6df32b6ad46208b9db50647b49fdc38af9a903107de30cc,,not_cleared_review_required,False
book-1807cc1055d9,Yupana 5. Kuskalla yachasunchik = Matemática 5. Cuaderno de trabajo - Chanka Qichwa (MINEDU) PDF,chanka,mathematics,primary_inferred_from_series,5,False,candidate,https://peru.librosminedu.com/yupana-5-kuskalla-yachasunchik-matematica-5-cuaderno-de-trabajo/,"Edición 2021EIB - Quechua Chanka · 156 páginas · 48,4 MB",2021,https://peru.librosminedu.com/pdf-yupana-5-kuskalla-yachasunchik-matematica-5-cuaderno-de-trabajo/,1Nspsuaa09IP1hmj-wKdxD3t2tjO7oK6t,downloaded,finetuning/reference-materials/peru-quechua/pdf/1Nspsuaa09IP1hmj-wKdxD3t2tjO7oK6t.pdf,finetuning/reference-materials/peru-quechua/text/1Nspsuaa09IP1hmj-wKdxD3t2tjO7oK6t.txt,extracted_unreviewed,156,50784585,15792,aca2ec55d7259566d68a4042fe7af17d62131897c04563c5ce4c16cbb61aa1d0,,not_cleared_review_required,False
book-6ce3b76e349e,Yupana 6. Kuskalla yachasunchik = Matemática 6. Cuaderno de trabajo - Chanka Qichwa (MINEDU) PDF,chanka,mathematics,primary_inferred_from_series,6,False,candidate,https://peru.librosminedu.com/yupana-6-kuskalla-yachasunchik-matematica-6-cuaderno-de-trabajo/,"Edición 2021EIB - Quechua Chanka · 156 páginas · 46,0 MB",2021,https://peru.librosminedu.com/pdf-yupana-6-kuskalla-yachasunchik-matematica-6-cuaderno-de-trabajo/,1Fqr8bzmELo7TRWXyfe4o97XE9QsgoIls,downloaded,finetuning/reference-materials/peru-quechua/pdf/1Fqr8bzmELo7TRWXyfe4o97XE9QsgoIls.pdf,finetuning/reference-materials/peru-quechua/text/1Fqr8bzmELo7TRWXyfe4o97XE9QsgoIls.txt,extracted_unreviewed,156,48286790,18516,fe91897af62642f1a734b90cc699af7dccdc6447f43b9afabd7f8d19e7240860,,not_cleared_review_required,False
book-56782bf9ff76,Yupana 1.er = Matemática 1.er Cuaderno de trabajo - Kichwa - 1.° grado de Primaria (MINEDU) PDF,kichwa_unspecified,mathematics,primary,1,False,candidate,https://peru.librosminedu.com/yupana-1-er-matematica-1-er-cuaderno-de-trabajo-kichwa-1-grado-de/,"Edición 2021EIB - Kichwa · 156 páginas · 30,7 MB",2021,https://peru.librosminedu.com/pdf-yupana-1-er-matematica-1-er-cuaderno-de-trabajo-kichwa-1-grado-de/,17IS7dKCJEQb9Wad-8BNMSNOXSZyRGMqZ,downloaded,finetuning/reference-materials/peru-quechua/pdf/17IS7dKCJEQb9Wad-8BNMSNOXSZyRGMqZ.pdf,finetuning/reference-materials/peru-quechua/text/17IS7dKCJEQb9Wad-8BNMSNOXSZyRGMqZ.txt,extracted_unreviewed,156,32148278,8298,e312318d9d580fd4f1d5c47b6bfa7a0a7494dde9314c14b7d87976501686b2b7,,explicit_restriction_detected_review_required,False
book-12f05504d814,Kuska yachasunchik 4 años = Cuaderno de trabajo y folder de Inicial 4 años - Qullaw Quichwa (MINEDU) PDF,collao,other_school_material,early_childhood,,False,candidate,https://peru.librosminedu.com/kuska-yachasunchik-4-anos-cuaderno-de-trabajo-y-folder-de-inicial-4/,"Edición 2023EIB - Quechua Collao · 288 páginas · 29,9 MB",2023,https://peru.librosminedu.com/pdf-kuska-yachasunchik-4-anos-cuaderno-de-trabajo-y-folder-de-inicial-4/,1oMT640DKF1nVwZKl6YQvx9cuOuK8T1mR,downloaded,finetuning/reference-materials/peru-quechua/pdf/1oMT640DKF1nVwZKl6YQvx9cuOuK8T1mR.pdf,finetuning/reference-materials/peru-quechua/text/1oMT640DKF1nVwZKl6YQvx9cuOuK8T1mR.txt,extracted_unreviewed,288,31345703,11234,d1d6955a913dbb377c7f65dfb8c0e423d4139424b9764458687a2f6b67d3eb47,,not_cleared_review_required,False
book-4795e46a41b3,Kuska yachasunchik 5 años = Cuaderno de trabajo y folder de Inicial 5 años - Chanka Qichwa (MINEDU) PDF,chanka,other_school_material,early_childhood,,False,candidate,https://peru.librosminedu.com/kuska-yachasunchik-5-anos-cuaderno-de-trabajo-y-folder-de-inicial-5/,"Edición 2023EIB - Quechua Chanka · 288 páginas · 23,9 MB",2023,https://peru.librosminedu.com/pdf-kuska-yachasunchik-5-anos-cuaderno-de-trabajo-y-folder-de-inicial-5/,1CacjEE3srmU9LQuspRPd0FParNtoxi9f,downloaded,finetuning/reference-materials/peru-quechua/pdf/1CacjEE3srmU9LQuspRPd0FParNtoxi9f.pdf,finetuning/reference-materials/peru-quechua/text/1CacjEE3srmU9LQuspRPd0FParNtoxi9f.txt,extracted_unreviewed,288,25096191,11053,d31f25a6fc5c0a19ae2adb19363f4f694cbac00e048889a827ab747e521ee78f,,not_cleared_review_required,False
book-ba3a8cbfbcbd,Tuikuyninchuk yacakunapaq 5 años = Cuaderno de trabajo y folder de Inicial 5 años - Inkawasi Kañaris (MINEDU) PDF,inkawasi_kanaris,other_school_material,early_childhood,,False,candidate,https://peru.librosminedu.com/tuikuyninchuk-yacakunapaq-5-anos-cuaderno-de-trabajo-y-folder-de/,"Edición 2023EIB - Quechua Inkawasi-Kañaris/Quechua norteño · 270 páginas · 25,4 MB",2023,https://peru.librosminedu.com/pdf-tuikuyninchuk-yacakunapaq-5-anos-cuaderno-de-trabajo-y-folder-de/,1EnySFWKS-ycQ7uPShfLihMLrZ_TxjAbo,downloaded,finetuning/reference-materials/peru-quechua/pdf/1EnySFWKS-ycQ7uPShfLihMLrZ_TxjAbo.pdf,finetuning/reference-materials/peru-quechua/text/1EnySFWKS-ycQ7uPShfLihMLrZ_TxjAbo.txt,extracted_unreviewed,270,26592220,11243,53450e29b6de2bd4a63ce167fab2c4ca564ed03d524eddeb02af539e81b676a2,,explicit_restriction_detected_review_required,False
book-009ac2b3382a,Tukuyninchik yacakunapaq 4 años = Cuaderno de trabajo y folder de Inicial 4 años - Inkawasi Kañaris (MINEDU) PDF,inkawasi_kanaris,other_school_material,early_childhood,,False,candidate,https://peru.librosminedu.com/tukuyninchik-yacakunapaq-4-anos-cuaderno-de-trabajo-y-folder-de/,"Edición 2023EIB - Quechua Inkawasi-Kañaris/Quechua norteño · 270 páginas · 24,2 MB",2023,https://peru.librosminedu.com/pdf-tukuyninchik-yacakunapaq-4-anos-cuaderno-de-trabajo-y-folder-de/,1vOMdDqJRlClgu7-IuUtH6ROIPAzCizFb,downloaded,finetuning/reference-materials/peru-quechua/pdf/1vOMdDqJRlClgu7-IuUtH6ROIPAzCizFb.pdf,finetuning/reference-materials/peru-quechua/text/1vOMdDqJRlClgu7-IuUtH6ROIPAzCizFb.txt,extracted_unreviewed,270,25384702,10429,165e32b422b29ee5335a532a21152ecfc0b35390d178214b76687a1952ad6fa8,,explicit_restriction_detected_review_required,False
book-afdbf6348f88,Yupana 2. = Matemática 2. Cuaderno de trabajo - Kichwa - 1.° grado de Primaria (MINEDU) PDF,kichwa_unspecified,mathematics,primary,1;2,True,candidate,https://peru.librosminedu.com/yupana-2-matematica-2-cuaderno-de-trabajo-kichwa-1-grado-de-primaria/,"Edición 2021EIB - Kichwa · 156 páginas · 27,2 MB",2021,https://peru.librosminedu.com/pdf-yupana-2-matematica-2-cuaderno-de-trabajo-kichwa-1-grado-de-primaria/,1EoFM9omxjSUgnws1voPUa1M873HuhgY5,downloaded,finetuning/reference-materials/peru-quechua/pdf/1EoFM9omxjSUgnws1voPUa1M873HuhgY5.pdf,finetuning/reference-materials/peru-quechua/text/1EoFM9omxjSUgnws1voPUa1M873HuhgY5.txt,extracted_unreviewed,156,28507081,11424,6bd03cd90ffb4610b37af7442f47508ea44c74d1c504b96da47e3630b41c264f,,explicit_restriction_detected_review_required,False
book-57b16acc3c0d,Sicha 2. Willana = Comunicación 2. Cuaderno de trabajo - Kichwa - 2.° grado de Primaria (MINEDU) PDF,kichwa_unspecified,language_communication,primary,2,False,candidate,https://peru.librosminedu.com/sicha-2-willana-comunicacion-2-cuaderno-de-trabajo-kichwa-2-grado-de/,"Edición 2021EIB - Kichwa · 204 páginas · 27,2 MB",2021,https://peru.librosminedu.com/pdf-sicha-2-willana-comunicacion-2-cuaderno-de-trabajo-kichwa-2-grado-de/,1H_7sAMwOc9fMhdsOxrvST1L1BakJxrRH,downloaded,finetuning/reference-materials/peru-quechua/pdf/1H_7sAMwOc9fMhdsOxrvST1L1BakJxrRH.pdf,finetuning/reference-materials/peru-quechua/text/1H_7sAMwOc9fMhdsOxrvST1L1BakJxrRH.txt,extracted_unreviewed,204,28513406,14596,13cd626fe7d5d6d46a10fd68f2c0bfe627e27512b1596bded93483338b7650a2,,explicit_restriction_detected_review_required,False
book-7a366733f4ba,Sicha 1.er Willana = Comunicación 1.er Cuaderno de trabajo - Kichwa - 1.° grado de Primaria (MINEDU) PDF,kichwa_unspecified,language_communication,primary,1,False,candidate,https://peru.librosminedu.com/sicha-1-er-willana-comunicacion-1-er-cuaderno-de-trabajo-kichwa-1/,"Edición 2021EIB - Kichwa · 204 páginas · 32,7 MB",2021,https://peru.librosminedu.com/pdf-sicha-1-er-willana-comunicacion-1-er-cuaderno-de-trabajo-kichwa-1/,1pPSQhYD2MDcZT9zE7W5y9jCu2LSviXjz,downloaded,finetuning/reference-materials/peru-quechua/pdf/1pPSQhYD2MDcZT9zE7W5y9jCu2LSviXjz.pdf,finetuning/reference-materials/peru-quechua/text/1pPSQhYD2MDcZT9zE7W5y9jCu2LSviXjz.txt,extracted_unreviewed,204,34329483,14784,d47cf534febb3d8d7327ae3ec85d762afff13725dd823a29ca6db50bea2c8c28,,explicit_restriction_detected_review_required,False
book-9830777579c2,Pukllasa yachashun 4 años = Cuaderno de trabajo y folder de Inicial 4 años - Kichwa (MINEDU) PDF,kichwa_unspecified,other_school_material,early_childhood,,False,candidate,https://peru.librosminedu.com/pukllasa-yachashun-4-anos-cuaderno-de-trabajo-y-folder-de-inicial-4/,"Edición 2021EIB - Kichwa · 290 páginas · 36,8 MB",2021,https://peru.librosminedu.com/pdf-pukllasa-yachashun-4-anos-cuaderno-de-trabajo-y-folder-de-inicial-4/,1n-qURUp8Cd_tWCXoRdcd6U7fzWDKTawl,downloaded,finetuning/reference-materials/peru-quechua/pdf/1n-qURUp8Cd_tWCXoRdcd6U7fzWDKTawl.pdf,finetuning/reference-materials/peru-quechua/text/1n-qURUp8Cd_tWCXoRdcd6U7fzWDKTawl.txt,extracted_unreviewed,290,38594861,9830,81c9282844fec7fe19cd42ec2893751bc3f7921051e6b2569c6264ab1ebde247,,explicit_restriction_detected_review_required,False
book-69f38139ac1e,Llapanchik yachakushun 4 años = Cuaderno de trabajo y folder de Inicial 4 años - Chawpi Qichwa (MINEDU) PDF,central_unspecified,other_school_material,early_childhood,,False,candidate,https://peru.librosminedu.com/llapanchik-yachakushun-4-anos-cuaderno-de-trabajo-y-folder-de-inicial/,"Edición 2023EIB - Quechua Central · 222 páginas · 22,1 MB",2023,https://peru.librosminedu.com/pdf-llapanchik-yachakushun-4-anos-cuaderno-de-trabajo-y-folder-de-inicial/,1QE4SGRE1EASPkSzRXVhfZTb2q6nlMLKT,downloaded,finetuning/reference-materials/peru-quechua/pdf/1QE4SGRE1EASPkSzRXVhfZTb2q6nlMLKT.pdf,finetuning/reference-materials/peru-quechua/text/1QE4SGRE1EASPkSzRXVhfZTb2q6nlMLKT.txt,extracted_unreviewed,222,23116454,13373,98aff38a2c34bf735307144edbfdc514324277d77236b717ca3fba15ae3c0885,,explicit_restriction_detected_review_required,False
book-d79402b1e44a,Pukllasa yachashun 5 años = Cuaderno de trabajo y folder de Inicial 5 años - Kichwa (MINEDU) PDF,kichwa_unspecified,other_school_material,early_childhood,,False,candidate,https://peru.librosminedu.com/pukllasa-yachashun-5-anos-cuaderno-de-trabajo-y-folder-de-inicial-5/,"Edición 2021EIB - Kichwa · 290 páginas · 36,3 MB",2021,https://peru.librosminedu.com/pdf-pukllasa-yachashun-5-anos-cuaderno-de-trabajo-y-folder-de-inicial-5/,1YGbocrdiYv1koQK3ehj32pZA8Y_Ak6cl,downloaded,finetuning/reference-materials/peru-quechua/pdf/1YGbocrdiYv1koQK3ehj32pZA8Y_Ak6cl.pdf,finetuning/reference-materials/peru-quechua/text/1YGbocrdiYv1koQK3ehj32pZA8Y_Ak6cl.txt,extracted_unreviewed,290,38045197,10002,f04f9823779fd3f2fc0ba20c6e0b874e6b1491953167a2e9062018e81bb10bf1,,explicit_restriction_detected_review_required,False
book-410515094930,Llapanchik yachakushun 5 años = Cuaderno de trabajo y folder de Inicial 5 años - Chawpi Qichwa (MINEDU) PDF,central_unspecified,other_school_material,early_childhood,,False,candidate,https://peru.librosminedu.com/llapanchik-yachakushun-5-anos-cuaderno-de-trabajo-y-folder-de-inicial/,"Edición 2023EIB - Quechua Central · 222 páginas · 22,2 MB",2023,https://peru.librosminedu.com/pdf-llapanchik-yachakushun-5-anos-cuaderno-de-trabajo-y-folder-de-inicial/,1LkX8EdzBDckOBINTcqsP-1oiKSAyDVHw,downloaded,finetuning/reference-materials/peru-quechua/pdf/1LkX8EdzBDckOBINTcqsP-1oiKSAyDVHw.pdf,finetuning/reference-materials/peru-quechua/text/1LkX8EdzBDckOBINTcqsP-1oiKSAyDVHw.txt,extracted_unreviewed,222,23334100,13335,1d76a8addf19d97a346a0a9a0db3ac3db79fc5bd2fab76885c50e7b921897325,,explicit_restriction_detected_review_required,False
book-70903095c543,Rimana 1.er = Comunicación 1.er Cuaderno de trabajo - Qullaw Qichwa - 1.° grado de Primaria (MINEDU) PDF,collao,language_communication,primary,1,False,candidate,https://peru.librosminedu.com/rimana-1-er-comunicacion-1-er-cuaderno-de-trabajo-qullaw-qichwa-1/,"Rimana 1 = Cuaderno de trabajo - Comunicación 1 - Qullaw QichwaEIB - Quechua Collao · 392 páginas · 21,5 MB",,https://peru.librosminedu.com/pdf-rimana-1-cuaderno-de-trabajo-comunicacion-1-qullaw-qichwa-1-grado-de/,198f-4EXeMybepWiLi_CQBPzaXrDc_z50,downloaded,finetuning/reference-materials/peru-quechua/pdf/198f-4EXeMybepWiLi_CQBPzaXrDc_z50.pdf,finetuning/reference-materials/peru-quechua/text/198f-4EXeMybepWiLi_CQBPzaXrDc_z50.txt,extracted_unreviewed,392,22588638,22655,96f8156849d3ee50dd489e3487b91b46591f2c97c7d226e92176ae73cb82b7cf,,explicit_restriction_detected_review_required,False
book-70903095c543,Rimana 1.er = Comunicación 1.er Cuaderno de trabajo - Qullaw Qichwa - 1.° grado de Primaria (MINEDU) PDF,collao,language_communication,primary,1,False,candidate,https://peru.librosminedu.com/rimana-1-er-comunicacion-1-er-cuaderno-de-trabajo-qullaw-qichwa-1/,"Rimana 1.er = Comunicación 1.er Cuaderno de trabajo - Qullaw QichwaEIB - Quechua Collao · 392 páginas · 46,9 MB",,https://peru.librosminedu.com/pdf-rimana-1-er-comunicacion-1-er-cuaderno-de-trabajo-qullaw-qichwa-1/,1YNauAaUKhP3EKUPNnoC5VxJUYBMwP2K8,downloaded,finetuning/reference-materials/peru-quechua/pdf/1YNauAaUKhP3EKUPNnoC5VxJUYBMwP2K8.pdf,finetuning/reference-materials/peru-quechua/text/1YNauAaUKhP3EKUPNnoC5VxJUYBMwP2K8.txt,extracted_unreviewed,392,49145850,20129,b15ca716472aac8b8f237161a3e11582801519b9491d393543e3aeb675d009fc,,explicit_restriction_detected_review_required,False
book-fa88071f89dd,Rimana 1.er Kuskalla yachasunchik = Comunicación 1.er Cuaderno de trabajo - Quechua Chanka (MINEDU) PDF,chanka,language_communication,unspecified,1,False,candidate,https://peru.librosminedu.com/rimana-1-er-kuskalla-yachasunchik-comunicacion-1-er-cuaderno-de/,"Edición 2021EIB - Quechua Chanka · 392 páginas · 57,9 MB",2021,https://peru.librosminedu.com/pdf-rimana-1-er-kuskalla-yachasunchik-comunicacion-1-er-cuaderno-de/,1Kqa-0Plv5jRqmi_1j1CKeqkvEJV-_yvt,downloaded,finetuning/reference-materials/peru-quechua/pdf/1Kqa-0Plv5jRqmi_1j1CKeqkvEJV-_yvt.pdf,finetuning/reference-materials/peru-quechua/text/1Kqa-0Plv5jRqmi_1j1CKeqkvEJV-_yvt.txt,extracted_unreviewed,392,60676391,21017,9e39868cff025d04173f0469fa5a2b1b8957827b7a43d03da58c7a805122e21a,,explicit_restriction_detected_review_required,False
book-efe741c6a459,Rimana 1.er Llapanchik yachakushun = Comunicación 1.er Cuaderno de trabajo - Quechua Central (MINEDU) PDF,central_unspecified,language_communication,unspecified,1,False,candidate,https://peru.librosminedu.com/rimana-1-er-llapanchik-yachakushun-comunicacion-1-er-cuaderno-de/,"Edición 2021EIB - Quechua Central · 392 páginas · 41,6 MB",2021,https://peru.librosminedu.com/pdf-rimana-1-er-llapanchik-yachakushun-comunicacion-1-er-cuaderno-de/,1evrIye_GopTEA4LLUHCv0klz-OCSsVdn,downloaded,finetuning/reference-materials/peru-quechua/pdf/1evrIye_GopTEA4LLUHCv0klz-OCSsVdn.pdf,finetuning/reference-materials/peru-quechua/text/1evrIye_GopTEA4LLUHCv0klz-OCSsVdn.txt,extracted_unreviewed,392,43663003,22911,504abc775cd3ec3bca2fc56a6241341ac6544f50f09f6e430c259686a4c99843,,explicit_restriction_detected_review_required,False
book-ca9fd6639292,Rimana 2. = Comunicación 2. Cuaderno de trabajo - Qullaw Qichwa - 2.° grado de Primaria (MINEDU) PDF,collao,language_communication,primary,2,False,candidate,https://peru.librosminedu.com/rimana-2-comunicacion-2-cuaderno-de-trabajo-qullaw-qichwa-2-grado-de/,"Rimana 2 = Cuaderno de trabajo - Comunicación 2 - Qullaw QichwaEIB - Quechua Collao · 392 páginas · 20,1 MB",,https://peru.librosminedu.com/pdf-rimana-2-cuaderno-de-trabajo-comunicacion-2-qullaw-qichwa-2-grado-de/,1Zz03uhW9TzaxoabDEeml0dKr1RhvK1mh,downloaded,finetuning/reference-materials/peru-quechua/pdf/1Zz03uhW9TzaxoabDEeml0dKr1RhvK1mh.pdf,finetuning/reference-materials/peru-quechua/text/1Zz03uhW9TzaxoabDEeml0dKr1RhvK1mh.txt,extracted_unreviewed,392,21079194,24512,f429ff7f28a15800dfc3de485b7cc534cc27bbc6621e54ce55a042d128ac3c2f,,explicit_restriction_detected_review_required,False
book-ca9fd6639292,Rimana 2. = Comunicación 2. Cuaderno de trabajo - Qullaw Qichwa - 2.° grado de Primaria (MINEDU) PDF,collao,language_communication,primary,2,False,candidate,https://peru.librosminedu.com/rimana-2-comunicacion-2-cuaderno-de-trabajo-qullaw-qichwa-2-grado-de/,"Rimana 2. = Comunicación 2. Cuaderno de trabajo - Qullaw QichwaEIB - Quechua Collao · 392 páginas · 45,8 MB",,https://peru.librosminedu.com/pdf-rimana-2-comunicacion-2-cuaderno-de-trabajo-qullaw-qichwa-2-grado-de/,1fNRUHingVh9b2Y-LZ8HPMv8uaTm9QaAX,downloaded,finetuning/reference-materials/peru-quechua/pdf/1fNRUHingVh9b2Y-LZ8HPMv8uaTm9QaAX.pdf,finetuning/reference-materials/peru-quechua/text/1fNRUHingVh9b2Y-LZ8HPMv8uaTm9QaAX.txt,extracted_unreviewed,392,48008004,21587,21332380ca2814160ab1293463d9e1f425ca2da6ad062fdb6dd3fbf45f83ec61,,explicit_restriction_detected_review_required,False
book-aa8b279b6909,Rimana 2. Llapanchik yachakushun = Comunicación 2. Cuaderno de trabajo - Quechua Central (MINEDU) PDF,central_unspecified,language_communication,unspecified,2,False,candidate,https://peru.librosminedu.com/rimana-2-llapanchik-yachakushun-comunicacion-2-cuaderno-de-trabajo/,"Edición 2021EIB - Quechua Central · 392 páginas · 37,6 MB",2021,https://peru.librosminedu.com/pdf-rimana-2-llapanchik-yachakushun-comunicacion-2-cuaderno-de-trabajo/,1vh-qoemsaRMYUNbAtORaemiVQlOnNKiz,downloaded,finetuning/reference-materials/peru-quechua/pdf/1vh-qoemsaRMYUNbAtORaemiVQlOnNKiz.pdf,finetuning/reference-materials/peru-quechua/text/1vh-qoemsaRMYUNbAtORaemiVQlOnNKiz.txt,extracted_unreviewed,392,39414727,25262,30a841b112e6f127d4d9f5193644867fba4206d7b4341f0a45ea6642ad6a385a,,explicit_restriction_detected_review_required,False
book-d8086adae304,Rimana 2. Kuskalla yachasunchik = Comunicación 2. Cuaderno de trabajo - Quechua Chanka (MINEDU) PDF,chanka,language_communication,unspecified,2,False,candidate,https://peru.librosminedu.com/rimana-2-kuskalla-yachasunchik-comunicacion-2-cuaderno-de-trabajo/,"Edición 2021EIB - Quechua Chanka · 392 páginas · 49,5 MB",2021,https://peru.librosminedu.com/pdf-rimana-2-kuskalla-yachasunchik-comunicacion-2-cuaderno-de-trabajo/,1XNFkkPOErS8FosCpsVNN9UclKV8pvkNf,downloaded,finetuning/reference-materials/peru-quechua/pdf/1XNFkkPOErS8FosCpsVNN9UclKV8pvkNf.pdf,finetuning/reference-materials/peru-quechua/text/1XNFkkPOErS8FosCpsVNN9UclKV8pvkNf.txt,extracted_unreviewed,392,51858111,22631,b0664968613eed11850a6e25e894e4baed47ff5f8e136a1d5ee4066d47416ba2,,explicit_restriction_detected_review_required,False
book-87c1b0774dda,Rimana 3.er = Comunicación 3.er Cuaderno de trabajo - Quechua Collao - 3.° grado de Primaria (MINEDU) PDF,collao,language_communication,primary,3,False,candidate,https://peru.librosminedu.com/rimana-3-er-comunicacion-3-er-cuaderno-de-trabajo-quechua-collao-3/,"Edición 2023EIB - Quechua Collao · 172 páginas · 18,5 MB",2023,https://peru.librosminedu.com/pdf-rimana-3-er-comunicacion-3-er-cuaderno-de-trabajo-quechua-collao-3/,152jiAAJDbDpCcwG0UkdS7ZJ6L9TMcCC8,downloaded,finetuning/reference-materials/peru-quechua/pdf/152jiAAJDbDpCcwG0UkdS7ZJ6L9TMcCC8.pdf,finetuning/reference-materials/peru-quechua/text/152jiAAJDbDpCcwG0UkdS7ZJ6L9TMcCC8.txt,extracted_unreviewed,172,19428120,14119,565d10ae6618428ecc872190d89e1f540b5cb5cbafabe771df94afdd097454ed,,not_cleared_review_required,False
book-d0e208427019,Rimana 4. = Comunicación 4. Cuaderno de trabajo - Quechua Collao - 4.° grado de Primaria (MINEDU) PDF,collao,language_communication,primary,4,False,candidate,https://peru.librosminedu.com/rimana-4-comunicacion-4-cuaderno-de-trabajo-quechua-collao-4-grado-de/,"Edición 2023EIB - Quechua Collao · 172 páginas · 16,9 MB",2023,https://peru.librosminedu.com/pdf-rimana-4-comunicacion-4-cuaderno-de-trabajo-quechua-collao-4-grado-de/,1jnLVJTmK7KMOh-6EYy5Dd_bdxMHcwyEs,downloaded,finetuning/reference-materials/peru-quechua/pdf/1jnLVJTmK7KMOh-6EYy5Dd_bdxMHcwyEs.pdf,finetuning/reference-materials/peru-quechua/text/1jnLVJTmK7KMOh-6EYy5Dd_bdxMHcwyEs.txt,extracted_unreviewed,172,17765509,14123,515812bf9dc4e1e9542242ab1f4ad0f28da976dbf3a2d1a011e92fa6f0f9a55f,,not_cleared_review_required,False
book-96f368bf7c40,Rimana 3.er Llapanchik yachakushun = Comunicación 3.er Cuaderno de trabajo - Quechua Central (MINEDU) PDF,central_unspecified,language_communication,unspecified,3,False,candidate,https://peru.librosminedu.com/rimana-3-er-llapanchik-yachakushun-comunicacion-3-er-cuaderno-de/,"Edición 2023EIB - Quechua Central · 172 páginas · 29,3 MB",2023,https://peru.librosminedu.com/pdf-rimana-3-er-llapanchik-yachakushun-comunicacion-3-er-cuaderno-de/,1C5ZNTqtAA8LBubeuNrSgDk-y8KlkYygW,downloaded,finetuning/reference-materials/peru-quechua/pdf/1C5ZNTqtAA8LBubeuNrSgDk-y8KlkYygW.pdf,finetuning/reference-materials/peru-quechua/text/1C5ZNTqtAA8LBubeuNrSgDk-y8KlkYygW.txt,extracted_unreviewed,172,30745385,14482,b08a971fca38897ceb722cfab04f016509a7b287fafce37d936a0e5d9100b0e8,,explicit_restriction_detected_review_required,False
book-d8f598af662e,Rimana 5. = Comunicación 5. Cuaderno de trabajo - Quechua Collao - 5.° grado de Primaria (MINEDU) PDF,collao,language_communication,primary,5,False,candidate,https://peru.librosminedu.com/rimana-5-comunicacion-5-cuaderno-de-trabajo-quechua-collao-5-grado-de/,"Rimana 5. = Comunicación 5. Cuaderno de trabajo - Quechua CollaoEIB - Quechua Collao · 172 páginas · 18,2 MB",,https://peru.librosminedu.com/pdf-rimana-5-comunicacion-5-cuaderno-de-trabajo-quechua-collao-5-grado-de/,1IWzQBY0GMXuGxhp7QVw6Ii05hlMDGvkC,downloaded,finetuning/reference-materials/peru-quechua/pdf/1IWzQBY0GMXuGxhp7QVw6Ii05hlMDGvkC.pdf,finetuning/reference-materials/peru-quechua/text/1IWzQBY0GMXuGxhp7QVw6Ii05hlMDGvkC.txt,extracted_unreviewed,172,19097754,15818,006760af42f238082ab7e4e2d4900d5fee2c307d301d91e587f324f648822055,,not_cleared_review_required,False
book-d8f598af662e,Rimana 5. = Comunicación 5. Cuaderno de trabajo - Quechua Collao - 5.° grado de Primaria (MINEDU) PDF,collao,language_communication,primary,5,False,candidate,https://peru.librosminedu.com/rimana-5-comunicacion-5-cuaderno-de-trabajo-quechua-collao-5-grado-de/,"Rimana 5. kuskalla yachasunchik = Comunicación 5. Cuaderno de trabajo - Quechua ChankaEIB - Quechua Collao · 172 páginas · 28,3 MB",,https://peru.librosminedu.com/pdf-rimana-5-kuskalla-yachasunchik-comunicacion-5-cuaderno-de-trabajo-2/,1WTmJXWpzjVVQZmmuEr6xDS_RFbw7ySD7,downloaded,finetuning/reference-materials/peru-quechua/pdf/1WTmJXWpzjVVQZmmuEr6xDS_RFbw7ySD7.pdf,finetuning/reference-materials/peru-quechua/text/1WTmJXWpzjVVQZmmuEr6xDS_RFbw7ySD7.txt,extracted_unreviewed,172,29684648,18275,3492a2957fb83de9ccb51ce6e604779878e81ebd00077d837e3fb759729cc467,,not_cleared_review_required,False
book-ffb03de45388,Yupana 3.er = Matemática 3.er Cuaderno de trabajo - Kichwa - 3.° grado de Primaria (MINEDU) PDF,kichwa_unspecified,mathematics,primary,3,False,candidate,https://peru.librosminedu.com/yupana-3-er-matematica-3-er-cuaderno-de-trabajo-kichwa-3-grado-de/,"Edición 2023EIB - Kichwa · 182 páginas · 15,2 MB",2023,https://peru.librosminedu.com/pdf-yupana-3-er-matematica-3-er-cuaderno-de-trabajo-kichwa-3-grado-de/,168Xbs_UVLYJTqp_MdfgHTEp_ay0NMTpF,downloaded,finetuning/reference-materials/peru-quechua/pdf/168Xbs_UVLYJTqp_MdfgHTEp_ay0NMTpF.pdf,finetuning/reference-materials/peru-quechua/text/168Xbs_UVLYJTqp_MdfgHTEp_ay0NMTpF.txt,extracted_unreviewed,182,15928815,17860,49425822596f33be7e5f316bbadd8c0a185b0274bbcdf2f1e52b13938a8cccec,,not_cleared_review_required,False
book-8196f323153d,Yupana 4. = Matemática 4. Cuaderno de trabajo - Kichwa - 4.° grado de Primaria (MINEDU) PDF,kichwa_unspecified,mathematics,primary,4,False,candidate,https://peru.librosminedu.com/yupana-4-matematica-4-cuaderno-de-trabajo-kichwa-4-grado-de-primaria/,"Edición 2023EIB - Quechua Amazónico · 182 páginas · 24,4 MB",2023,https://peru.librosminedu.com/pdf-yupana-4-matematica-4-cuaderno-de-trabajo-kichwa-4-grado-de-primaria/,17s5-fwLoWU33aDo7vv92OdTntABvwhB4,downloaded,finetuning/reference-materials/peru-quechua/pdf/17s5-fwLoWU33aDo7vv92OdTntABvwhB4.pdf,finetuning/reference-materials/peru-quechua/text/17s5-fwLoWU33aDo7vv92OdTntABvwhB4.txt,extracted_unreviewed,182,25622879,19058,dddf915f6ff74683e9a99df268d97a58c278d9efa5603bcdd3b77d82df9bd7c7,,explicit_restriction_detected_review_required,False
book-00076242af12,Quechua Chanka - Fichas de autoaprendizaje Chachas del III Ciclo (1.er y 2.) de Primaria (MINEDU) PDF,chanka,other_school_material,primary,,False,candidate,https://peru.librosminedu.com/quechua-chanka-fichas-de-autoaprendizaje-chachas-del-iii-ciclo-1-er-y/,"Edición 2022EIB - Quechua Chanka · 114 páginas · 15,0 MB",2022,https://peru.librosminedu.com/pdf-quechua-chanka-fichas-de-autoaprendizaje-chachas-del-iii-ciclo-1-er-y/,1tWF0MX8HEZ3biB6h1-YNt1xQbqBvwbsE,downloaded,finetuning/reference-materials/peru-quechua/pdf/1tWF0MX8HEZ3biB6h1-YNt1xQbqBvwbsE.pdf,finetuning/reference-materials/peru-quechua/text/1tWF0MX8HEZ3biB6h1-YNt1xQbqBvwbsE.txt,extracted_unreviewed,114,15735925,5676,315b97296a5f94438908cc46dc5f0a2b08e5c4195cfbe3c9f71c2d340e4ca6bd,,explicit_restriction_detected_review_required,False
book-dd00a3726983,Quechua Chanka - Fichas de autoaprendizaje Chachas del IV Ciclo (3.er) de Primaria (MINEDU) PDF,chanka,other_school_material,primary,,False,candidate,https://peru.librosminedu.com/quechua-chanka-fichas-de-autoaprendizaje-chachas-del-iv-ciclo-3-er-de/,"Edición 2022EIB - Quechua Chanka · 117 páginas · 30,6 MB",2022,https://peru.librosminedu.com/pdf-quechua-chanka-fichas-de-autoaprendizaje-chachas-del-iv-ciclo-3-er-de/,1qxcWmz-RDyr-Mb_PI9LR-Uh4KLs-5suF,downloaded,finetuning/reference-materials/peru-quechua/pdf/1qxcWmz-RDyr-Mb_PI9LR-Uh4KLs-5suF.pdf,finetuning/reference-materials/peru-quechua/text/1qxcWmz-RDyr-Mb_PI9LR-Uh4KLs-5suF.txt,extracted_unreviewed,117,32125199,6852,fa55e741ff7d29ae60a751cdc09258a72eb1686daeef3bb470ac860fcd868985,,explicit_restriction_detected_review_required,False
book-e7c991b7c4a8,Quechua Collao - Fichas de autoaprendizaje Chachas del III Ciclo (1.er y 2.) de Primaria (MINEDU) PDF,collao,other_school_material,primary,,False,candidate,https://peru.librosminedu.com/quechua-collao-fichas-de-autoaprendizaje-chachas-del-iii-ciclo-1-er-y/,"Edición 2022EIB - Quechua Collao · 116 páginas · 24,3 MB",2022,https://peru.librosminedu.com/pdf-quechua-collao-fichas-de-autoaprendizaje-chachas-del-iii-ciclo-1-er-y/,1cDNMTZMxTJdakYDSc7O2LC_MQU_HUWFf,downloaded,finetuning/reference-materials/peru-quechua/pdf/1cDNMTZMxTJdakYDSc7O2LC_MQU_HUWFf.pdf,finetuning/reference-materials/peru-quechua/text/1cDNMTZMxTJdakYDSc7O2LC_MQU_HUWFf.txt,extracted_unreviewed,116,25519196,7327,b47e74c7f09c45cd388f999b051170ec35034b2a1872ac49a84aeae5161bebb6,,explicit_restriction_detected_review_required,False
book-1200a3f55c47,Quechua Collao - Fichas de autoaprendizaje Chachas del IV Ciclo (3.er) de Primaria (MINEDU) PDF,collao,other_school_material,primary,,False,candidate,https://peru.librosminedu.com/quechua-collao-fichas-de-autoaprendizaje-chachas-del-iv-ciclo-3-er-de/,"Edición 2022EIB - Quechua Collao · 116 páginas · 31,7 MB",2022,https://peru.librosminedu.com/pdf-quechua-collao-fichas-de-autoaprendizaje-chachas-del-iv-ciclo-3-er-de/,1j6203s061_qOnGGeS6cELXhj5OOnL4zZ,downloaded,finetuning/reference-materials/peru-quechua/pdf/1j6203s061_qOnGGeS6cELXhj5OOnL4zZ.pdf,finetuning/reference-materials/peru-quechua/text/1j6203s061_qOnGGeS6cELXhj5OOnL4zZ.txt,extracted_unreviewed,116,33258957,6415,bbfe2deb323ec8118375c6e18d69221708096f5370eeef94b6042b96c6da77f7,,explicit_restriction_detected_review_required,False
book-3365b1ef49ed,Qichwa yachanapaq 6. = Fichas de trabajo de Comunicación 6. (lengua originaria L2.) (MINEDU) PDF,unspecified,language_communication,unspecified,6,False,candidate,https://peru.librosminedu.com/qichwa-yachanapaq-6-fichas-de-trabajo-de-comunicacion-6-lengua/,"Lengua Quechua CollaoEIB - Quechua Collao · 204 páginas · 30,1 MB",,https://peru.librosminedu.com/pdf-qichwa-yachanapaq-6-fichas-de-trabajo-de-comunicacion-6-lengua-2/,1UNA-03TG3WxoKo-8TDYSnYec3mNUbR9t,downloaded,finetuning/reference-materials/peru-quechua/pdf/1UNA-03TG3WxoKo-8TDYSnYec3mNUbR9t.pdf,finetuning/reference-materials/peru-quechua/text/1UNA-03TG3WxoKo-8TDYSnYec3mNUbR9t.txt,extracted_unreviewed,204,31567328,11792,7959e34dd5ebe896dc379879a5e8aded36dc895f61a6a279275b3efd2e9a8de1,,not_cleared_review_required,False
book-3365b1ef49ed,Qichwa yachanapaq 6. = Fichas de trabajo de Comunicación 6. (lengua originaria L2.) (MINEDU) PDF,unspecified,language_communication,unspecified,6,False,candidate,https://peru.librosminedu.com/qichwa-yachanapaq-6-fichas-de-trabajo-de-comunicacion-6-lengua/,"Quechua ChankaEIB - Quechua Chanka · 202 páginas · 35,3 MB",,https://peru.librosminedu.com/pdf-qichwa-yachanapaq-6-fichas-de-trabajo-de-comunicacion-6-lengua/,1Pp47EXoejqheKK23fNHAloCDMnYZYSzM,downloaded,finetuning/reference-materials/peru-quechua/pdf/1Pp47EXoejqheKK23fNHAloCDMnYZYSzM.pdf,finetuning/reference-materials/peru-quechua/text/1Pp47EXoejqheKK23fNHAloCDMnYZYSzM.txt,extracted_unreviewed,202,37054044,15627,16e7a3d3086e9f2c866a9fd7891a5c73076353b14538187bebd7f2b23dec30b3,,explicit_restriction_detected_review_required,False
book-554a479f741a,Quecha Norteño (Inkawasi-Kañaris y Cajamarca) - Fichas de autoaprendizaje Chachas - III Ciclo (MINEDU) PDF,norteno_inkawasi_cajamarca_unsplit,other_school_material,unspecified,,False,candidate,https://peru.librosminedu.com/quecha-norteno-inkawasi-kanaris-y-cajamarca-fichas-de-autoaprendizaje-2/,"Edición 2021EIB - Quechua norteño · 116 páginas · 43,8 MB",2021,https://peru.librosminedu.com/pdf-quecha-norteno-inkawasi-kanaris-y-cajamarca-fichas-de-autoaprendizaje-2/,10RThWGV3wrlZHtTayeLJ42zo_x00h7YD,downloaded,finetuning/reference-materials/peru-quechua/pdf/10RThWGV3wrlZHtTayeLJ42zo_x00h7YD.pdf,finetuning/reference-materials/peru-quechua/text/10RThWGV3wrlZHtTayeLJ42zo_x00h7YD.txt,extracted_unreviewed,116,45932145,7766,0aeb424570d2247d6fa060b12b5ddf8c17d9fa4e6d20e63fafd4f016f15a3f65,,explicit_restriction_detected_review_required,False
book-a05fd292c460,Quecha Norteño (Inkawasi-Kañaris y Cajamarca) - Fichas de autoaprendizaje Chachas - IV Ciclo (MINEDU) PDF,norteno_inkawasi_cajamarca_unsplit,other_school_material,unspecified,,False,candidate,https://peru.librosminedu.com/quecha-norteno-inkawasi-kanaris-y-cajamarca-fichas-de-autoaprendizaje/,"Edición 2021EIB - Quechua norteño · 116 páginas · 20,2 MB",2021,https://peru.librosminedu.com/pdf-quecha-norteno-inkawasi-kanaris-y-cajamarca-fichas-de-autoaprendizaje/,1-BHitzdrKiMQw_KvchSyUSznA_BeszwI,downloaded,finetuning/reference-materials/peru-quechua/pdf/1-BHitzdrKiMQw_KvchSyUSznA_BeszwI.pdf,finetuning/reference-materials/peru-quechua/text/1-BHitzdrKiMQw_KvchSyUSznA_BeszwI.txt,extracted_unreviewed,116,21172684,9088,90dc45540d2f81a83d4652751642cba4522ddffc095dc5992904a245c5518531,,explicit_restriction_detected_review_required,False
book-479bd95a4306,Limashun 1 - Fichas de revitalización de Comunicación del 1.er de Primaria - Quechua Central (Variante Wanka) (MINEDU) PDF,wanka,language_communication,primary,1,False,candidate,https://peru.librosminedu.com/limashun-1-fichas-de-revitalizacion-de-comunicacion-del-1-er-de/,"Edición 2023EIB - Quechua Central · 180 páginas · 42,8 MB",2023,https://peru.librosminedu.com/pdf-limashun-1-fichas-de-revitalizacion-de-comunicacion-del-1-er-de/,1NZts7g_bGNLip5vxpKf2RC4lPxqsHt6L,downloaded,finetuning/reference-materials/peru-quechua/pdf/1NZts7g_bGNLip5vxpKf2RC4lPxqsHt6L.pdf,finetuning/reference-materials/peru-quechua/text/1NZts7g_bGNLip5vxpKf2RC4lPxqsHt6L.txt,extracted_unreviewed,180,44913999,17907,da2980f6c1cf0b7760fb1d26e84554c5a44ce7e87fc908bc7b0f8cc9a4fa1ff8,,explicit_restriction_detected_review_required,False
book-b9af9fdeea63,Rimana 1.er Llapanchik yachakushun = Comunicación 1.er Secundaria: Cuaderno de trabajo (MINEDU) PDF,unspecified,language_communication,secondary,1,False,candidate,https://peru.librosminedu.com/rimana-1-er-llapanchik-yachakushun-comunicacion-1-er-secundaria/,"Chawpin QichwaEIB - Quechua Central · 238 páginas · 46,0 MB",,https://peru.librosminedu.com/pdf-rimana-1-er-llapanchik-yachakushun-comunicacion-1-er-secundaria/,1UWY-YvYkwdsrY_MVQc6BuHYhryLpgChH,downloaded,finetuning/reference-materials/peru-quechua/pdf/1UWY-YvYkwdsrY_MVQc6BuHYhryLpgChH.pdf,finetuning/reference-materials/peru-quechua/text/1UWY-YvYkwdsrY_MVQc6BuHYhryLpgChH.txt,extracted_unreviewed,238,48279568,18744,57e92f9070e863321eaf025fc01ec49e4f8d9b0ac8ef481a92953e5380852942,,explicit_restriction_detected_review_required,False
book-b9af9fdeea63,Rimana 1.er Llapanchik yachakushun = Comunicación 1.er Secundaria: Cuaderno de trabajo (MINEDU) PDF,unspecified,language_communication,secondary,1,False,candidate,https://peru.librosminedu.com/rimana-1-er-llapanchik-yachakushun-comunicacion-1-er-secundaria/,"Chawpin Qichwa_BEIB - Quechua Central · 238 páginas · 30,0 MB",,https://peru.librosminedu.com/pdf-rimana-1-er-llapanchik-yachakushun-comunicacion-1-er-secundaria-2/,1UPbsteLvFrnT0MLMpO9lAtuAL1VRPcVZ,downloaded,finetuning/reference-materials/peru-quechua/pdf/1UPbsteLvFrnT0MLMpO9lAtuAL1VRPcVZ.pdf,finetuning/reference-materials/peru-quechua/text/1UPbsteLvFrnT0MLMpO9lAtuAL1VRPcVZ.txt,extracted_unreviewed,238,31486530,18744,324c7be5db62f4ac01a1febec28afa38cad36d574b89f4f08a168761f398d457,,explicit_restriction_detected_review_required,False
book-8e2346ac6869,Rimana 1.er = Comunicación 1.er Secundaria: Cuaderno de trabajo - Qichwa Chanka (MINEDU) PDF,chanka,language_communication,secondary,1,False,candidate,https://peru.librosminedu.com/rimana-1-er-comunicacion-1-er-secundaria-cuaderno-de-trabajo-qichwa/,"Rimana 1 = Comunicación 1 Secundaria: Cuaderno de trabajo - Qichwa ChankaEIB - Quechua Chanka · 240 páginas · 29,2 MB",,https://peru.librosminedu.com/pdf-rimana-1-comunicacion-1-secundaria-cuaderno-de-trabajo-qichwa-chanka/,1EudlmMxn3VyG8Csw-risRdjiS36-OxxU,downloaded,finetuning/reference-materials/peru-quechua/pdf/1EudlmMxn3VyG8Csw-risRdjiS36-OxxU.pdf,finetuning/reference-materials/peru-quechua/text/1EudlmMxn3VyG8Csw-risRdjiS36-OxxU.txt,extracted_unreviewed,240,30575464,24230,0fa84d5ea30dd9674d2dec4e96f7edcc22797e0eac369a7eb647c067985eeade,,not_cleared_review_required,False
book-8e2346ac6869,Rimana 1.er = Comunicación 1.er Secundaria: Cuaderno de trabajo - Qichwa Chanka (MINEDU) PDF,chanka,language_communication,secondary,1,False,candidate,https://peru.librosminedu.com/rimana-1-er-comunicacion-1-er-secundaria-cuaderno-de-trabajo-qichwa/,"Rimana 1.er = Comunicación 1.er Secundaria: Cuaderno de trabajo - QichEIB - Quechua Chanka · 240 páginas · 42,4 MB",,https://peru.librosminedu.com/pdf-rimana-1-er-comunicacion-1-er-secundaria-cuaderno-de-trabajo-qichwa/,1k_Z27wCuM8JD1JI4OtNOxPM4I1kkD5HL,downloaded,finetuning/reference-materials/peru-quechua/pdf/1k_Z27wCuM8JD1JI4OtNOxPM4I1kkD5HL.pdf,finetuning/reference-materials/peru-quechua/text/1k_Z27wCuM8JD1JI4OtNOxPM4I1kkD5HL.txt,extracted_unreviewed,240,44404898,24230,42ab57617fa4b2f8f753dc9610b7a235f49f1645a9f3e540e93baf7d60c88a61,,not_cleared_review_required,False
book-0c1fea447de3,Rimana 1.er Kuskalla yachasunchik = Comunicación 1.er Secundaria: Cuaderno de trabajo - Qullaw Qichwa (MINEDU) PDF,collao,language_communication,secondary,1,False,candidate,https://peru.librosminedu.com/rimana-1-er-kuskalla-yachasunchik-comunicacion-1-er-secundaria/,"Edición 2021EIB - Quechua Collao · 240 páginas · 29,9 MB",2021,https://peru.librosminedu.com/pdf-rimana-1-er-kuskalla-yachasunchik-comunicacion-1-er-secundaria/,1t4nJJgFl3s8L8N7ZTRUJEUf341oQWvBl,downloaded,finetuning/reference-materials/peru-quechua/pdf/1t4nJJgFl3s8L8N7ZTRUJEUf341oQWvBl.pdf,finetuning/reference-materials/peru-quechua/text/1t4nJJgFl3s8L8N7ZTRUJEUf341oQWvBl.txt,extracted_unreviewed,240,31339398,38135,61958d8154584bc1750d7be5486bfbd7f68932adb2289e38a393f3f8230dae9c,,not_cleared_review_required,False
book-89203b923a1c,Rimana 3.er = Comunicación 3.er Secundaria: Cuaderno de trabajo - Qichwa Chanka (MINEDU) PDF,chanka,language_communication,secondary,3,False,candidate,https://peru.librosminedu.com/rimana-3-er-comunicacion-3-er-secundaria-cuaderno-de-trabajo-qichwa/,"Edición 2021EIB - Quechua Chanka · 240 páginas · 41,2 MB",2021,https://peru.librosminedu.com/pdf-rimana-3-er-comunicacion-3-er-secundaria-cuaderno-de-trabajo-qichwa/,1rcy1qg2SYdBR-L6_VsnC_t1XyQeTKwWT,downloaded,finetuning/reference-materials/peru-quechua/pdf/1rcy1qg2SYdBR-L6_VsnC_t1XyQeTKwWT.pdf,finetuning/reference-materials/peru-quechua/text/1rcy1qg2SYdBR-L6_VsnC_t1XyQeTKwWT.txt,extracted_unreviewed,240,43194773,25316,b0a5892ed1b90cd3327d6f573ae807798ba8ba814e27e91320f0c606bc805b02,,not_cleared_review_required,False
book-0cab8c52f4eb,Rimana 3.er Llapanchik yachakushun = Comunicación 3.er Secundaria: Cuaderno de trabajo - Chawpin Qichwa (MINEDU) PDF,central_unspecified,language_communication,secondary,3,False,candidate,https://peru.librosminedu.com/rimana-3-er-llapanchik-yachakushun-comunicacion-3-er-secundaria/,"Edición 2021EIB - Quechua Central · 238 páginas · 30,9 MB",2021,https://peru.librosminedu.com/pdf-rimana-3-er-llapanchik-yachakushun-comunicacion-3-er-secundaria/,1Dovr5MX7J0BWWa8eeWye8oXH4OvRI7Yg,downloaded,finetuning/reference-materials/peru-quechua/pdf/1Dovr5MX7J0BWWa8eeWye8oXH4OvRI7Yg.pdf,finetuning/reference-materials/peru-quechua/text/1Dovr5MX7J0BWWa8eeWye8oXH4OvRI7Yg.txt,extracted_unreviewed,238,32350154,22880,d449f2b3a499cb17b3df870e2e135adf2b8f558a87fc30217fc1333224af82ff,,explicit_restriction_detected_review_required,False
book-bbac238d7e17,Rimana 3.er Kuskalla yachasunchik = Comunicación 3.er Secundaria: Cuaderno de trabajo - Qullaw Qichwa (MINEDU) PDF,collao,language_communication,secondary,3,False,candidate,https://peru.librosminedu.com/rimana-3-er-kuskalla-yachasunchik-comunicacion-3-er-secundaria/,"Edición 2021EIB - Quechua Collao · 240 páginas · 24,9 MB",2021,https://peru.librosminedu.com/pdf-rimana-3-er-kuskalla-yachasunchik-comunicacion-3-er-secundaria/,1bvZfNlwzDxOBSagYhw-G_Kuqahz-6SCV,downloaded,finetuning/reference-materials/peru-quechua/pdf/1bvZfNlwzDxOBSagYhw-G_Kuqahz-6SCV.pdf,finetuning/reference-materials/peru-quechua/text/1bvZfNlwzDxOBSagYhw-G_Kuqahz-6SCV.txt,extracted_unreviewed,240,26148987,21602,0863276743c5e5c1d02e4b17f4933a54046248340860a58b6b31fe169b7b2fe8,,not_cleared_review_required,False
book-79b4300bcaec,Rimana 4. = Comunicación 4. Secundaria: Cuaderno de trabajo - Qichwa Chanka (MINEDU) PDF,chanka,language_communication,secondary,4,False,candidate,https://peru.librosminedu.com/rimana-4-comunicacion-4-secundaria-cuaderno-de-trabajo-qichwa-chanka/,"Rimana 4 = Comunicación 4 Secundaria: Cuaderno de trabajo - Chawpin QichwaEIB - Quechua Chanka · 240 páginas · 29,1 MB",,https://peru.librosminedu.com/pdf-rimana-4-comunicacion-4-secundaria-cuaderno-de-trabajo-chawpin-qichwa/,1SNSk1jM4Apv44FGljwX4KgLTkshuq5LR,downloaded,finetuning/reference-materials/peru-quechua/pdf/1SNSk1jM4Apv44FGljwX4KgLTkshuq5LR.pdf,finetuning/reference-materials/peru-quechua/text/1SNSk1jM4Apv44FGljwX4KgLTkshuq5LR.txt,extracted_unreviewed,240,30478315,25738,71a35127b7155c0cec5b8db2db58b34c57b4274cdbd727ba80d4503754f1c827,,not_cleared_review_required,False
book-79b4300bcaec,Rimana 4. = Comunicación 4. Secundaria: Cuaderno de trabajo - Qichwa Chanka (MINEDU) PDF,chanka,language_communication,secondary,4,False,candidate,https://peru.librosminedu.com/rimana-4-comunicacion-4-secundaria-cuaderno-de-trabajo-qichwa-chanka/,"Rimana 4. = Comunicación 4. Secundaria: Cuaderno de trabajo - Qichwa CEIB - Quechua Chanka · 240 páginas · 41,6 MB",,https://peru.librosminedu.com/pdf-rimana-4-comunicacion-4-secundaria-cuaderno-de-trabajo-qichwa-chanka/,105Ilgcpvtx7uBVK37UD5c-JwdSVwmpBo,downloaded,finetuning/reference-materials/peru-quechua/pdf/105Ilgcpvtx7uBVK37UD5c-JwdSVwmpBo.pdf,finetuning/reference-materials/peru-quechua/text/105Ilgcpvtx7uBVK37UD5c-JwdSVwmpBo.txt,extracted_unreviewed,240,43575151,25738,2f2ddd9678288efe22eccf05a24f0d5aec67f1a0a08d9b2ff6273809a7a528ce,,not_cleared_review_required,False
book-bf505101ff3b,Rimana 1.er Pulla yacakushun = Comunicación 1.er Secundaria: Cuaderno de trabajo - Qichwa Chanka (MINEDU) PDF,chanka,language_communication,secondary,1,False,candidate,https://peru.librosminedu.com/rimana-1-er-pulla-yacakushun-comunicacion-1-er-secundaria-cuaderno-de/,"Edición 2023EIB - Quechua norteño · 208 páginas · 59,0 MB",2023,https://peru.librosminedu.com/pdf-rimana-1-er-pulla-yacakushun-comunicacion-1-er-secundaria-cuaderno-de/,1NpdSqXmotrS2zb6ocwehrbQn25iHGqo0,downloaded,finetuning/reference-materials/peru-quechua/pdf/1NpdSqXmotrS2zb6ocwehrbQn25iHGqo0.pdf,finetuning/reference-materials/peru-quechua/text/1NpdSqXmotrS2zb6ocwehrbQn25iHGqo0.txt,extracted_unreviewed,208,61836068,8858,b8c6305a6b4649ed702ff7d947301b6cc6522e7fc469a8f0ab06dd73d28b241e,,explicit_restriction_detected_review_required,False
book-fda50cf239c2,Rimana 2. Pulla yacakushun = Comunicación 2. Secundaria: Cuaderno de trabajo - Quechua Norteño (MINEDU) PDF,norteno_unspecified,language_communication,secondary,2,False,candidate,https://peru.librosminedu.com/rimana-2-pulla-yacakushun-comunicacion-2-secundaria-cuaderno-de/,"Edición 2023EIB - Quechua norteño · 208 páginas · 59,1 MB",2023,https://peru.librosminedu.com/pdf-rimana-2-pulla-yacakushun-comunicacion-2-secundaria-cuaderno-de/,1Pm2o7xblgb64cQTd1iCblt0peeYbcKIX,downloaded,finetuning/reference-materials/peru-quechua/pdf/1Pm2o7xblgb64cQTd1iCblt0peeYbcKIX.pdf,finetuning/reference-materials/peru-quechua/text/1Pm2o7xblgb64cQTd1iCblt0peeYbcKIX.txt,extracted_unreviewed,208,61976335,10354,cbb1c879087a6af4ef0593e67b7d36c0f01bc4beecbd33e525381e1a77ad6b5d,,explicit_restriction_detected_review_required,False
book-d6537abe853f,Wiiñay qichwa 7 - Fichas de trabajo (lengua originaria como L2) de Comunicación del 1.er de Secundaria - Quechua Central (MINEDU) PDF,central_unspecified,language_communication,secondary,1,False,candidate,https://peru.librosminedu.com/wiinay-qichwa-7-fichas-de-trabajo-lengua-originaria-como-l2-de/,"Edición 2023EIB - Quechua Central · 204 páginas · 31,8 MB",2023,https://peru.librosminedu.com/pdf-wiinay-qichwa-7-fichas-de-trabajo-lengua-originaria-como-l2-de/,1CDIKm4KwVy96XdFg-MFyqeuxK0v7V196,downloaded,finetuning/reference-materials/peru-quechua/pdf/1CDIKm4KwVy96XdFg-MFyqeuxK0v7V196.pdf,finetuning/reference-materials/peru-quechua/text/1CDIKm4KwVy96XdFg-MFyqeuxK0v7V196.txt,extracted_unreviewed,204,33370733,19173,ecc434dc440ad9f475888ce9fae57781a15c74e7a0157f9601e8180ea89e2375,,explicit_restriction_detected_review_required,False
book-1a6e56233b8b,Qichwa yachanapaq 7 - Fichas de trabajo (lengua originaria como L2) de Comunicación del 1.er de Secundaria (MINEDU) PDF,unspecified,language_communication,secondary,1,False,candidate,https://peru.librosminedu.com/qichwa-yachanapaq-7-fichas-de-trabajo-lengua-originaria-como-l2-de/,"Quechua ChankaEIB - Quechua Chanka · 204 páginas · 29,0 MB",,https://peru.librosminedu.com/pdf-qichwa-yachanapaq-7-fichas-de-trabajo-lengua-originaria-como-l2-de-2/,1RcNSdD0QiJzLuzBAWHndKhXa4YBFHAzp,downloaded,finetuning/reference-materials/peru-quechua/pdf/1RcNSdD0QiJzLuzBAWHndKhXa4YBFHAzp.pdf,finetuning/reference-materials/peru-quechua/text/1RcNSdD0QiJzLuzBAWHndKhXa4YBFHAzp.txt,extracted_unreviewed,204,30454412,20388,4049d60cf024ac1e8055ce566168ed26792cecf07c6a45fa13a39712a6c4b982,,not_cleared_review_required,False
book-1a6e56233b8b,Qichwa yachanapaq 7 - Fichas de trabajo (lengua originaria como L2) de Comunicación del 1.er de Secundaria (MINEDU) PDF,unspecified,language_communication,secondary,1,False,candidate,https://peru.librosminedu.com/qichwa-yachanapaq-7-fichas-de-trabajo-lengua-originaria-como-l2-de/,"Quechua CollaoEIB - Quechua Collao · 206 páginas · 40,5 MB",,https://peru.librosminedu.com/pdf-qichwa-yachanapaq-7-fichas-de-trabajo-lengua-originaria-como-l2-de/,1gO9RVvQ6bgfmHhn-PIKKEx_aI6Qzmd1G,downloaded,finetuning/reference-materials/peru-quechua/pdf/1gO9RVvQ6bgfmHhn-PIKKEx_aI6Qzmd1G.pdf,finetuning/reference-materials/peru-quechua/text/1gO9RVvQ6bgfmHhn-PIKKEx_aI6Qzmd1G.txt,extracted_unreviewed,206,42421418,21967,9cdad8578fa7fa6885c6e7108be134760acd68d302c0c2af40b0bff0fb4d21b8,,explicit_restriction_detected_review_required,False
book-5adc5969b8a9,Fichas de trabajo (lengua originaria como L2) de Comunicación del 1.er de Primaria (MINEDU) PDF,unspecified,language_communication,primary,1,False,candidate,https://peru.librosminedu.com/fichas-de-trabajo-lengua-originaria-como-l2-de-comunicacion-del-1-er/,"Quechua Norteño (Inkawasi-Kañaris y Cajamarca)EIB - Kichwa · 156 páginas · 51,0 MB",,https://peru.librosminedu.com/pdf-fichas-de-trabajo-lengua-originaria-como-l2-de-comunicacion-del-1-er-2/,16U-QiDYUWjUbWBVZaLsf5ranmT7BdeKd,downloaded,finetuning/reference-materials/peru-quechua/pdf/16U-QiDYUWjUbWBVZaLsf5ranmT7BdeKd.pdf,finetuning/reference-materials/peru-quechua/text/16U-QiDYUWjUbWBVZaLsf5ranmT7BdeKd.txt,extracted_unreviewed,156,53511482,7843,1d3641633dbcb470c2ae7acb3bc7de85d194bf907064a6b2738b1d6d55e9c68a,,explicit_restriction_detected_review_required,False
book-5adc5969b8a9,Fichas de trabajo (lengua originaria como L2) de Comunicación del 1.er de Primaria (MINEDU) PDF,unspecified,language_communication,primary,1,False,candidate,https://peru.librosminedu.com/fichas-de-trabajo-lengua-originaria-como-l2-de-comunicacion-del-1-er/,"ShawiEIB - Shawi · 154 páginas · 29,7 MB",,https://peru.librosminedu.com/pdf-fichas-de-trabajo-lengua-originaria-como-l2-de-comunicacion-del-1-er/,1aclp1Fezz-67mGdk32zXYdslamTL21u0,downloaded,finetuning/reference-materials/peru-quechua/pdf/1aclp1Fezz-67mGdk32zXYdslamTL21u0.pdf,finetuning/reference-materials/peru-quechua/text/1aclp1Fezz-67mGdk32zXYdslamTL21u0.txt,extracted_unreviewed,154,31117722,10790,354afaa1f25c44e309c631c98338acc4903458f8dc4570150eeb554b8f6c9e4a,,explicit_restriction_detected_review_required,False
book-5adc5969b8a9,Fichas de trabajo (lengua originaria como L2) de Comunicación del 1.er de Primaria (MINEDU) PDF,unspecified,language_communication,primary,1,False,candidate,https://peru.librosminedu.com/fichas-de-trabajo-lengua-originaria-como-l2-de-comunicacion-del-1-er/,"Shipibo-KoniboEIB - Ashaninka/Shipibo-konibo · 154 páginas · 31,1 MB",,https://peru.librosminedu.com/pdf-fichas-de-trabajo-lengua-originaria-como-l2-de-comunicacion-del-1-er-6/,1HrMr7j9U_8oj6iQS63pZ8mYt43Ksd6n7,downloaded,finetuning/reference-materials/peru-quechua/pdf/1HrMr7j9U_8oj6iQS63pZ8mYt43Ksd6n7.pdf,finetuning/reference-materials/peru-quechua/text/1HrMr7j9U_8oj6iQS63pZ8mYt43Ksd6n7.txt,extracted_unreviewed,154,32609903,12565,c1ce492f5d131b1849310a71ec306c117328f6b923d4490be6ba7d773a3b55c2,,explicit_restriction_detected_review_required,False
book-a5249f2c997a,Qichwa yachakunapaq 8 - Fichas de trabajo (lengua originaria como L2) de Comunicación del 2. de Secundaria - Quechua Chanka (MINEDU) PDF,chanka,language_communication,secondary,2,False,candidate,https://peru.librosminedu.com/qichwa-yachakunapaq-8-fichas-de-trabajo-lengua-originaria-como-l2-de/,"Edición 2023EIB - Quechua Chanka · 204 páginas · 28,1 MB",2023,https://peru.librosminedu.com/pdf-qichwa-yachakunapaq-8-fichas-de-trabajo-lengua-originaria-como-l2-de/,1XsF3E47VgC3n6fWtXzg5KSHoiWoKh25V,downloaded,finetuning/reference-materials/peru-quechua/pdf/1XsF3E47VgC3n6fWtXzg5KSHoiWoKh25V.pdf,finetuning/reference-materials/peru-quechua/text/1XsF3E47VgC3n6fWtXzg5KSHoiWoKh25V.txt,extracted_unreviewed,204,29466097,21457,b1ff3e07fd1187e7041ef8c9809d65b700cdb00c621ee379c86998dc0710927c,,not_cleared_review_required,False
book-6a9fd4535165,Qichwa yachanapaq 8 - Fichas de trabajo (lengua originaria como L2) de Comunicación del 2. de Secundaria - Quechua Collao (MINEDU) PDF,collao,language_communication,secondary,2,False,candidate,https://peru.librosminedu.com/qichwa-yachanapaq-8-fichas-de-trabajo-lengua-originaria-como-l2-de/,"Edición 2023EIB - Quechua Collao · 216 páginas · 25,2 MB",2023,https://peru.librosminedu.com/pdf-qichwa-yachanapaq-8-fichas-de-trabajo-lengua-originaria-como-l2-de/,1gqlh_m3hzVzEwTs4MFoanczgm89B0Boe,downloaded,finetuning/reference-materials/peru-quechua/pdf/1gqlh_m3hzVzEwTs4MFoanczgm89B0Boe.pdf,finetuning/reference-materials/peru-quechua/text/1gqlh_m3hzVzEwTs4MFoanczgm89B0Boe.txt,extracted_unreviewed,216,26409600,21831,98708624d8f4b5c552754f83969e09dcc78a8ebfe298af43ff179394f07217e5,,explicit_restriction_detected_review_required,False
book-1a9ef7fd033a,Qullanam shimikunata kallpachanapaq raprakuna - Fichas de autoaprendizaje en LO de Comunicación del VII Ciclo (3.er y 4.) de Secundaria (MINEDU) PDF,unspecified,language_communication,secondary,,False,candidate,https://peru.librosminedu.com/qullanam-shimikunata-kallpachanapaq-raprakuna-fichas-de/,"Fichas de autoaprendizaje en LO de Comunicación del VI Ciclo (1.er y 2.) de Secundaria -…EIB - Quechua Central · 110 páginas · 50,9 MB",,https://peru.librosminedu.com/pdf-qullanam-shimikunata-kallpachanapaq-raprakuna-fichas-de-2/,15FUNxK8VQGPsmPzP_g6HFSePcBXpBgah,downloaded,finetuning/reference-materials/peru-quechua/pdf/15FUNxK8VQGPsmPzP_g6HFSePcBXpBgah.pdf,finetuning/reference-materials/peru-quechua/text/15FUNxK8VQGPsmPzP_g6HFSePcBXpBgah.txt,extracted_unreviewed,110,53322502,10412,439112bdbf5348156ed605c88cefaf063735837dc16ec188a5c153a39c75b8c9,,explicit_restriction_detected_review_required,False
book-1a9ef7fd033a,Qullanam shimikunata kallpachanapaq raprakuna - Fichas de autoaprendizaje en LO de Comunicación del VII Ciclo (3.er y 4.) de Secundaria (MINEDU) PDF,unspecified,language_communication,secondary,,False,candidate,https://peru.librosminedu.com/qullanam-shimikunata-kallpachanapaq-raprakuna-fichas-de/,"Fichas de autoaprendizaje en LO de Comunicación del VII Ciclo (3.er y 4.) de Secundaria -…EIB - Quechua Central · 110 páginas · 14,1 MB",,https://peru.librosminedu.com/pdf-qullanam-shimikunata-kallpachanapaq-raprakuna-fichas-de/,1KENwdclq9aS0HqOmT6GJrzr39ljqusR4,downloaded,finetuning/reference-materials/peru-quechua/pdf/1KENwdclq9aS0HqOmT6GJrzr39ljqusR4.pdf,finetuning/reference-materials/peru-quechua/text/1KENwdclq9aS0HqOmT6GJrzr39ljqusR4.txt,extracted_unreviewed,110,14822253,9938,084ae1119c4d0f66e35d7524a2496532436314b8152c6fa63f4161b98989ea0b,,explicit_restriction_detected_review_required,False
book-373fd37a28e9,Llamkana rapikuna mama simikunata wiñarichinanpaq - Fichas de autoaprendizaje en LO de Comunicación del VII Ciclo (5.) de Secundaria (MINEDU) PDF,unspecified,language_communication,secondary,,False,candidate,https://peru.librosminedu.com/llamkana-rapikuna-mama-simikunata-winarichinanpaq-fichas-de/,"Fichas de autoaprendizaje en LO de Comunicación del VI Ciclo (1.er y 2.) de Secundaria -…EIB - Quechua Chanka · 110 páginas · 45,1 MB",,https://peru.librosminedu.com/pdf-llamkana-rapikuna-mama-simikunata-winarichinanpaq-fichas-de-2/,1Liwr_sQylqVm8tTrJo-0VKeATWK4Nh-F,downloaded,finetuning/reference-materials/peru-quechua/pdf/1Liwr_sQylqVm8tTrJo-0VKeATWK4Nh-F.pdf,finetuning/reference-materials/peru-quechua/text/1Liwr_sQylqVm8tTrJo-0VKeATWK4Nh-F.txt,extracted_unreviewed,110,47256750,11158,dbaeaa1bcaa01c3b1b1348d3bef15bcda5081d1e578d39ff8df5764704eeeff3,,explicit_restriction_detected_review_required,False
book-373fd37a28e9,Llamkana rapikuna mama simikunata wiñarichinanpaq - Fichas de autoaprendizaje en LO de Comunicación del VII Ciclo (5.) de Secundaria (MINEDU) PDF,unspecified,language_communication,secondary,,False,candidate,https://peru.librosminedu.com/llamkana-rapikuna-mama-simikunata-winarichinanpaq-fichas-de/,"Fichas de autoaprendizaje en LO de Comunicación del VII Ciclo (5.) de Secundaria -…EIB - Quechua Chanka · 112 páginas · 34,9 MB",,https://peru.librosminedu.com/pdf-llamkana-rapikuna-mama-simikunata-winarichinanpaq-fichas-de/,1p57zOVFAA40KKkz7bFbAFQpneB-R7RnI,downloaded,finetuning/reference-materials/peru-quechua/pdf/1p57zOVFAA40KKkz7bFbAFQpneB-R7RnI.pdf,finetuning/reference-materials/peru-quechua/text/1p57zOVFAA40KKkz7bFbAFQpneB-R7RnI.txt,extracted_unreviewed,112,36569669,12232,dbfbd6cc7e781e1226de529cb173fe799fe8daeef05f9440bba7fccbcf79e679,,explicit_restriction_detected_review_required,False
book-4c057f72c539,Qichwa mama simita wiñachinapaq llamkana rapikuna - Fichas de autoaprendizaje en LO de Comunicación del VII Ciclo (3.er y 4.) de Secundaria (MINEDU) PDF,unspecified,language_communication,secondary,,False,candidate,https://peru.librosminedu.com/qichwa-mama-simita-winachinapaq-llamkana-rapikuna-fichas-de/,"Edición 2022EIB - Quechua Chanka · 112 páginas · 34,3 MB",2022,https://peru.librosminedu.com/pdf-qichwa-mama-simita-winachinapaq-llamkana-rapikuna-fichas-de/,19lxL-1oIsKZpHhJ1srVBRpLkC7AvIxSi,downloaded,finetuning/reference-materials/peru-quechua/pdf/19lxL-1oIsKZpHhJ1srVBRpLkC7AvIxSi.pdf,finetuning/reference-materials/peru-quechua/text/19lxL-1oIsKZpHhJ1srVBRpLkC7AvIxSi.txt,extracted_unreviewed,112,35925500,11003,15e176ab424e6c04eba6ae308f3444b021c70721559717d842ae13f092f5974e,,explicit_restriction_detected_review_required,False
book-ca6f0bf9ccd1,Qichwa mama simita wiñachinapaq llamk'ana raphikuna - Fichas de autoaprendizaje en LO de Comunicación del VII Ciclo (3.er y 4.) de Secundaria (MINEDU) PDF,unspecified,language_communication,secondary,,False,candidate,https://peru.librosminedu.com/qichwa-mama-simita-winachinapaq-llamk-ana-raphikuna-fichas-de/,"Edición 2022EIB - Quechua Collao · 112 páginas · 23,8 MB",2022,https://peru.librosminedu.com/pdf-qichwa-mama-simita-winachinapaq-llamk-ana-raphikuna-fichas-de/,1m8WdKdxup2gYzu1IG27q5S18RY69VI2u,downloaded,finetuning/reference-materials/peru-quechua/pdf/1m8WdKdxup2gYzu1IG27q5S18RY69VI2u.pdf,finetuning/reference-materials/peru-quechua/text/1m8WdKdxup2gYzu1IG27q5S18RY69VI2u.txt,extracted_unreviewed,112,24934650,12657,3fc0112900b03c31f8e668e94a1bf2a3c9f07b1e6075dd16c1d364f45b60fe4f,,explicit_restriction_detected_review_required,False
book-71248343967e,Mama simikunata wiñachinanpaq llamk'ana raphikuna - Fichas de autoaprendizaje en LO de Comunicación del VII Ciclo (5.) de Secundaria (MINEDU) PDF,unspecified,language_communication,secondary,,False,candidate,https://peru.librosminedu.com/mama-simikunata-winachinanpaq-llamk-ana-raphikuna-fichas-de/,"Fichas de autoaprendizaje en LO de Comunicación del VI Ciclo (1.er y 2.) de Secundaria -…EIB - Quechua Collao · 112 páginas · 40,4 MB",,https://peru.librosminedu.com/pdf-mama-simikunata-winachinanpaq-llamk-ana-raphikuna-fichas-de-2/,10h_GocKyvISFJ-HgStlwUh9snPJN2i49,downloaded,finetuning/reference-materials/peru-quechua/pdf/10h_GocKyvISFJ-HgStlwUh9snPJN2i49.pdf,finetuning/reference-materials/peru-quechua/text/10h_GocKyvISFJ-HgStlwUh9snPJN2i49.txt,extracted_unreviewed,112,42334639,12818,16ee02e6af63655ca5914b47c5e4978c117b3c04423006bb51e565d771d247a7,,explicit_restriction_detected_review_required,False
book-71248343967e,Mama simikunata wiñachinanpaq llamk'ana raphikuna - Fichas de autoaprendizaje en LO de Comunicación del VII Ciclo (5.) de Secundaria (MINEDU) PDF,unspecified,language_communication,secondary,,False,candidate,https://peru.librosminedu.com/mama-simikunata-winachinanpaq-llamk-ana-raphikuna-fichas-de/,"Fichas de autoaprendizaje en LO de Comunicación del VII Ciclo (5.) de Secundaria -…EIB - Quechua Collao · 112 páginas · 30,5 MB",,https://peru.librosminedu.com/pdf-mama-simikunata-winachinanpaq-llamk-ana-raphikuna-fichas-de/,1Vl9cxJWUPY6QZPljwJ8JpNH5rFXZprFP,downloaded,finetuning/reference-materials/peru-quechua/pdf/1Vl9cxJWUPY6QZPljwJ8JpNH5rFXZprFP.pdf,finetuning/reference-materials/peru-quechua/text/1Vl9cxJWUPY6QZPljwJ8JpNH5rFXZprFP.txt,extracted_unreviewed,112,31983333,13836,59ae1875b3e63aacdcb20e2cd4122f6e90993ccbe613c610ba3178e7e293b615,,explicit_restriction_detected_review_required,False
book-f246abaeb298,Quechua Amazónico (Kichwa) - Fichas de autoaprendizaje Mamaru del III Ciclo (1.er y 2.) de Primaria (MINEDU) PDF,kichwa_unspecified,other_school_material,primary,,False,candidate,https://peru.librosminedu.com/quechua-amazonico-kichwa-fichas-de-autoaprendizaje-mamaru-del-iii/,"Edición 2022EIB - Quechua Amazónico · 116 páginas · 41,0 MB",2022,https://peru.librosminedu.com/pdf-quechua-amazonico-kichwa-fichas-de-autoaprendizaje-mamaru-del-iii/,16Gr4lIyK2GtnmCtV4fWPvx49foZ7WYAT,downloaded,finetuning/reference-materials/peru-quechua/pdf/16Gr4lIyK2GtnmCtV4fWPvx49foZ7WYAT.pdf,finetuning/reference-materials/peru-quechua/text/16Gr4lIyK2GtnmCtV4fWPvx49foZ7WYAT.txt,extracted_unreviewed,116,42974296,6523,7ac6ff1da9898ddc171fa506178891d94418144a89c29476ff9f1073216cfa04,,explicit_restriction_detected_review_required,False
book-263bb1ebf2a0,Kichwa - Fichas de autoaprendizaje Mamaru del IV Ciclo (3.er) de Primaria (MINEDU) PDF,kichwa_unspecified,other_school_material,primary,,False,candidate,https://peru.librosminedu.com/kichwa-fichas-de-autoaprendizaje-mamaru-del-iv-ciclo-3-er-de-primaria/,"Edición 2022EIB - Quechua Amazónico · 116 páginas · 19,1 MB",2022,https://peru.librosminedu.com/pdf-kichwa-fichas-de-autoaprendizaje-mamaru-del-iv-ciclo-3-er-de-primaria/,1GX_jBif3a-V2aGTPp8WqnKo0M-ClXx3H,downloaded,finetuning/reference-materials/peru-quechua/pdf/1GX_jBif3a-V2aGTPp8WqnKo0M-ClXx3H.pdf,finetuning/reference-materials/peru-quechua/text/1GX_jBif3a-V2aGTPp8WqnKo0M-ClXx3H.txt,extracted_unreviewed,116,20082801,7999,b4480facb045d107f91f700bf21ab10dfb47905781377d40e708ada22464ff4e,,explicit_restriction_detected_review_required,False
book-d0ea86afee69,Quechua Central (Variante Wanka) - Fichas de autoaprendizaje Chachas del III Ciclo (1.er y 2.) de Primaria (MINEDU) PDF,wanka,other_school_material,primary,,False,candidate,https://peru.librosminedu.com/quechua-central-variante-wanka-fichas-de-autoaprendizaje-chachas-del/,"Edición 2022EIB - Quechua Central · 116 páginas · 19,8 MB",2022,https://peru.librosminedu.com/pdf-quechua-central-variante-wanka-fichas-de-autoaprendizaje-chachas-del/,1Uhshw-mwG-NvWuiRBTD-0094Mc95YNqF,downloaded,finetuning/reference-materials/peru-quechua/pdf/1Uhshw-mwG-NvWuiRBTD-0094Mc95YNqF.pdf,finetuning/reference-materials/peru-quechua/text/1Uhshw-mwG-NvWuiRBTD-0094Mc95YNqF.txt,extracted_unreviewed,116,20734769,6128,d8f8a2544841c7ddb4eb8a87cf4f20d9c6733e385e082ecc47ca687542aad3d8,,explicit_restriction_detected_review_required,False
book-a3b16fa5c359,Quechua Central - Fichas de autoaprendizaje Chachas del III Ciclo (1.er y 2.) de Primaria (MINEDU) PDF,central_unspecified,other_school_material,primary,,False,candidate,https://peru.librosminedu.com/quechua-central-fichas-de-autoaprendizaje-chachas-del-iii-ciclo-1-er/,"Edición 2022EIB - Quechua Central · 114 páginas · 20,8 MB",2022,https://peru.librosminedu.com/pdf-quechua-central-fichas-de-autoaprendizaje-chachas-del-iii-ciclo-1-er/,13rtJoC76rB8oj4VXj-HPJxi7zSyr5Q2M,downloaded,finetuning/reference-materials/peru-quechua/pdf/13rtJoC76rB8oj4VXj-HPJxi7zSyr5Q2M.pdf,finetuning/reference-materials/peru-quechua/text/13rtJoC76rB8oj4VXj-HPJxi7zSyr5Q2M.txt,extracted_unreviewed,114,21823066,5789,2d8fd5734dd07074a112e902a3f124c5233c814b3cdc811ea2a2634ab94abf5a,,explicit_restriction_detected_review_required,False
book-4f2679ffc4da,Quechua Wanka - Fichas de autoaprendizaje Chachas del IV Ciclo (3.er) de Primaria (MINEDU) PDF,wanka,other_school_material,primary,,False,candidate,https://peru.librosminedu.com/quechua-wanka-fichas-de-autoaprendizaje-chachas-del-iv-ciclo-3-er-de/,"Quechua Central - Fichas de autoaprendizaje Chachas del IV Ciclo (3.er) de PrimariaEIB - Quechua Central · 117 páginas · 26,2 MB",,https://peru.librosminedu.com/pdf-quechua-central-fichas-de-autoaprendizaje-chachas-del-iv-ciclo-3-er/,1q-R8l8i6Lz3TyfI7gDNRRlf7PL-DYGXV,downloaded,finetuning/reference-materials/peru-quechua/pdf/1q-R8l8i6Lz3TyfI7gDNRRlf7PL-DYGXV.pdf,finetuning/reference-materials/peru-quechua/text/1q-R8l8i6Lz3TyfI7gDNRRlf7PL-DYGXV.txt,extracted_unreviewed,117,27487596,6486,a1ee9b55644e63e897a17e2086b76d12c586d60a03c281d179d89ecff4fe4c7b,,explicit_restriction_detected_review_required,False
book-4f2679ffc4da,Quechua Wanka - Fichas de autoaprendizaje Chachas del IV Ciclo (3.er) de Primaria (MINEDU) PDF,wanka,other_school_material,primary,,False,candidate,https://peru.librosminedu.com/quechua-wanka-fichas-de-autoaprendizaje-chachas-del-iv-ciclo-3-er-de/,"Quechua Wanka - Fichas de autoaprendizaje Chachas del IV Ciclo (3.er)EIB - Quechua Central · 116 páginas · 20,1 MB",,https://peru.librosminedu.com/pdf-quechua-wanka-fichas-de-autoaprendizaje-chachas-del-iv-ciclo-3-er-de/,1yLKpBaXG_X5rU7DGp9I3DD70AtS8TDfh,downloaded,finetuning/reference-materials/peru-quechua/pdf/1yLKpBaXG_X5rU7DGp9I3DD70AtS8TDfh.pdf,finetuning/reference-materials/peru-quechua/text/1yLKpBaXG_X5rU7DGp9I3DD70AtS8TDfh.txt,extracted_unreviewed,116,21118041,7552,f468ab2a4ed48502d8e425cd7b28ed1f0654e1cad61e4a4ea96268c0c702760f,,explicit_restriction_detected_review_required,False
book-78b433e5f5ae,Shawi - Fichas de autoaprendizaje Mamaru del III Ciclo (1.er y 2.) de Primaria (MINEDU) PDF,not_quechua_shawi,other_school_material,primary,,False,excluded_non_quechua,https://peru.librosminedu.com/shawi-fichas-de-autoaprendizaje-mamaru-del-iii-ciclo-1-er-y-2-de/,,,,,excluded_non_quechua,,,not_available,,,,,,not_cleared,False
book-1fd07fe2562b,¿Imanutaq rurachuwan kusa allinta yakuta purichinapaq?: Yacana 6 - comunicación. 5. grado (MINEDU) PDF,unspecified,language_communication,unspecified,,False,candidate,https://peru.librosminedu.com/imanutaq-rurachuwan-kusa-allinta-yakuta-purichinapaq-yacana-6/,"Edición 2022EIB - Quechua Inkawasi-Kañaris · 19 páginas · 1,8 MB",2022,https://peru.librosminedu.com/pdf-imanutaq-rurachuwan-kusa-allinta-yakuta-purichinapaq-yacana-6/,10mjUdjVivJZPTlCsfAcVJj5mSQF3mw90,downloaded,finetuning/reference-materials/peru-quechua/pdf/10mjUdjVivJZPTlCsfAcVJj5mSQF3mw90.pdf,finetuning/reference-materials/peru-quechua/text/10mjUdjVivJZPTlCsfAcVJj5mSQF3mw90.txt,extracted_unreviewed,19,1859724,2543,e0bb32633084e80bf0b874141bad03ac938f9d60d94f88e83646c6fa2f3240f8,,not_cleared_review_required,False
book-14d457945821,Takikuna = Cancionero - inicial - Quechua Central (MINEDU) PDF,central_unspecified,literature_readers,early_childhood,,False,candidate,https://peru.librosminedu.com/takikuna-cancionero-inicial-quechua-central/,"Edición 2023EIB - Quechua Central · 40 páginas · 36,7 MB",2023,https://peru.librosminedu.com/pdf-takikuna-cancionero-inicial-quechua-central/,13EZtRuK39fI8bQ4eiZpnNEKz32hRbE-Y,downloaded,finetuning/reference-materials/peru-quechua/pdf/13EZtRuK39fI8bQ4eiZpnNEKz32hRbE-Y.pdf,finetuning/reference-materials/peru-quechua/text/13EZtRuK39fI8bQ4eiZpnNEKz32hRbE-Y.txt,extracted_review_required,40,38492997,1138,415549d02006f4cb8b58a6fc94c7232ce1ecbc962709c859632abe9c32f1ba78,,not_cleared_review_required,False
book-0a9fde532509,Takikuna = Cancionero - inicial - Quechua Norteño (Inkawasi-kañaris y Cajamarca) (MINEDU) PDF,norteno_inkawasi_cajamarca_unsplit,literature_readers,early_childhood,,False,candidate,https://peru.librosminedu.com/takikuna-cancionero-inicial-quechua-norteno-inkawasi-kanaris-y/,"Edición 2023EIB - Quechua Inkawasi-Kañaris · 40 páginas · 15,6 MB",2023,https://peru.librosminedu.com/pdf-takikuna-cancionero-inicial-quechua-norteno-inkawasi-kanaris-y/,17Zd_0MUh6nMy0ZT3tgZ2zq8XfDxLyEKa,downloaded,finetuning/reference-materials/peru-quechua/pdf/17Zd_0MUh6nMy0ZT3tgZ2zq8XfDxLyEKa.pdf,finetuning/reference-materials/peru-quechua/text/17Zd_0MUh6nMy0ZT3tgZ2zq8XfDxLyEKa.txt,extracted_review_required,40,16399849,1034,64756b0f985790138e1e154925da7e718abfd2defb589cdc385dc36a3dcb7197,,explicit_restriction_detected_review_required,False
book-338bb5e42df7,Hamuchinakuy Rimay pukllay = Colección de adivinanzas - 1. grado de primaria - Quechua Central (MINEDU) PDF,central_unspecified,literature_readers,primary,1,False,candidate,https://peru.librosminedu.com/hamuchinakuy-rimay-pukllay-coleccion-de-adivinanzas-1-grado-de/,"Edición 2023EIB - Quechua Central · 60 páginas · 13,1 MB",2023,https://peru.librosminedu.com/pdf-hamuchinakuy-rimay-pukllay-coleccion-de-adivinanzas-1-grado-de/,1iDSVNwkFHMrlrrb5AhQb9-GoQOOREZOv,downloaded,finetuning/reference-materials/peru-quechua/pdf/1iDSVNwkFHMrlrrb5AhQb9-GoQOOREZOv.pdf,finetuning/reference-materials/peru-quechua/text/1iDSVNwkFHMrlrrb5AhQb9-GoQOOREZOv.txt,extracted_unreviewed,60,13732137,2041,fac20ca51d68ea65212f42ee41c8f31d0452e50e1e933845cd7595f161c1857d,,not_cleared_review_required,False
book-23b2d7ac861a,Watuchikuna = Colección de adivinanzas - 1. grado de primaria - Quechua Chanka (MINEDU) PDF,chanka,literature_readers,primary,1,False,candidate,https://peru.librosminedu.com/watuchikuna-coleccion-de-adivinanzas-1-grado-de-primaria-quechua/,"Edición 2023EIB - Quechua Chanka · 36 páginas · 12,9 MB",2023,https://peru.librosminedu.com/pdf-watuchikuna-coleccion-de-adivinanzas-1-grado-de-primaria-quechua/,1TmaqLe7xF5TS2QZF75D6gC-HGapEpdoq,downloaded,finetuning/reference-materials/peru-quechua/pdf/1TmaqLe7xF5TS2QZF75D6gC-HGapEpdoq.pdf,finetuning/reference-materials/peru-quechua/text/1TmaqLe7xF5TS2QZF75D6gC-HGapEpdoq.txt,extracted_unreviewed,36,13521728,1594,d927ea3bb092655990b74881640836c1939e9de75094f4fde494ce2aa6818c10,,not_cleared_review_required,False
book-bf54613a12c6,"Imasmari, imasmari = Colección de adivinanzas - 1. grado de primaria - Quechua Collao (MINEDU) PDF",collao,literature_readers,primary,1,False,candidate,https://peru.librosminedu.com/imasmari-imasmari-coleccion-de-adivinanzas-1-grado-de-primaria/,"Edición 2023EIB - Quechua Collao · 40 páginas · 13,8 MB",2023,https://peru.librosminedu.com/pdf-imasmari-imasmari-coleccion-de-adivinanzas-1-grado-de-primaria/,1bOPxyvDgMLpGx3XKNK028aRZ1O6Ii5X4,downloaded,finetuning/reference-materials/peru-quechua/pdf/1bOPxyvDgMLpGx3XKNK028aRZ1O6Ii5X4.pdf,finetuning/reference-materials/peru-quechua/text/1bOPxyvDgMLpGx3XKNK028aRZ1O6Ii5X4.txt,extracted_unreviewed,40,14527376,1612,7c489bab39b29ec01d2b5b89037b4d933e8cbb2b086266b1bac947e97e486798,,not_cleared_review_required,False
book-34f6b0360496,Willakuykuna: Historias y relatos 1 - Inicial - Quechua Central (MINEDU) PDF,central_unspecified,literature_readers,early_childhood,,False,candidate,https://peru.librosminedu.com/willakuykuna-historias-y-relatos-1-inicial-quechua-central/,"Edición 2023EIB - Quechua Central · 16 páginas · 13,6 MB",2023,https://peru.librosminedu.com/pdf-willakuykuna-historias-y-relatos-1-inicial-quechua-central/,1b24iY3TYkE1zF4YXZmPoUuFlUB2PxNfJ,downloaded,finetuning/reference-materials/peru-quechua/pdf/1b24iY3TYkE1zF4YXZmPoUuFlUB2PxNfJ.pdf,finetuning/reference-materials/peru-quechua/text/1b24iY3TYkE1zF4YXZmPoUuFlUB2PxNfJ.txt,extracted_unreviewed,16,14205541,495,4289d10f7552603f30961b3cade68bd56dd88a9f394f092a5820cad2b151d5d3,,not_cleared_review_required,False
book-ed49a15ddb8b,Liqichumanta: Historias y relatos 1 - Inicial - Quechua Collao (MINEDU) PDF,collao,literature_readers,early_childhood,,False,candidate,https://peru.librosminedu.com/liqichumanta-historias-y-relatos-1-inicial-quechua-collao/,"Edición 2023EIB - Quechua Collao · 16 páginas · 14,9 MB",2023,https://peru.librosminedu.com/pdf-liqichumanta-historias-y-relatos-1-inicial-quechua-collao/,1ZCibtKmScun90gHgCrT4yZ1KvQTHxzwX,downloaded,finetuning/reference-materials/peru-quechua/pdf/1ZCibtKmScun90gHgCrT4yZ1KvQTHxzwX.pdf,finetuning/reference-materials/peru-quechua/text/1ZCibtKmScun90gHgCrT4yZ1KvQTHxzwX.txt,extracted_unreviewed,16,15608885,421,e434d20f11018c5853cc7cff973c1f27ddad642f9be532dc3758493b21533a0c,,explicit_restriction_detected_review_required,False
book-67673af98bb4,Ayllunchikpa willakuyninkuna: Historias y relatos 1 - inicial - Quechua Chanka (MINEDU) PDF,chanka,literature_readers,early_childhood,,False,candidate,https://peru.librosminedu.com/ayllunchikpa-willakuyninkuna-historias-y-relatos-1-inicial-quechua/,"Edición 2023EIB - Quechua Chanka · 20 páginas · 12,6 MB",2023,https://peru.librosminedu.com/pdf-ayllunchikpa-willakuyninkuna-historias-y-relatos-1-inicial-quechua/,1GKQjBLHWZ5bqlorVn5odmGDUgaqeaJSH,downloaded,finetuning/reference-materials/peru-quechua/pdf/1GKQjBLHWZ5bqlorVn5odmGDUgaqeaJSH.pdf,finetuning/reference-materials/peru-quechua/text/1GKQjBLHWZ5bqlorVn5odmGDUgaqeaJSH.txt,extracted_unreviewed,20,13204569,505,5f149a66536e836e0104647c76d7ef060db533529f56ed0f6ac39e7d999d41d7,,explicit_restriction_detected_review_required,False
book-53ce3c28f68f,Willakuykuna: Historias y relatos 1 - Inicial - Quechua norteño (Inkawasi-kañaris y Cajamarca) (MINEDU) PDF,norteno_inkawasi_cajamarca_unsplit,literature_readers,early_childhood,,False,candidate,https://peru.librosminedu.com/willakuykuna-historias-y-relatos-1-inicial-quechua-norteno-inkawasi/,"Edición 2023EIB - Quechua norteño (inkawasi-kañaris) · 16 páginas · 46,6 MB",2023,https://peru.librosminedu.com/pdf-willakuykuna-historias-y-relatos-1-inicial-quechua-norteno-inkawasi/,125r5pCONwkDKBloeVUNqg0rsdQTL8fsu,downloaded,finetuning/reference-materials/peru-quechua/pdf/125r5pCONwkDKBloeVUNqg0rsdQTL8fsu.pdf,finetuning/reference-materials/peru-quechua/text/125r5pCONwkDKBloeVUNqg0rsdQTL8fsu.txt,extracted_unreviewed,16,48836040,548,a698cbcb06a6b5b3d265e9fae5e8ecf85076f9bcf80f396f1990cd4b3d24056b,,explicit_restriction_detected_review_required,False
book-cf98cd537e59,Willakuykuna: Historias y relatos 2 - Inicial - Quechua Central (MINEDU) PDF,central_unspecified,literature_readers,early_childhood,,False,candidate,https://peru.librosminedu.com/willakuykuna-historias-y-relatos-2-inicial-quechua-central/,"Edición 2023EIB - Quechua Central · 16 páginas · 13,3 MB",2023,https://peru.librosminedu.com/pdf-willakuykuna-historias-y-relatos-2-inicial-quechua-central/,12MEHHK7tqYLi89FhRYCdpMZJfxKhSvY3,downloaded,finetuning/reference-materials/peru-quechua/pdf/12MEHHK7tqYLi89FhRYCdpMZJfxKhSvY3.pdf,finetuning/reference-materials/peru-quechua/text/12MEHHK7tqYLi89FhRYCdpMZJfxKhSvY3.txt,extracted_unreviewed,16,13985186,478,9b3a487eafc2d675cc0f1b32daa3dc6a94827157591afcd9635eb7e908115f29,,not_cleared_review_required,False
book-f6ec8a57769c,Willakuykuna: Historias y relatos 2 - Inicial - Quechua norteño (Inkawasi-kañaris y Cajamarca) (MINEDU) PDF,norteno_inkawasi_cajamarca_unsplit,literature_readers,early_childhood,,False,candidate,https://peru.librosminedu.com/willakuykuna-historias-y-relatos-2-inicial-quechua-norteno-inkawasi/,"Edición 2023EIB - Quechua norteño (inkawasi-kañaris) · 16 páginas · 47,1 MB",2023,https://peru.librosminedu.com/pdf-willakuykuna-historias-y-relatos-2-inicial-quechua-norteno-inkawasi/,1sxDh8HU_ynh__V3ttQ7KKVQtDNDu-T8X,downloaded,finetuning/reference-materials/peru-quechua/pdf/1sxDh8HU_ynh__V3ttQ7KKVQtDNDu-T8X.pdf,finetuning/reference-materials/peru-quechua/text/1sxDh8HU_ynh__V3ttQ7KKVQtDNDu-T8X.txt,extracted_unreviewed,16,49409075,421,df5a454f1393c2ca576284a1133195e6684ac5d4899952517beae09ca35879dc,,explicit_restriction_detected_review_required,False
book-bfbd7d3f3126,Ayllunchikpa willakuyninkuna: Historias y relatos 2 - Inicial - Quechua Collao (MINEDU) PDF,collao,literature_readers,early_childhood,,False,candidate,https://peru.librosminedu.com/ayllunchikpa-willakuyninkuna-historias-y-relatos-2-inicial-quechua/,"Edición 2023EIB - Quechua Collao · 28 páginas · 17,1 MB",2023,https://peru.librosminedu.com/pdf-ayllunchikpa-willakuyninkuna-historias-y-relatos-2-inicial-quechua/,1ui3JJYgsjA7MiDJQ_2Fk6xhxhTH73kYs,downloaded,finetuning/reference-materials/peru-quechua/pdf/1ui3JJYgsjA7MiDJQ_2Fk6xhxhTH73kYs.pdf,finetuning/reference-materials/peru-quechua/text/1ui3JJYgsjA7MiDJQ_2Fk6xhxhTH73kYs.txt,extracted_unreviewed,28,17957542,828,ed945e79d9b6d093757a9beb8f36716827a948eafe13a49480eab07bda8777b5,,explicit_restriction_detected_review_required,False
book-a4dec33ef9a7,Antuku hampatuwan: Historias y relatos 2 - Inicial - Quechua Chanka (MINEDU) PDF,chanka,literature_readers,early_childhood,,False,candidate,https://peru.librosminedu.com/antuku-hampatuwan-historias-y-relatos-2-inicial-quechua-chanka/,"Edición 2023EIB - Quechua Chanka · 12 páginas · 23,3 MB",2023,https://peru.librosminedu.com/pdf-antuku-hampatuwan-historias-y-relatos-2-inicial-quechua-chanka/,17X4yWX1r_MxmZ0s1wjR-k5Oope_bP4Pw,downloaded,finetuning/reference-materials/peru-quechua/pdf/17X4yWX1r_MxmZ0s1wjR-k5Oope_bP4Pw.pdf,finetuning/reference-materials/peru-quechua/text/17X4yWX1r_MxmZ0s1wjR-k5Oope_bP4Pw.txt,extracted_unreviewed,12,24465226,486,50723e72a98d94788268048af6f6538d2bf0e7dadda597622088af1c3257ea96,,explicit_restriction_detected_review_required,False
book-87cdaf7022f1,Willakuykuna: Historias y relatos 3 - inicial - Quechua Central (MINEDU) PDF,central_unspecified,literature_readers,early_childhood,,False,candidate,https://peru.librosminedu.com/willakuykuna-historias-y-relatos-3-inicial-quechua-central/,"Edición 2023EIB - Quechua Central · 20 páginas · 55,9 MB",2023,https://peru.librosminedu.com/pdf-willakuykuna-historias-y-relatos-3-inicial-quechua-central/,1mvquzxZySmVV5l37v_v8p_tbTYdPNuzJ,downloaded,finetuning/reference-materials/peru-quechua/pdf/1mvquzxZySmVV5l37v_v8p_tbTYdPNuzJ.pdf,finetuning/reference-materials/peru-quechua/text/1mvquzxZySmVV5l37v_v8p_tbTYdPNuzJ.txt,extracted_unreviewed,20,58639767,794,9ba4e61650adbc8590b01df5e1fb0de10e5b3552b17e881ed31b413f6dcf655d,,not_cleared_review_required,False
book-1a3f84d429d4,Diccionario visual - 1. grado de primaria - Quechua Central (variante wanka) (MINEDU) PDF,wanka,glossary_dictionary,primary,1,False,candidate,https://peru.librosminedu.com/diccionario-visual-1-grado-de-primaria-quechua-central-variante-wanka/,"Edición 2023EIB - Quechua central (variante wanka) · 120 páginas · 33,7 MB",2023,https://peru.librosminedu.com/pdf-diccionario-visual-1-grado-de-primaria-quechua-central-variante-wanka/,1xVl9i8AiMMnaiB6xFQ5FZW_Ubo3RDcI3,downloaded,finetuning/reference-materials/peru-quechua/pdf/1xVl9i8AiMMnaiB6xFQ5FZW_Ubo3RDcI3.pdf,finetuning/reference-materials/peru-quechua/text/1xVl9i8AiMMnaiB6xFQ5FZW_Ubo3RDcI3.txt,extracted_unreviewed,120,35357370,3894,899122f7fbc402b86df83dae9147eb75d8b5ec19194bd4e756625f54a02bdf2f,,explicit_restriction_detected_review_required,False
book-a6e20cd5f854,Maychi hampimanta: Historias y relatos 3 - inicial - Quechua Chanka (MINEDU) PDF,chanka,literature_readers,early_childhood,,False,candidate,https://peru.librosminedu.com/maychi-hampimanta-historias-y-relatos-3-inicial-quechua-chanka/,"Edición 2023EIB - Quechua Chanka · 12 páginas · 21,4 MB",2023,https://peru.librosminedu.com/pdf-maychi-hampimanta-historias-y-relatos-3-inicial-quechua-chanka/,1ThbjoxKOFcmjeJSjKva3u4MFJNb-vz9O,downloaded,finetuning/reference-materials/peru-quechua/pdf/1ThbjoxKOFcmjeJSjKva3u4MFJNb-vz9O.pdf,finetuning/reference-materials/peru-quechua/text/1ThbjoxKOFcmjeJSjKva3u4MFJNb-vz9O.txt,extracted_unreviewed,12,22446386,562,089bc7483f13d4a7643a530f2544bb7ec0826d47880cb4c3fc36fbf5ae4254fe,,explicit_restriction_detected_review_required,False
book-e0a8ad380a9e,Willakuykuna: Historias y relatos 3 - inicial - Quechua Norteño (Inkawasi-kañaris y Cajamarca) (MINEDU) PDF,norteno_inkawasi_cajamarca_unsplit,literature_readers,early_childhood,,False,candidate,https://peru.librosminedu.com/willakuykuna-historias-y-relatos-3-inicial-quechua-norteno-inkawasi/,"Edición 2023EIB - Quechua norteño (inkawasi-kañaris) · 16 páginas · 37,6 MB",2023,https://peru.librosminedu.com/pdf-willakuykuna-historias-y-relatos-3-inicial-quechua-norteno-inkawasi/,1kQ3BFqXe5UAWLkO8l7r2U83RSE5a92TY,downloaded,finetuning/reference-materials/peru-quechua/pdf/1kQ3BFqXe5UAWLkO8l7r2U83RSE5a92TY.pdf,finetuning/reference-materials/peru-quechua/text/1kQ3BFqXe5UAWLkO8l7r2U83RSE5a92TY.txt,extracted_unreviewed,16,39410949,542,19e85bf108b9abaf826b9ceb99881a94fe0a7529e13f7e702fb413998a0868de,,explicit_restriction_detected_review_required,False
book-b360ba17d4c9,Takikuna = Cancionero - 2. grado de primaria - Quechua Central (variante wanka) (MINEDU) PDF,wanka,literature_readers,primary,2,False,candidate,https://peru.librosminedu.com/takikuna-cancionero-2-grado-de-primaria-quechua-central-variante-wanka/,"Edición 2023EIB - Quechua central (variante wanka) · 40 páginas · 42,1 MB",2023,https://peru.librosminedu.com/pdf-takikuna-cancionero-2-grado-de-primaria-quechua-central-variante-wanka/,1OT-HhxttXxAa5nyLjcuY2qtZOofy55RK,downloaded,finetuning/reference-materials/peru-quechua/pdf/1OT-HhxttXxAa5nyLjcuY2qtZOofy55RK.pdf,finetuning/reference-materials/peru-quechua/text/1OT-HhxttXxAa5nyLjcuY2qtZOofy55RK.txt,extracted_unreviewed,40,44137561,1526,5998f25cadf0786bb9f7dfe45e93c37af628c5a44d510026c053d5f055b7cd76,,explicit_restriction_detected_review_required,False
book-f584a22f14aa,Harawikuna Haylli kaway = Colección de poesías - 2. grado de primaria - Quechua Central (MINEDU) PDF,central_unspecified,literature_readers,primary,2,False,candidate,https://peru.librosminedu.com/harawikuna-haylli-kaway-coleccion-de-poesias-2-grado-de-primaria/,"Edición 2023EIB - Quechua Central · 60 páginas · 14,4 MB",2023,https://peru.librosminedu.com/pdf-harawikuna-haylli-kaway-coleccion-de-poesias-2-grado-de-primaria/,1eYO3KTk3fmZdQU07Z59iUTOFNyoH6lSc,downloaded,finetuning/reference-materials/peru-quechua/pdf/1eYO3KTk3fmZdQU07Z59iUTOFNyoH6lSc.pdf,finetuning/reference-materials/peru-quechua/text/1eYO3KTk3fmZdQU07Z59iUTOFNyoH6lSc.txt,extracted_unreviewed,60,15149593,2415,420dd4b522316848c4c354211065678493fac1594a8ca40e2ffb3d6f5f939bc5,,not_cleared_review_required,False
book-5b557ad47ed2,I Warmacha = Niñito 1 - 2. grado de primaria - Quechua Chanka (MINEDU) PDF,chanka,other_school_material,primary,2,False,candidate,https://peru.librosminedu.com/i-warmacha-ninito-1-2-grado-de-primaria-quechua-chanka/,"Edición 2023EIB - Quechua Chanka · 60 páginas · 17,3 MB",2023,https://peru.librosminedu.com/pdf-i-warmacha-ninito-1-2-grado-de-primaria-quechua-chanka/,1M0tzE-_ayn_EF_V2D9mTUX6M6QMn6AQ5,downloaded,finetuning/reference-materials/peru-quechua/pdf/1M0tzE-_ayn_EF_V2D9mTUX6M6QMn6AQ5.pdf,finetuning/reference-materials/peru-quechua/text/1M0tzE-_ayn_EF_V2D9mTUX6M6QMn6AQ5.txt,extracted_unreviewed,60,18126627,5418,ec4d4b75ab59fdcf9d7e178836f03d805b92f7806d57141ff7b582f66e49b833,,not_cleared_review_required,False
book-63f646bfa8bd,Llakiy Qunqachiy = Olvidar las penas - 2. grado de primaria - Quechua Collao (MINEDU) PDF,collao,other_school_material,primary,2,False,candidate,https://peru.librosminedu.com/llakiy-qunqachiy-olvidar-las-penas-2-grado-de-primaria-quechua-collao/,"Edición 2023EIB - Quechua Collao · 40 páginas · 15,1 MB",2023,https://peru.librosminedu.com/pdf-llakiy-qunqachiy-olvidar-las-penas-2-grado-de-primaria-quechua-collao/,199fOfDQ_DTkhT3sOSVXy32UYymTj1Yhl,downloaded,finetuning/reference-materials/peru-quechua/pdf/199fOfDQ_DTkhT3sOSVXy32UYymTj1Yhl.pdf,finetuning/reference-materials/peru-quechua/text/199fOfDQ_DTkhT3sOSVXy32UYymTj1Yhl.txt,extracted_unreviewed,40,15791268,1777,708811367649725070aa6023668c44be4e6391eabf0390eecb6a68819c313825,,explicit_restriction_detected_review_required,False
book-9df89ac89eee,Willakuykuna: Historias y relatos 4 - inicial - Quechua Central (MINEDU) PDF,central_unspecified,literature_readers,early_childhood,,False,candidate,https://peru.librosminedu.com/willakuykuna-historias-y-relatos-4-inicial-quechua-central/,"Edición 2023EIB - Quechua Central · 28 páginas · 23,5 MB",2023,https://peru.librosminedu.com/pdf-willakuykuna-historias-y-relatos-4-inicial-quechua-central/,1IEbefLl5ycB_X-elwzj-EFBhOqXSuhBH,downloaded,finetuning/reference-materials/peru-quechua/pdf/1IEbefLl5ycB_X-elwzj-EFBhOqXSuhBH.pdf,finetuning/reference-materials/peru-quechua/text/1IEbefLl5ycB_X-elwzj-EFBhOqXSuhBH.txt,extracted_review_required,28,24633928,503,47dc89508d20163add5bde49c3ba79870ce85214cd903337a0eb61be9bbf7a35,,not_cleared_review_required,False
book-638c5fde500b,Qintiwan amaru: Historias y relatos 4 - inicial - Quechua Chanka (MINEDU) PDF,chanka,literature_readers,early_childhood,,False,candidate,https://peru.librosminedu.com/qintiwan-amaru-historias-y-relatos-4-inicial-quechua-chanka/,"Edición 2023EIB - Quechua Chanka · 28 páginas · 9,9 MB",2023,https://peru.librosminedu.com/pdf-qintiwan-amaru-historias-y-relatos-4-inicial-quechua-chanka/,14sceYj9tjuCvis-w2lESOzw4P935Dxor,downloaded,finetuning/reference-materials/peru-quechua/pdf/14sceYj9tjuCvis-w2lESOzw4P935Dxor.pdf,finetuning/reference-materials/peru-quechua/text/14sceYj9tjuCvis-w2lESOzw4P935Dxor.txt,extracted_review_required,28,10415004,437,8acf9b4b7504ffdc5c9a4e2d6a1f1fa47cdb47610d141e8a3b95524b21b4fe1f,,explicit_restriction_detected_review_required,False
book-36f6d66e4d41,Huk kutis kasqa ... Cuento de la huaca de la loma - 3. grado de primaria - Quechua Collao (MINEDU) PDF,collao,literature_readers,primary,3,False,candidate,https://peru.librosminedu.com/huk-kutis-kasqa-cuento-de-la-huaca-de-la-loma-3-grado-de-primaria/,"Edición 2023EIB - Quechua Collao · 40 páginas · 13,3 MB",2023,https://peru.librosminedu.com/pdf-huk-kutis-kasqa-cuento-de-la-huaca-de-la-loma-3-grado-de-primaria/,1tSE9RZv7Bbe7up8FJi2nTD5tX1hzGD49,downloaded,finetuning/reference-materials/peru-quechua/pdf/1tSE9RZv7Bbe7up8FJi2nTD5tX1hzGD49.pdf,finetuning/reference-materials/peru-quechua/text/1tSE9RZv7Bbe7up8FJi2nTD5tX1hzGD49.txt,extracted_unreviewed,40,13935095,2323,f418d3d05a63138d510b5894e1af71494911650df938491f79df95a73a393ca8,,explicit_restriction_detected_review_required,False
book-d16d4c5edc71,"Asmapa, mallkipa hampinkuna: Ñawinchana maytu = El poder curativo de las plantas y animales - 3. grado de primaria - Quechua Central (MINEDU) PDF",central_unspecified,other_school_material,primary,3,False,candidate,https://peru.librosminedu.com/asmapa-mallkipa-hampinkuna-nawinchana-maytu-el-poder-curativo-de-las/,"Edición 2023EIB - Quechua Central · 60 páginas · 15,7 MB",2023,https://peru.librosminedu.com/pdf-asmapa-mallkipa-hampinkuna-nawinchana-maytu-el-poder-curativo-de-las/,1J9sx_cCDFYZkHIUMfKkmLMJv4SuGS8aI,downloaded,finetuning/reference-materials/peru-quechua/pdf/1J9sx_cCDFYZkHIUMfKkmLMJv4SuGS8aI.pdf,finetuning/reference-materials/peru-quechua/text/1J9sx_cCDFYZkHIUMfKkmLMJv4SuGS8aI.txt,extracted_unreviewed,60,16465128,6969,7b44cc04f29726d88ec7954b3818e63fdca4a5840df4f0226264f381c4d87c72,,explicit_restriction_detected_review_required,False
book-bd99befcf4dd,Willakuykuna: Historias y relatos 5 - inicial - Quechua Central (MINEDU) PDF,central_unspecified,literature_readers,early_childhood,,False,candidate,https://peru.librosminedu.com/willakuykuna-historias-y-relatos-5-inicial-quechua-central/,"Edición 2023EIB - Quechua Central · 24 páginas · 16,6 MB",2023,https://peru.librosminedu.com/pdf-willakuykuna-historias-y-relatos-5-inicial-quechua-central/,1TUZikV3SHkriRSeLJ0srkshxgkaM-c0F,downloaded,finetuning/reference-materials/peru-quechua/pdf/1TUZikV3SHkriRSeLJ0srkshxgkaM-c0F.pdf,finetuning/reference-materials/peru-quechua/text/1TUZikV3SHkriRSeLJ0srkshxgkaM-c0F.txt,extracted_review_required,24,17436712,449,fd2c7691058afdfa5288030a920979dd3a30332303b6374e692e9c0981460101,,not_cleared_review_required,False
book-6844d79d479a,Alelipa munaqusqan waqaychanankuna: Historias y relatos 5 - inicial - Quechua Collao (MINEDU) PDF,collao,literature_readers,early_childhood,,False,candidate,https://peru.librosminedu.com/alelipa-munaqusqan-waqaychanankuna-historias-y-relatos-5-inicial/,"Edición 2023EIB - Quechua Collao · 16 páginas · 23,3 MB",2023,https://peru.librosminedu.com/pdf-alelipa-munaqusqan-waqaychanankuna-historias-y-relatos-5-inicial/,135t70sNDX6yCWa3FELfqZacTYSKQSipG,downloaded,finetuning/reference-materials/peru-quechua/pdf/135t70sNDX6yCWa3FELfqZacTYSKQSipG.pdf,finetuning/reference-materials/peru-quechua/text/135t70sNDX6yCWa3FELfqZacTYSKQSipG.txt,extracted_unreviewed,16,24447264,475,99d1b5cf0747980499b1b49296ed7b1d120f517b37be94fbe8e4dea980c71db6,,explicit_restriction_detected_review_required,False
book-03855776ee7a,Papa allay: Historias y relatos 4 - inicial - Quechua Collao (MINEDU) PDF,collao,literature_readers,early_childhood,,False,candidate,https://peru.librosminedu.com/papa-allay-historias-y-relatos-4-inicial-quechua-collao/,"Edición 2023EIB - Quechua Collao · 16 páginas · 18,1 MB",2023,https://peru.librosminedu.com/pdf-papa-allay-historias-y-relatos-4-inicial-quechua-collao/,16hvoajVCBTTFD0P_YxclhccI0uNxKOOA,downloaded,finetuning/reference-materials/peru-quechua/pdf/16hvoajVCBTTFD0P_YxclhccI0uNxKOOA.pdf,finetuning/reference-materials/peru-quechua/text/16hvoajVCBTTFD0P_YxclhccI0uNxKOOA.txt,extracted_unreviewed,16,18962763,406,b3cd141691ce2036988a162eec42ce59c1514abe53debe8e2780b8b91f639509,,explicit_restriction_detected_review_required,False
book-e831d65c5c34,Anqarakunapa kawsakuyninmanta = Literatura 2 - 4. grado de primaria - Quechua Chanka (MINEDU) PDF,chanka,literature_readers,primary,4,False,candidate,https://peru.librosminedu.com/anqarakunapa-kawsakuyninmanta-literatura-2-4-grado-de-primaria/,"Edición 2023EIB - Quechua Chanka · 92 páginas · 18,4 MB",2023,https://peru.librosminedu.com/pdf-anqarakunapa-kawsakuyninmanta-literatura-2-4-grado-de-primaria/,1mwgjJfFUSIDM5VSc2Vct8YWMYeoNxGcv,downloaded,finetuning/reference-materials/peru-quechua/pdf/1mwgjJfFUSIDM5VSc2Vct8YWMYeoNxGcv.pdf,finetuning/reference-materials/peru-quechua/text/1mwgjJfFUSIDM5VSc2Vct8YWMYeoNxGcv.txt,extracted_unreviewed,92,19287781,18283,b6000e415ae7d644f62fbd6cd480f8bb10bc93440322a96dc86d2748419a007e,,explicit_restriction_detected_review_required,False
book-64aec3808b3b,Willakuykuna: Historias y relatos 4 - inicial - Quechua norteño (Inkawasi - kañaris y Cajamarca) (MINEDU) PDF,norteno_inkawasi_cajamarca_unsplit,literature_readers,early_childhood,,False,candidate,https://peru.librosminedu.com/willakuykuna-historias-y-relatos-4-inicial-quechua-norteno-inkawasi/,"Edición 2023EIB - Quechua norteño (inkawasi-kañaris) · 16 páginas · 40,2 MB",2023,https://peru.librosminedu.com/pdf-willakuykuna-historias-y-relatos-4-inicial-quechua-norteno-inkawasi/,1Jciq7etScF8CCvxs7KV9LlyYmybU7iON,downloaded,finetuning/reference-materials/peru-quechua/pdf/1Jciq7etScF8CCvxs7KV9LlyYmybU7iON.pdf,finetuning/reference-materials/peru-quechua/text/1Jciq7etScF8CCvxs7KV9LlyYmybU7iON.txt,extracted_unreviewed,16,42185671,402,eff13b337f25c740fa7a7f3a67565b663ab9874891a7fbc3b7764815aaa162c1,,explicit_restriction_detected_review_required,False
book-3ddc86c692b6,Llaqtaypa Kawsayninkuna = Saberes de los pueblos - 4. grado de primaria - Quechua Chanka (MINEDU) PDF,chanka,community_knowledge,primary,4,False,candidate,https://peru.librosminedu.com/llaqtaypa-kawsayninkuna-saberes-de-los-pueblos-4-grado-de-primaria/,"Edición 2023EIB - Quechua Chanka · 36 páginas · 21,9 MB",2023,https://peru.librosminedu.com/pdf-llaqtaypa-kawsayninkuna-saberes-de-los-pueblos-4-grado-de-primaria/,1cWMVdHDARu9tIMB3BALTlx1BqLbfH-Ow,downloaded,finetuning/reference-materials/peru-quechua/pdf/1cWMVdHDARu9tIMB3BALTlx1BqLbfH-Ow.pdf,finetuning/reference-materials/peru-quechua/text/1cWMVdHDARu9tIMB3BALTlx1BqLbfH-Ow.txt,extracted_unreviewed,36,22989849,1395,a72705101af676fbf60a503dce4c54661926b1a614d5c17204ca7da34700aad8,,not_cleared_review_required,False
book-b37cd99291a6,Huk kutis kaq kasqa = Literatura 1 - 5. grado de primaria - Quechua Collao (MINEDU) PDF,collao,literature_readers,primary,5,False,candidate,https://peru.librosminedu.com/huk-kutis-kaq-kasqa-literatura-1-5-grado-de-primaria-quechua-collao/,"Edición 2023EIB - Quechua Collao · 92 páginas · 7,9 MB",2023,https://peru.librosminedu.com/pdf-huk-kutis-kaq-kasqa-literatura-1-5-grado-de-primaria-quechua-collao/,1BGxMvbzaeXvK36Qsl1J1CgFOwCjTz08X,downloaded,finetuning/reference-materials/peru-quechua/pdf/1BGxMvbzaeXvK36Qsl1J1CgFOwCjTz08X.pdf,finetuning/reference-materials/peru-quechua/text/1BGxMvbzaeXvK36Qsl1J1CgFOwCjTz08X.txt,extracted_unreviewed,92,8325327,18651,9f0522a54eb7314fe60a90fe3a3285849597a3316e9c37ed7b2d510accdebf8a,,explicit_restriction_detected_review_required,False
book-c163e2caffdd,Rimana 1 = Texto de Comunicación del 1. grado de secundaria - Quechua Chanka (MINEDU) PDF,chanka,language_communication,secondary,1,False,candidate,https://peru.librosminedu.com/rimana-1-texto-de-comunicacion-del-1-grado-de-secundaria-quechua-2/,"Edición 2023EIB - Quechua Chanka · 94 páginas · 45,2 MB",2023,https://peru.librosminedu.com/pdf-rimana-1-texto-de-comunicacion-del-1-grado-de-secundaria-quechua-2/,1V_asb-6jEN3A39a5c_EHD1sz5EnHykoN,downloaded,finetuning/reference-materials/peru-quechua/pdf/1V_asb-6jEN3A39a5c_EHD1sz5EnHykoN.pdf,finetuning/reference-materials/peru-quechua/text/1V_asb-6jEN3A39a5c_EHD1sz5EnHykoN.txt,extracted_unreviewed,94,47404316,9636,cee5c70ce73e76544595f4e5cade41317ac76474cc1ecd56b92dc3e6352fdd38,,not_cleared_review_required,False
book-f39cc7a4acb2,Rimana 1 = Texto de Comunicación del 1. grado de secundaria - Quechua Collao (MINEDU) PDF,collao,language_communication,secondary,1,False,candidate,https://peru.librosminedu.com/rimana-1-texto-de-comunicacion-del-1-grado-de-secundaria-quechua/,"Edición 2023EIB - Quechua Collao · 96 páginas · 20,0 MB",2023,https://peru.librosminedu.com/pdf-rimana-1-texto-de-comunicacion-del-1-grado-de-secundaria-quechua/,1rPsRiwqtT7jdwfWhwBE0NZ69-Z3QtVh0,downloaded,finetuning/reference-materials/peru-quechua/pdf/1rPsRiwqtT7jdwfWhwBE0NZ69-Z3QtVh0.pdf,finetuning/reference-materials/peru-quechua/text/1rPsRiwqtT7jdwfWhwBE0NZ69-Z3QtVh0.txt,extracted_unreviewed,96,20992505,9890,45454a77d9247b4e0c4b85baf95c692c481022ef0fb5bd9c342db28871849efb,,explicit_restriction_detected_review_required,False
book-ffe91b0dd3e4,Rimana 2 = Texto de Comunicación del 2. grado de secundaria - Quechua Chanka (MINEDU) PDF,chanka,language_communication,secondary,2,False,candidate,https://peru.librosminedu.com/rimana-2-texto-de-comunicacion-del-2-grado-de-secundaria-quechua-2/,"Edición 2023EIB - Quechua Chanka · 96 páginas · 22,4 MB",2023,https://peru.librosminedu.com/pdf-rimana-2-texto-de-comunicacion-del-2-grado-de-secundaria-quechua-2/,1K5_lvUTd8XUrfiOsfXeqAu4lGnpr3DvG,downloaded,finetuning/reference-materials/peru-quechua/pdf/1K5_lvUTd8XUrfiOsfXeqAu4lGnpr3DvG.pdf,finetuning/reference-materials/peru-quechua/text/1K5_lvUTd8XUrfiOsfXeqAu4lGnpr3DvG.txt,extracted_unreviewed,96,23456615,9808,8397ffaee2882fbfd21afe55254ce9e70aaf2468862df42e6f98be4efd851c8a,,not_cleared_review_required,False
book-cdf0d6ce9d7d,Rimana 2 = Texto de Comunicación del 2. grado de secundaria - Quechua Collao (MINEDU) PDF,collao,language_communication,secondary,2,False,candidate,https://peru.librosminedu.com/rimana-2-texto-de-comunicacion-del-2-grado-de-secundaria-quechua/,"Edición 2023EIB - Quechua Collao · 96 páginas · 18,9 MB",2023,https://peru.librosminedu.com/pdf-rimana-2-texto-de-comunicacion-del-2-grado-de-secundaria-quechua/,1fYUbDavhDuKUKwstr5MKY3H01tN010A_,downloaded,finetuning/reference-materials/peru-quechua/pdf/1fYUbDavhDuKUKwstr5MKY3H01tN010A_.pdf,finetuning/reference-materials/peru-quechua/text/1fYUbDavhDuKUKwstr5MKY3H01tN010A_.txt,extracted_unreviewed,96,19869398,10370,532f18c31e8cabf6c5b0a2d359b90dd3f31d41a2628533f428ffcf49ec60d654,,explicit_restriction_detected_review_required,False
book-14669196ad21,Rimana 3 = Texto de Comunicación del 3. grado de secundaria - Quechua Chanka (MINEDU) PDF,chanka,language_communication,secondary,3,False,candidate,https://peru.librosminedu.com/rimana-3-texto-de-comunicacion-del-3-grado-de-secundaria-quechua-2/,"Edición 2023EIB - Quechua Chanka · 96 páginas · 21,7 MB",2023,https://peru.librosminedu.com/pdf-rimana-3-texto-de-comunicacion-del-3-grado-de-secundaria-quechua-2/,1cSpV_FjJagFV_TOPwTG_6P7jiN2JsdcU,downloaded,finetuning/reference-materials/peru-quechua/pdf/1cSpV_FjJagFV_TOPwTG_6P7jiN2JsdcU.pdf,finetuning/reference-materials/peru-quechua/text/1cSpV_FjJagFV_TOPwTG_6P7jiN2JsdcU.txt,extracted_unreviewed,96,22770985,11550,3a1a471da6d6acf5c303c08a0cc4e7787f8d878d773b3c6172ae6cdcc881a540,,not_cleared_review_required,False
book-2671aef1dbec,Rimana 3 = Texto de Comunicación del 3. grado de secundaria - Quechua Collao (MINEDU) PDF,collao,language_communication,secondary,3,False,candidate,https://peru.librosminedu.com/rimana-3-texto-de-comunicacion-del-3-grado-de-secundaria-quechua/,"Edición 2023EIB - Quechua Collao · 96 páginas · 19,6 MB",2023,https://peru.librosminedu.com/pdf-rimana-3-texto-de-comunicacion-del-3-grado-de-secundaria-quechua/,1XVTwO3oz9uItnMSqBJUMxAHD3ovXAzxA,downloaded,finetuning/reference-materials/peru-quechua/pdf/1XVTwO3oz9uItnMSqBJUMxAHD3ovXAzxA.pdf,finetuning/reference-materials/peru-quechua/text/1XVTwO3oz9uItnMSqBJUMxAHD3ovXAzxA.txt,extracted_unreviewed,96,20581660,9184,557e5e19f210628c65ecdbf8c775b04bcd2d30ec0e37fe8230b41bfa5490224d,,explicit_restriction_detected_review_required,False
book-7aaba2ee6dac,Rimana 4 = Texto de Comunicación del 4. grado de secundaria - Quechua Chanka (MINEDU) PDF,chanka,language_communication,secondary,4,False,candidate,https://peru.librosminedu.com/rimana-4-texto-de-comunicacion-del-4-grado-de-secundaria-quechua-2/,"Edición 2023EIB - Quechua Chanka · 96 páginas · 21,1 MB",2023,https://peru.librosminedu.com/pdf-rimana-4-texto-de-comunicacion-del-4-grado-de-secundaria-quechua-2/,1v6b4-76dS3hs3i1h9ramONdw_KV-hZTW,downloaded,finetuning/reference-materials/peru-quechua/pdf/1v6b4-76dS3hs3i1h9ramONdw_KV-hZTW.pdf,finetuning/reference-materials/peru-quechua/text/1v6b4-76dS3hs3i1h9ramONdw_KV-hZTW.txt,extracted_unreviewed,96,22089428,9575,88f509305b8c82bf4b9dc49a8304bdb25e0e0416ec797c880f9fdac59e2a3799,,not_cleared_review_required,False
book-279a8010af29,Ñawinchana maytu 1 = Texto de Comunicación del 1. grado de primaria - Quechua Central (MINEDU) PDF,central_unspecified,language_communication,primary,1,False,candidate,https://peru.librosminedu.com/nawinchana-maytu-1-texto-de-comunicacion-del-1-grado-de-primaria/,"Edición 2023EIB - Quechua Central · 112 páginas · 25,3 MB",2023,https://peru.librosminedu.com/pdf-nawinchana-maytu-1-texto-de-comunicacion-del-1-grado-de-primaria/,18GQk-7dVVftnd3an8LW0jSfDxe_jpuGE,downloaded,finetuning/reference-materials/peru-quechua/pdf/18GQk-7dVVftnd3an8LW0jSfDxe_jpuGE.pdf,finetuning/reference-materials/peru-quechua/text/18GQk-7dVVftnd3an8LW0jSfDxe_jpuGE.txt,extracted_unreviewed,112,26505333,7398,452084d102c70ad7c64fce807f78fc5590903e3e457a2e3220b065cec254edb9,,explicit_restriction_detected_review_required,False
book-29d85c2fb83f,Rimana 4 = Texto de Comunicación del 4. grado de secundaria - Quechua Collao (MINEDU) PDF,collao,language_communication,secondary,4,False,candidate,https://peru.librosminedu.com/rimana-4-texto-de-comunicacion-del-4-grado-de-secundaria-quechua/,"Edición 2023EIB - Quechua Collao · 96 páginas · 20,1 MB",2023,https://peru.librosminedu.com/pdf-rimana-4-texto-de-comunicacion-del-4-grado-de-secundaria-quechua/,17GNMPqqcIXUJ9_Ght3BlQT1Yx_NQdFx6,downloaded,finetuning/reference-materials/peru-quechua/pdf/17GNMPqqcIXUJ9_Ght3BlQT1Yx_NQdFx6.pdf,finetuning/reference-materials/peru-quechua/text/17GNMPqqcIXUJ9_Ght3BlQT1Yx_NQdFx6.txt,extracted_unreviewed,96,21043660,9825,759ba2b05aa8f0851e7ff615304e9561a4e885fde5c26ffd4964609ee49d07fa,,explicit_restriction_detected_review_required,False
book-c6cebbf23db5,Rimana 5 = Texto de Comunicación del 5. grado de secundaria - Quechua Chanka (MINEDU) PDF,chanka,language_communication,secondary,5,False,candidate,https://peru.librosminedu.com/rimana-5-texto-de-comunicacion-del-5-grado-de-secundaria-quechua-2/,"Edición 2023EIB - Quechua Chanka · 96 páginas · 21,6 MB",2023,https://peru.librosminedu.com/pdf-rimana-5-texto-de-comunicacion-del-5-grado-de-secundaria-quechua-2/,1e_CRkQ9sPgInNToolka2XON_Up431cjx,downloaded,finetuning/reference-materials/peru-quechua/pdf/1e_CRkQ9sPgInNToolka2XON_Up431cjx.pdf,finetuning/reference-materials/peru-quechua/text/1e_CRkQ9sPgInNToolka2XON_Up431cjx.txt,extracted_unreviewed,96,22614147,10004,9355317eecaa75f6f983dff35a7e562359a176efe0c890060616a999cf4db14d,,not_cleared_review_required,False
book-55253c7f91fe,Rimana 5 = Texto de Comunicación del 5. grado de secundaria - Quechua Collao (MINEDU) PDF,collao,language_communication,secondary,5,False,candidate,https://peru.librosminedu.com/rimana-5-texto-de-comunicacion-del-5-grado-de-secundaria-quechua/,"Edición 2023EIB - Quechua Collao · 96 páginas · 20,0 MB",2023,https://peru.librosminedu.com/pdf-rimana-5-texto-de-comunicacion-del-5-grado-de-secundaria-quechua/,1kYEhDpRizWuE06uR2AUwPN6HZzNDPXxr,downloaded,finetuning/reference-materials/peru-quechua/pdf/1kYEhDpRizWuE06uR2AUwPN6HZzNDPXxr.pdf,finetuning/reference-materials/peru-quechua/text/1kYEhDpRizWuE06uR2AUwPN6HZzNDPXxr.txt,extracted_unreviewed,96,20986964,10504,ae76b65f8228e9582ed1d4f779256c1adc5f1693cb813ff18baffea6d5819f2f,,explicit_restriction_detected_review_required,False
book-4236b3985f9b,Markanchikpa willakuyninkuna = Literatura 1 - 1. grado de secundaria - Quechua Central (MINEDU) PDF,central_unspecified,literature_readers,secondary,1,False,candidate,https://peru.librosminedu.com/markanchikpa-willakuyninkuna-literatura-1-1-grado-de-secundaria/,"Edición 2023EIB - Quechua Central · 164 páginas · 17,7 MB",2023,https://peru.librosminedu.com/pdf-markanchikpa-willakuyninkuna-literatura-1-1-grado-de-secundaria/,13jKl3-4mGQ8Bka7bB9ytOTUuCswvRDIx,downloaded,finetuning/reference-materials/peru-quechua/pdf/13jKl3-4mGQ8Bka7bB9ytOTUuCswvRDIx.pdf,finetuning/reference-materials/peru-quechua/text/13jKl3-4mGQ8Bka7bB9ytOTUuCswvRDIx.txt,extracted_unreviewed,164,18514375,17462,3dca12c5822cb5f6f7b5025b704e2ef5a467dc47592cfd844be9f041ac9933b2,,not_cleared_review_required,False
book-7f8b711dd87e,Willakuykuna mayt'u = Literatura 1 - 1. grado de secundaria - Quechua Collao (MINEDU) PDF,collao,literature_readers,secondary,1,False,candidate,https://peru.librosminedu.com/willakuykuna-mayt-u-literatura-1-1-grado-de-secundaria-quechua-collao/,"Edición 2023EIB - Quechua Collao · 164 páginas · 20,3 MB",2023,https://peru.librosminedu.com/pdf-willakuykuna-mayt-u-literatura-1-1-grado-de-secundaria-quechua-collao/,1j3koHuPrqpXGn04Q-TDGZFHJfd1qSl8M,downloaded,finetuning/reference-materials/peru-quechua/pdf/1j3koHuPrqpXGn04Q-TDGZFHJfd1qSl8M.pdf,finetuning/reference-materials/peru-quechua/text/1j3koHuPrqpXGn04Q-TDGZFHJfd1qSl8M.txt,extracted_unreviewed,164,21303800,15563,08d56c779c0051b2f2c815f7acae8beb8ff7a4d1bacc3b260e03edda82fcdc02,,not_cleared_review_required,False
book-69dc91a8870d,Willakuykuna maytu = Literatura 1 - 1. grado de secundaria - Quechua Chanka (MINEDU) PDF,chanka,literature_readers,secondary,1,False,candidate,https://peru.librosminedu.com/willakuykuna-maytu-literatura-1-1-grado-de-secundaria-quechua-chanka/,"Edición 2023EIB - Quechua Chanka · 164 páginas · 22,2 MB",2023,https://peru.librosminedu.com/pdf-willakuykuna-maytu-literatura-1-1-grado-de-secundaria-quechua-chanka/,1zKs0dCB49fIqJYZZiU_zfj9vJ14VpPp7,downloaded,finetuning/reference-materials/peru-quechua/pdf/1zKs0dCB49fIqJYZZiU_zfj9vJ14VpPp7.pdf,finetuning/reference-materials/peru-quechua/text/1zKs0dCB49fIqJYZZiU_zfj9vJ14VpPp7.txt,extracted_unreviewed,164,23332364,14354,9d99df44dd573f7f217af8cb2f56a6f4885c1ede1abafd473ec894af3cd18bce,,not_cleared_review_required,False
book-dd4ff9f0cf82,Markanchikpa yachayninkuna = Saberes de los pueblos 1 - 1. grado de secundaria - Quechua Central (MINEDU) PDF,central_unspecified,community_knowledge,secondary,1,False,candidate,https://peru.librosminedu.com/markanchikpa-yachayninkuna-saberes-de-los-pueblos-1-1-grado-de/,"Edición 2023EIB - Quechua Central · 164 páginas · 19,2 MB",2023,https://peru.librosminedu.com/pdf-markanchikpa-yachayninkuna-saberes-de-los-pueblos-1-1-grado-de/,1vpCyh-IH3urCIPS3IIJpmIGJuK1Kd_2y,downloaded,finetuning/reference-materials/peru-quechua/pdf/1vpCyh-IH3urCIPS3IIJpmIGJuK1Kd_2y.pdf,finetuning/reference-materials/peru-quechua/text/1vpCyh-IH3urCIPS3IIJpmIGJuK1Kd_2y.txt,extracted_unreviewed,164,20120935,13253,f8b3087db6c22f84dcfcb7b705747789e416871651890b0b9869edc8c694114c,,not_cleared_review_required,False
book-25ed197f8003,Llaqtanchikpa kawsayninkuna = Saberes de los pueblos 1 - 1. grado de secundaria - Quechua Chanka (MINEDU) PDF,chanka,community_knowledge,secondary,1,False,candidate,https://peru.librosminedu.com/llaqtanchikpa-kawsayninkuna-saberes-de-los-pueblos-1-1-grado-de/,"Edición 2023EIB - Quechua Chanka · 164 páginas · 25,5 MB",2023,https://peru.librosminedu.com/pdf-llaqtanchikpa-kawsayninkuna-saberes-de-los-pueblos-1-1-grado-de/,1LfRMVyks6oIesfKqRQMYDQxwFf87JLyy,downloaded,finetuning/reference-materials/peru-quechua/pdf/1LfRMVyks6oIesfKqRQMYDQxwFf87JLyy.pdf,finetuning/reference-materials/peru-quechua/text/1LfRMVyks6oIesfKqRQMYDQxwFf87JLyy.txt,extracted_unreviewed,164,26715831,13373,e05315bf61c23be91fff46e1c990e17fde8cc7badcbe1e3e871b5fe32ef76f61,,not_cleared_review_required,False
book-f9199b90dbb9,Llaqtanchikpa kawsaynonkuna = Saberes de los pueblos 1 - 1. grado de secundaria - Quechua Collao (MINEDU) PDF,collao,community_knowledge,secondary,1,False,candidate,https://peru.librosminedu.com/llaqtanchikpa-kawsaynonkuna-saberes-de-los-pueblos-1-1-grado-de/,"Edición 2023EIB - Quechua Collao · 164 páginas · 27,9 MB",2023,https://peru.librosminedu.com/pdf-llaqtanchikpa-kawsaynonkuna-saberes-de-los-pueblos-1-1-grado-de/,1tteqZYX31kZAlhFo4ENyO7WbkcT0NO6b,downloaded,finetuning/reference-materials/peru-quechua/pdf/1tteqZYX31kZAlhFo4ENyO7WbkcT0NO6b.pdf,finetuning/reference-materials/peru-quechua/text/1tteqZYX31kZAlhFo4ENyO7WbkcT0NO6b.txt,extracted_unreviewed,164,29239308,8458,b317193ff3824bf9a46aec0e710f5e30e223fd94b6b88ec87cd3f6583bfe0f81,,not_cleared_review_required,False
book-5fc9f26fef2d,Ñawinchana maytu 2 = Texto de Comunicación del 2. grado de primaria - Quechua Central (MINEDU) PDF,central_unspecified,language_communication,primary,2,False,candidate,https://peru.librosminedu.com/nawinchana-maytu-2-texto-de-comunicacion-del-2-grado-de-primaria/,"Edición 2023EIB - Quechua Central · 80 páginas · 22,0 MB",2023,https://peru.librosminedu.com/pdf-nawinchana-maytu-2-texto-de-comunicacion-del-2-grado-de-primaria/,1r9_zuyvCIxmHoMlFFDlGajIy7lLFfNVO,downloaded,finetuning/reference-materials/peru-quechua/pdf/1r9_zuyvCIxmHoMlFFDlGajIy7lLFfNVO.pdf,finetuning/reference-materials/peru-quechua/text/1r9_zuyvCIxmHoMlFFDlGajIy7lLFfNVO.txt,extracted_unreviewed,80,23053837,6640,e761d519816ac65b5db620e4c6a7cb570ccdcc957a064ed8a7fa7e1b0bfc1919,,explicit_restriction_detected_review_required,False
book-53137a1e5cd8,Markanchikpa willakuyninkuna = Literatura 2 - 2. grado de secundaria - Quechua Central (MINEDU) PDF,central_unspecified,literature_readers,secondary,2,False,candidate,https://peru.librosminedu.com/markanchikpa-willakuyninkuna-literatura-2-2-grado-de-secundaria/,"Edición 2023EIB - Quechua Central · 164 páginas · 17,6 MB",2023,https://peru.librosminedu.com/pdf-markanchikpa-willakuyninkuna-literatura-2-2-grado-de-secundaria/,1ZOXRdHQbnrvqKoYKd8omkFirDBqpWFMZ,downloaded,finetuning/reference-materials/peru-quechua/pdf/1ZOXRdHQbnrvqKoYKd8omkFirDBqpWFMZ.pdf,finetuning/reference-materials/peru-quechua/text/1ZOXRdHQbnrvqKoYKd8omkFirDBqpWFMZ.txt,extracted_unreviewed,164,18512149,17595,5a1e27cca336e4e92e23f18122e45ce0e003e5ffe47e2c2f04eaa2c9b81bc9f1,,not_cleared_review_required,False
book-5f6f7cb32545,Willakuykuna maytu = Literatura 2 - 2. grado de secundaria - Quechua Collao (MINEDU) PDF,collao,literature_readers,secondary,2,False,candidate,https://peru.librosminedu.com/willakuykuna-maytu-literatura-2-2-grado-de-secundaria-quechua-collao/,"Edición 2023EIB - Quechua Collao · 164 páginas · 18,7 MB",2023,https://peru.librosminedu.com/pdf-willakuykuna-maytu-literatura-2-2-grado-de-secundaria-quechua-collao/,1pyPGKY9ctN5xM48wTGmLJQXu1pFUXzjg,downloaded,finetuning/reference-materials/peru-quechua/pdf/1pyPGKY9ctN5xM48wTGmLJQXu1pFUXzjg.pdf,finetuning/reference-materials/peru-quechua/text/1pyPGKY9ctN5xM48wTGmLJQXu1pFUXzjg.txt,extracted_unreviewed,164,19636563,16242,907007ce65573bb9e41d2511b98a0d1649f23fe6196da62f006791a73efb911b,,not_cleared_review_required,False
book-09d5232962c2,Willakuykuna maytu = Literatura 2 - 2. grado de secundaria - Quechua Chanka (MINEDU) PDF,chanka,literature_readers,secondary,2,False,candidate,https://peru.librosminedu.com/willakuykuna-maytu-literatura-2-2-grado-de-secundaria-quechua-chanka/,"Edición 2023EIB - Quechua Chanka · 164 páginas · 21,4 MB",2023,https://peru.librosminedu.com/pdf-willakuykuna-maytu-literatura-2-2-grado-de-secundaria-quechua-chanka/,1fWwZhL6SDpX0zFlHAvO-1rx7erTDvXN9,downloaded,finetuning/reference-materials/peru-quechua/pdf/1fWwZhL6SDpX0zFlHAvO-1rx7erTDvXN9.pdf,finetuning/reference-materials/peru-quechua/text/1fWwZhL6SDpX0zFlHAvO-1rx7erTDvXN9.txt,extracted_unreviewed,164,22459952,13353,4f31b8b2862f2d90f43a4908a00a1d9018094b0f5fdbaa825b77d25f9307c30e,,not_cleared_review_required,False
book-e0b8b31b4d51,Markanchikpa yachayninkuna = Saberes de los pueblos 2 - 2. grado de secundaria - Quechua Central (MINEDU) PDF,central_unspecified,community_knowledge,secondary,2,False,candidate,https://peru.librosminedu.com/markanchikpa-yachayninkuna-saberes-de-los-pueblos-2-2-grado-de/,"Edición 2023EIB - Quechua Central · 164 páginas · 32,6 MB",2023,https://peru.librosminedu.com/pdf-markanchikpa-yachayninkuna-saberes-de-los-pueblos-2-2-grado-de/,1UsH8snxc4a6s_XS0gfUEvDervU4q_Vnw,downloaded,finetuning/reference-materials/peru-quechua/pdf/1UsH8snxc4a6s_XS0gfUEvDervU4q_Vnw.pdf,finetuning/reference-materials/peru-quechua/text/1UsH8snxc4a6s_XS0gfUEvDervU4q_Vnw.txt,extracted_unreviewed,164,34187312,8764,7174a535bc54dfbc6047798bc77d3356ea6398a3850662d20746e42fdae242e7,,not_cleared_review_required,False
book-24e1f2d73f00,Llaqtanchikpa kawsayninkuna = Saberes de los pueblos 2 - 2. grado de secundaria (MINEDU) PDF,unspecified,community_knowledge,secondary,2,False,candidate,https://peru.librosminedu.com/llaqtanchikpa-kawsayninkuna-saberes-de-los-pueblos-2-2-grado-de/,"Quechua ChankaEIB - Quechua Chanka · 164 páginas · 25,7 MB",,https://peru.librosminedu.com/pdf-llaqtanchikpa-kawsayninkuna-saberes-de-los-pueblos-2-2-grado-de-2/,1m9NVlSW18Ld3imtkDKthZSTfCqPtHdcv,downloaded,finetuning/reference-materials/peru-quechua/pdf/1m9NVlSW18Ld3imtkDKthZSTfCqPtHdcv.pdf,finetuning/reference-materials/peru-quechua/text/1m9NVlSW18Ld3imtkDKthZSTfCqPtHdcv.txt,extracted_unreviewed,164,26976296,13250,2b02bdc8fbb5f1e38f7a7f80559857718488b3c93c85fc94c721042925aacfa4,,not_cleared_review_required,False
book-24e1f2d73f00,Llaqtanchikpa kawsayninkuna = Saberes de los pueblos 2 - 2. grado de secundaria (MINEDU) PDF,unspecified,community_knowledge,secondary,2,False,candidate,https://peru.librosminedu.com/llaqtanchikpa-kawsayninkuna-saberes-de-los-pueblos-2-2-grado-de/,"Quechua CollaoEIB - Quechua Collao · 164 páginas · 17,6 MB",,https://peru.librosminedu.com/pdf-llaqtanchikpa-kawsayninkuna-saberes-de-los-pueblos-2-2-grado-de/,1lExNhgutrOlYHHxdeGprpaqiL_JxlqVt,downloaded,finetuning/reference-materials/peru-quechua/pdf/1lExNhgutrOlYHHxdeGprpaqiL_JxlqVt.pdf,finetuning/reference-materials/peru-quechua/text/1lExNhgutrOlYHHxdeGprpaqiL_JxlqVt.txt,extracted_unreviewed,164,18408465,6624,6dbbfec5519b76e41e2756f9a00e712b22e2c4d820a18dbd6813b0e94f7bdc40,,not_cleared_review_required,False
book-c9b794067eb2,Ñawinchana maytu 3 = Texto de Comunicación del 3. grado de primaria - Quechua Central (MINEDU) PDF,central_unspecified,language_communication,primary,3,False,candidate,https://peru.librosminedu.com/nawinchana-maytu-3-texto-de-comunicacion-del-3-grado-de-primaria/,"Edición 2023EIB - Quechua Central · 80 páginas · 16,7 MB",2023,https://peru.librosminedu.com/pdf-nawinchana-maytu-3-texto-de-comunicacion-del-3-grado-de-primaria/,1faG19xgq88uhr4lrXN8HGzgP5XATVNVW,downloaded,finetuning/reference-materials/peru-quechua/pdf/1faG19xgq88uhr4lrXN8HGzgP5XATVNVW.pdf,finetuning/reference-materials/peru-quechua/text/1faG19xgq88uhr4lrXN8HGzgP5XATVNVW.txt,extracted_unreviewed,80,17487552,6039,06c54bde3c9decd10b6c1da6e3a6d75f3791a714799907de8cc2cb2203349f69,,explicit_restriction_detected_review_required,False
book-e2dad5b03ba8,Atuqwan haka: lectura (MINEDU) PDF,unspecified,literature_readers,unspecified,,False,candidate,https://peru.librosminedu.com/atuqwan-haka-lectura/,"Edición 2021EIB - Quechua Central · 17 páginas · 8,7 MB",2021,https://peru.librosminedu.com/pdf-atuqwan-haka-lectura/,15zjP-rj6erKOGDRJf3l1gLc3iSyJd7d0,downloaded,finetuning/reference-materials/peru-quechua/pdf/15zjP-rj6erKOGDRJf3l1gLc3iSyJd7d0.pdf,finetuning/reference-materials/peru-quechua/text/15zjP-rj6erKOGDRJf3l1gLc3iSyJd7d0.txt,extracted_unreviewed,17,9118967,874,0425fc93cf27647f00bbd329be9a2693da76c12636aadf55ed17bb0bdfdbeae3,,not_cleared_review_required,False
book-ff33ca874c69,Atuqwan ukucha: lectura (MINEDU) PDF,unspecified,literature_readers,unspecified,,False,candidate,https://peru.librosminedu.com/atuqwan-ukucha-lectura/,"Edición 2024EIB - Quechua Chanka · 18 páginas · 9,9 MB",2024,https://peru.librosminedu.com/pdf-atuqwan-ukucha-lectura/,1a9MajuXeSweIA2qmSnKIlJxhFbmlr5T6,downloaded,finetuning/reference-materials/peru-quechua/pdf/1a9MajuXeSweIA2qmSnKIlJxhFbmlr5T6.pdf,finetuning/reference-materials/peru-quechua/text/1a9MajuXeSweIA2qmSnKIlJxhFbmlr5T6.txt,extracted_unreviewed,18,10347383,999,0146fac47b603056b2906c1b0fd0df79ea4583f5a21f374fa7a8d7afd9705e96,,not_cleared_review_required,False
book-1ba7e7e29466,Miski urunquy: lectura (MINEDU) PDF,unspecified,literature_readers,unspecified,,False,candidate,https://peru.librosminedu.com/miski-urunquy-lectura/,"Edición 2024EIB - Quechua Chanka · 16 páginas · 9,6 MB",2024,https://peru.librosminedu.com/pdf-miski-urunquy-lectura/,12-lXZrTQLoMVNGCvaJdx9bZ5ODloEmhV,downloaded,finetuning/reference-materials/peru-quechua/pdf/12-lXZrTQLoMVNGCvaJdx9bZ5ODloEmhV.pdf,finetuning/reference-materials/peru-quechua/text/12-lXZrTQLoMVNGCvaJdx9bZ5ODloEmhV.txt,extracted_unreviewed,16,10097531,926,e071e5bf50c94bb2112bf4a432ad672f7836d6e21868d7367161650059fc6fb5,,not_cleared_review_required,False
book-1809109ab2e8,Chirapamanta: lectura (MINEDU) PDF,unspecified,literature_readers,unspecified,,False,candidate,https://peru.librosminedu.com/chirapamanta-lectura/,"Edición 2024EIB - Quechua Chanka · 14 páginas · 11,8 MB",2024,https://peru.librosminedu.com/pdf-chirapamanta-lectura/,1AoSI5BjWtTeJLLADIuIMZrc3LrFebr6M,downloaded,finetuning/reference-materials/peru-quechua/pdf/1AoSI5BjWtTeJLLADIuIMZrc3LrFebr6M.pdf,finetuning/reference-materials/peru-quechua/text/1AoSI5BjWtTeJLLADIuIMZrc3LrFebr6M.txt,extracted_unreviewed,14,12348817,416,12007b35cd165ad791cbdb49242f2e4f17cddb82ad8d10c4cbcc12fd763a35c2,,explicit_restriction_detected_review_required,False
book-6164edbf402f,Puma wankamanta: lectura (MINEDU) PDF,wanka,literature_readers,unspecified,,False,candidate,https://peru.librosminedu.com/puma-wankamanta-lectura/,"Edición 2024EIB - Quechua Chanka · 12 páginas · 2,6 MB",2024,https://peru.librosminedu.com/pdf-puma-wankamanta-lectura/,1wWc5L9dr3NiOZZXFblTPWBLNNiwJQ8rW,downloaded,finetuning/reference-materials/peru-quechua/pdf/1wWc5L9dr3NiOZZXFblTPWBLNNiwJQ8rW.pdf,finetuning/reference-materials/peru-quechua/text/1wWc5L9dr3NiOZZXFblTPWBLNNiwJQ8rW.txt,extracted_unreviewed,12,2765485,690,8ef0d7f05a3faa625119e6a58854735a00eea9f9c2aaf27d7c3e17bf129bf3cb,,not_cleared_review_required,False
book-699824065f9f,Muhu papamanta: lectura (MINEDU) PDF,unspecified,literature_readers,unspecified,,False,candidate,https://peru.librosminedu.com/muhu-papamanta-lectura/,"Edición 2024EIB - Quechua Collao · 12 páginas · 19,2 MB",2024,https://peru.librosminedu.com/pdf-muhu-papamanta-lectura/,1wGfRN_DAqv2MnqM9sqLFh9iuqcWYAXh2,downloaded,finetuning/reference-materials/peru-quechua/pdf/1wGfRN_DAqv2MnqM9sqLFh9iuqcWYAXh2.pdf,finetuning/reference-materials/peru-quechua/text/1wGfRN_DAqv2MnqM9sqLFh9iuqcWYAXh2.txt,extracted_unreviewed,12,20099508,453,5fab5cf50eadc733f00e63a0c2c00900ecb72cf998aa3fe4807c72d521abc276,,explicit_restriction_detected_review_required,False
book-e772821d1f46,Yacachikunapaq Shimikuna Anan Qichwa: Vocabulario Pedagógico Quechua Norteño (MINEDU) PDF,norteno_unspecified,glossary_dictionary,unspecified,,False,candidate,https://peru.librosminedu.com/yacachikunapaq-shimikuna-anan-qichwa-vocabulario-pedagogico-quechua/,"Edición 2025EIB - Quechua norteño (inkawasi-kañaris) · 164 páginas · 5,0 MB",2025,https://peru.librosminedu.com/pdf-yacachikunapaq-shimikuna-anan-qichwa-vocabulario-pedagogico-quechua/,1Xk4gkDv7RF04yE33Nn8t24cSWA2qBimY,downloaded,finetuning/reference-materials/peru-quechua/pdf/1Xk4gkDv7RF04yE33Nn8t24cSWA2qBimY.pdf,finetuning/reference-materials/peru-quechua/text/1Xk4gkDv7RF04yE33Nn8t24cSWA2qBimY.txt,extracted_unreviewed,164,5242947,20448,431470926cfcf87c20e382df1e1f6374822bb6954da2652f5810ff53a4b20ce0,,explicit_restriction_detected_review_required,False
book-792df2e62e36,Kushikuqnu Yacakushun - 3 - Quechua Norteño: Texto de Comunicación del 3 Primaria (MINEDU) PDF,norteno_unspecified,language_communication,primary,3,False,candidate,https://peru.librosminedu.com/kushikuqnu-yacakushun-3-quechua-norteno-texto-de-comunicacion-del-3/,"Edición 2025EIB - Quechua norteño (inkawasi-kañaris) · 108 páginas · 13,4 MB",2025,https://peru.librosminedu.com/pdf-kushikuqnu-yacakushun-3-quechua-norteno-texto-de-comunicacion-del-3/,1NuaqQmf4SOB4dNi4qk4OaJVco1FC7AxR,downloaded,finetuning/reference-materials/peru-quechua/pdf/1NuaqQmf4SOB4dNi4qk4OaJVco1FC7AxR.pdf,finetuning/reference-materials/peru-quechua/text/1NuaqQmf4SOB4dNi4qk4OaJVco1FC7AxR.txt,extracted_review_required,108,14099526,9901,d735c0bd15bf415ac81b687a0d736607497461663cd8487f00bd11df05930c2e,,explicit_restriction_detected_review_required,False
book-4835653fd20a,Kushikiqnu Yacakushun - 2 - Quechua Norteño: Texto de Comunicación del 2 Primaria - Quechua Norteño (Inkawasi-Kañaris y Cajamarca) (MINEDU) PDF,norteno_inkawasi_cajamarca_unsplit,language_communication,primary,2,False,candidate,https://peru.librosminedu.com/kushikiqnu-yacakushun-2-quechua-norteno-texto-de-comunicacion-del-2/,"Edición 2025EIB - Quechua norteño (inkawasi-kañaris) · 108 páginas · 42,8 MB",2025,https://peru.librosminedu.com/pdf-kushikiqnu-yacakushun-2-quechua-norteno-texto-de-comunicacion-del-2/,1XKXIQUMGqf--tGZxERHxu2oRYgyNq9PM,downloaded,finetuning/reference-materials/peru-quechua/pdf/1XKXIQUMGqf--tGZxERHxu2oRYgyNq9PM.pdf,finetuning/reference-materials/peru-quechua/text/1XKXIQUMGqf--tGZxERHxu2oRYgyNq9PM.txt,extracted_review_required,108,44895007,10161,19e4002348a7538a163b363c8adc8af089f90c24494d10bda26935bdf03e6473,,explicit_restriction_detected_review_required,False
book-297dd4a7620d,Anan Qichwa allin qillqanan maytu: Manual de Escritura Quechua Norteño (MINEDU) PDF,norteno_unspecified,orthography,unspecified,,False,candidate,https://peru.librosminedu.com/anan-qichwa-allin-qillqanan-maytu-manual-de-escritura-quechua-norteno/,"Edición 2025EIB - Quechua norteño (inkawasi-kañaris) · 164 páginas · 7,5 MB",2025,https://peru.librosminedu.com/pdf-anan-qichwa-allin-qillqanan-maytu-manual-de-escritura-quechua-norteno/,12ZXTmn7Jj6gJ2vAMCh70Wotj27Ww3mmN,downloaded,finetuning/reference-materials/peru-quechua/pdf/12ZXTmn7Jj6gJ2vAMCh70Wotj27Ww3mmN.pdf,finetuning/reference-materials/peru-quechua/text/12ZXTmn7Jj6gJ2vAMCh70Wotj27Ww3mmN.txt,extracted_unreviewed,164,7822116,33903,75300d7dd6f9ed9025c5fb7f45289de9bd5ff9ab5b93e957c23c650ab6c27ea4,,explicit_restriction_detected_review_required,False
book-f8bbd47abd5a,Kushikiqnu Yacakushun - 1 - Quechua Norteño: Texto de Comunicación del 1 Primaria - Quechua Norteño (Inkawasi-Kañaris y Cajamarca) (MINEDU) PDF,norteno_inkawasi_cajamarca_unsplit,language_communication,primary,1,False,candidate,https://peru.librosminedu.com/kushikiqnu-yacakushun-1-quechua-norteno-texto-de-comunicacion-del-1/,"Edición 2025EIB - Quechua norteño (inkawasi-kañaris) · 132 páginas · 21,8 MB",2025,https://peru.librosminedu.com/pdf-kushikiqnu-yacakushun-1-quechua-norteno-texto-de-comunicacion-del-1/,1FJmm8sRMsalqv_1BkzVII2VdDD51V63Y,downloaded,finetuning/reference-materials/peru-quechua/pdf/1FJmm8sRMsalqv_1BkzVII2VdDD51V63Y.pdf,finetuning/reference-materials/peru-quechua/text/1FJmm8sRMsalqv_1BkzVII2VdDD51V63Y.txt,extracted_review_required,132,22880654,10930,0b16509e1ced06923f1f4ae069fb7a9b76d51753aa6c96c41dd3da933040274b,,explicit_restriction_detected_review_required,False
book-5160e65a8cc5,Yacayninchikwan rurayninchik - 1 Ciclo III Primaria - Quechua Norteño (Inkawasi-kañaris): Saberes y Haceres III 1 - Primaria - Quechua Norteño (MINEDU) PDF,inkawasi_kanaris,community_knowledge,primary,,False,candidate,https://peru.librosminedu.com/yacayninchikwan-rurayninchik-1-ciclo-iii-primaria-quechua-norteno/,"Edición 2025EIB - Quechua norteño (inkawasi-kañaris) · 112 páginas · 37,5 MB",2025,https://peru.librosminedu.com/pdf-yacayninchikwan-rurayninchik-1-ciclo-iii-primaria-quechua-norteno/,15rxwoT5yo0hzduHrhXMh9VdB5lHm6wE_,downloaded,finetuning/reference-materials/peru-quechua/pdf/15rxwoT5yo0hzduHrhXMh9VdB5lHm6wE_.pdf,finetuning/reference-materials/peru-quechua/text/15rxwoT5yo0hzduHrhXMh9VdB5lHm6wE_.txt,extracted_review_required,112,39346362,4192,b6824744238df74a73cc462b7c1f127387af24cede21da4239ae471339b0cc60,,explicit_restriction_detected_review_required,False
book-ffb4160014c2,Yacayninchikwan rurayninchik - 1 Ciclo VI Secundaria - Quechua Norteño: Saberes y Haceres VI 1 - Secundaria - Quechua Norteño (MINEDU) PDF,norteno_unspecified,community_knowledge,secondary,,False,candidate,https://peru.librosminedu.com/yacayninchikwan-rurayninchik-1-ciclo-vi-secundaria-quechua-norteno/,"Edición 2025EIB - Quechua norteño (inkawasi-kañaris) · 110 páginas · 16,2 MB",2025,https://peru.librosminedu.com/pdf-yacayninchikwan-rurayninchik-1-ciclo-vi-secundaria-quechua-norteno/,1-Zd86Hv8N182RZooUfSstJ_xG_ke8iFq,downloaded,finetuning/reference-materials/peru-quechua/pdf/1-Zd86Hv8N182RZooUfSstJ_xG_ke8iFq.pdf,finetuning/reference-materials/peru-quechua/text/1-Zd86Hv8N182RZooUfSstJ_xG_ke8iFq.txt,extracted_review_required,110,17035058,12772,53b04609da53e97551b3912ddefd6ad9b7ab8ce9981f7f8ebc1009fb3cd14499,,explicit_restriction_detected_review_required,False
book-51c28fe74c12,Kusisqa Yachasun - 6 Primaria - Quechua Collao: Texto de Comunicación del 6 Primaria (MINEDU) PDF,collao,language_communication,primary,6,False,candidate,https://peru.librosminedu.com/kusisqa-yachasun-6-primaria-quechua-collao-texto-de-comunicacion-del/,"Edición 2025EIB - Quechua Collao · 108 páginas · 18,9 MB",2025,https://peru.librosminedu.com/pdf-kusisqa-yachasun-6-primaria-quechua-collao-texto-de-comunicacion-del/,117dV9kSoXvYd-AcpQOp68VGkH_r04SqH,downloaded,finetuning/reference-materials/peru-quechua/pdf/117dV9kSoXvYd-AcpQOp68VGkH_r04SqH.pdf,finetuning/reference-materials/peru-quechua/text/117dV9kSoXvYd-AcpQOp68VGkH_r04SqH.txt,extracted_unreviewed,108,19846813,11078,c1ffabf67e723063fd4efee4eba5b07a7e268b95869248afeec653c8e59b07b5,,explicit_restriction_detected_review_required,False
book-5f7445511a0a,Kusisqa Yachasun - 5 Primaria - Quechua Collao: Texto de Comunicación del 5 Primaria (MINEDU) PDF,collao,language_communication,primary,5,False,candidate,https://peru.librosminedu.com/kusisqa-yachasun-5-primaria-quechua-collao-texto-de-comunicacion-del/,"Edición 2025EIB - Quechua Collao · 108 páginas · 18,5 MB",2025,https://peru.librosminedu.com/pdf-kusisqa-yachasun-5-primaria-quechua-collao-texto-de-comunicacion-del/,1gnFAy2uVH7vlOZLtLpEBZEtebMv5wsxA,downloaded,finetuning/reference-materials/peru-quechua/pdf/1gnFAy2uVH7vlOZLtLpEBZEtebMv5wsxA.pdf,finetuning/reference-materials/peru-quechua/text/1gnFAy2uVH7vlOZLtLpEBZEtebMv5wsxA.txt,extracted_unreviewed,108,19371714,12014,64650e19e0ae4520ebc885eedf178add1c9dcb5eed8b164929d102dcbae7f2c5,,explicit_restriction_detected_review_required,False
book-81f47e23ad35,Kusisqa Yachasun - 4 Primaria - Quechua Collao: Texto de Comunicación del 4 Primaria (MINEDU) PDF,collao,language_communication,primary,4,False,candidate,https://peru.librosminedu.com/kusisqa-yachasun-4-primaria-quechua-collao-texto-de-comunicacion-del/,"Edición 2025EIB - Quechua Collao · 108 páginas · 17,8 MB",2025,https://peru.librosminedu.com/pdf-kusisqa-yachasun-4-primaria-quechua-collao-texto-de-comunicacion-del/,1QTNWOlhjNeePlv3GKq-GqkLlVM0EPRnC,downloaded,finetuning/reference-materials/peru-quechua/pdf/1QTNWOlhjNeePlv3GKq-GqkLlVM0EPRnC.pdf,finetuning/reference-materials/peru-quechua/text/1QTNWOlhjNeePlv3GKq-GqkLlVM0EPRnC.txt,extracted_unreviewed,108,18608788,11105,5fd5fbc176ee7190d0135807a0682fea53207ea0e55b245cc07d2d918d83cb91,,explicit_restriction_detected_review_required,False
book-a9e9af158a30,Ayllupi Yachasunchik - 2 - Quechua-Collao: Texto de Comunicación del 2 Primaria (MINEDU) PDF,collao,language_communication,primary,2,False,candidate,https://peru.librosminedu.com/ayllupi-yachasunchik-2-quechua-collao-texto-de-comunicacion-del-2/,"Ayllupi yachasunchik 2 = Texto de Comunicación del 2. grado de primaria - Quechua Collao…EIB - Quechua Collao · 80 páginas · 63,5 MB",,https://peru.librosminedu.com/pdf-ayllupi-yachasunchik-2-texto-de-comunicacion-del-2-grado-de-primaria/,1jq0yhFjQglvIcpGrzEVtJfPSy82ycYZJ,downloaded,finetuning/reference-materials/peru-quechua/pdf/1jq0yhFjQglvIcpGrzEVtJfPSy82ycYZJ.pdf,finetuning/reference-materials/peru-quechua/text/1jq0yhFjQglvIcpGrzEVtJfPSy82ycYZJ.txt,extracted_unreviewed,80,66548718,5529,3dc9a34b2516d3e794387c39b3e40dcfc489ba4cd400319be3f813eb23e73241,,not_cleared_review_required,False
book-a9e9af158a30,Ayllupi Yachasunchik - 2 - Quechua-Collao: Texto de Comunicación del 2 Primaria (MINEDU) PDF,collao,language_communication,primary,2,False,candidate,https://peru.librosminedu.com/ayllupi-yachasunchik-2-quechua-collao-texto-de-comunicacion-del-2/,"Edición 2025EIB - Quechua Collao · 80 páginas · 23,9 MB",2025,https://peru.librosminedu.com/pdf-ayllupi-yachasunchik-2-quechua-collao-texto-de-comunicacion-del-2/,1AFzmGlNLap-62GLmmUbj9YtDHrNWRSJW,downloaded,finetuning/reference-materials/peru-quechua/pdf/1AFzmGlNLap-62GLmmUbj9YtDHrNWRSJW.pdf,finetuning/reference-materials/peru-quechua/text/1AFzmGlNLap-62GLmmUbj9YtDHrNWRSJW.txt,extracted_unreviewed,80,25005654,6562,a3b2e35b96eaa8773b4e7d731bbf7ef690163dee671bb8e0b7607449114b35b0,,not_cleared_review_required,False
book-6c811e64b5b9,Ayllupi Yachasunchik - 3 - Quechua-Collao: Texto de Comunicación del 3 Primaria (MINEDU) PDF,collao,language_communication,primary,3,False,candidate,https://peru.librosminedu.com/ayllupi-yachasunchik-3-quechua-collao-texto-de-comunicacion-del-3/,"Ayllupi yachasunchik 3 = Texto de Comunicación del 3. grado de primaria - Quechua Collao…EIB - Quechua Collao · 80 páginas · 28,1 MB",,https://peru.librosminedu.com/pdf-ayllupi-yachasunchik-3-texto-de-comunicacion-del-3-grado-de-primaria/,1yVlbJb-MeRvUQvq5CiuISDpgQk7jUJLf,downloaded,finetuning/reference-materials/peru-quechua/pdf/1yVlbJb-MeRvUQvq5CiuISDpgQk7jUJLf.pdf,finetuning/reference-materials/peru-quechua/text/1yVlbJb-MeRvUQvq5CiuISDpgQk7jUJLf.txt,extracted_unreviewed,80,29456629,7727,c9f8cce9b252ac1130063502b332c195d57571e6975db24757d8e828b5708c76,,not_cleared_review_required,False
book-6c811e64b5b9,Ayllupi Yachasunchik - 3 - Quechua-Collao: Texto de Comunicación del 3 Primaria (MINEDU) PDF,collao,language_communication,primary,3,False,candidate,https://peru.librosminedu.com/ayllupi-yachasunchik-3-quechua-collao-texto-de-comunicacion-del-3/,"Edición 2025EIB - Quechua Collao · 80 páginas · 22,7 MB",2025,https://peru.librosminedu.com/pdf-ayllupi-yachasunchik-3-quechua-collao-texto-de-comunicacion-del-3/,17ijLg-_voeI59IIesEpQ5gUEKUHY827C,downloaded,finetuning/reference-materials/peru-quechua/pdf/17ijLg-_voeI59IIesEpQ5gUEKUHY827C.pdf,finetuning/reference-materials/peru-quechua/text/17ijLg-_voeI59IIesEpQ5gUEKUHY827C.txt,extracted_unreviewed,80,23839221,8017,24aad012d2e19e6c43b74aa2b130143e18c16971c17b66538d28bf1abe244bdb,,not_cleared_review_required,False
book-051526d51e93,Rimana - 5 - Urin Qichwa-Collao: Texto de Comunicación del 5 Secundaria - Quechua Collao (MINEDU) PDF,collao,language_communication,secondary,5,False,candidate,https://peru.librosminedu.com/rimana-5-urin-qichwa-collao-texto-de-comunicacion-del-5-secundaria/,"Edición 2025EIB - Quechua Collao · 96 páginas · 16,6 MB",2025,https://peru.librosminedu.com/pdf-rimana-5-urin-qichwa-collao-texto-de-comunicacion-del-5-secundaria/,1vhYVntcvNseyH-mpRyua4udrpZZ8JUZw,downloaded,finetuning/reference-materials/peru-quechua/pdf/1vhYVntcvNseyH-mpRyua4udrpZZ8JUZw.pdf,finetuning/reference-materials/peru-quechua/text/1vhYVntcvNseyH-mpRyua4udrpZZ8JUZw.txt,extracted_unreviewed,96,17441454,10725,0946d3b50c43db7e4f98ce8c35412eb329e5033abcb45a8625353ed27fbe835c,,explicit_restriction_detected_review_required,False
book-e082051ac3e6,Ayllupi Yachasunchik - 1 - Quechua-Collao: Texto de Comunicación del 1 Primaria (MINEDU) PDF,collao,language_communication,primary,1,False,candidate,https://peru.librosminedu.com/ayllupi-yachasunchik-1-quechua-collao-texto-de-comunicacion-del-1/,"Ayllupi yachasunchik 1 = Texto de Comunicación del 1. grado de primaria - Quechua Collao…EIB - Quechua Collao · 112 páginas · 24,2 MB",,https://peru.librosminedu.com/pdf-ayllupi-yachasunchik-1-texto-de-comunicacion-del-1-grado-de-primaria/,1Qnz8eivjLP5th0hMTVTEDlbF3u2neFMB,downloaded,finetuning/reference-materials/peru-quechua/pdf/1Qnz8eivjLP5th0hMTVTEDlbF3u2neFMB.pdf,finetuning/reference-materials/peru-quechua/text/1Qnz8eivjLP5th0hMTVTEDlbF3u2neFMB.txt,extracted_unreviewed,112,25328854,6387,b63c11711ada889ebd962520c47739d1a8249068b030d3034d10b7bd1fa07f84,,not_cleared_review_required,False
book-e082051ac3e6,Ayllupi Yachasunchik - 1 - Quechua-Collao: Texto de Comunicación del 1 Primaria (MINEDU) PDF,collao,language_communication,primary,1,False,candidate,https://peru.librosminedu.com/ayllupi-yachasunchik-1-quechua-collao-texto-de-comunicacion-del-1/,"Edición 2025EIB - Quechua Collao · 112 páginas · 23,7 MB",2025,https://peru.librosminedu.com/pdf-ayllupi-yachasunchik-1-quechua-collao-texto-de-comunicacion-del-1/,1AkAT0grMINZwXze5FHb5SS6T1vmfY1Di,downloaded,finetuning/reference-materials/peru-quechua/pdf/1AkAT0grMINZwXze5FHb5SS6T1vmfY1Di.pdf,finetuning/reference-materials/peru-quechua/text/1AkAT0grMINZwXze5FHb5SS6T1vmfY1Di.txt,extracted_unreviewed,112,24888879,6537,099ed08d6371a22862760139c8e362994e45d47bcff72d61455b93ed894e19fe,,not_cleared_review_required,False
book-c3cc8d70195f,Rimana - 4 - Urin Qichwa-Collao: Texto de Comunicación del 4 Secundaria - Quechua Collao (MINEDU) PDF,collao,language_communication,secondary,4,False,candidate,https://peru.librosminedu.com/rimana-4-urin-qichwa-collao-texto-de-comunicacion-del-4-secundaria/,"Edición 2025EIB - Quechua Collao · 96 páginas · 14,5 MB",2025,https://peru.librosminedu.com/pdf-rimana-4-urin-qichwa-collao-texto-de-comunicacion-del-4-secundaria/,1EQBEgE8oWE4UEh1KGrECX9PwRMuYCos9,downloaded,finetuning/reference-materials/peru-quechua/pdf/1EQBEgE8oWE4UEh1KGrECX9PwRMuYCos9.pdf,finetuning/reference-materials/peru-quechua/text/1EQBEgE8oWE4UEh1KGrECX9PwRMuYCos9.txt,extracted_unreviewed,96,15158344,9944,624178771e762ce73314b10a7fa37e8621c01b60f4c5f0ca1f22637b3e47157a,,explicit_restriction_detected_review_required,False
book-e3273af4f64b,Rimana - 2 - Urin Qichwa-Collao: Texto de Comunicación del 2 Secundaria - Quechua Collao (MINEDU) PDF,collao,language_communication,secondary,2,False,candidate,https://peru.librosminedu.com/rimana-2-urin-qichwa-collao-texto-de-comunicacion-del-2-secundaria/,"Edición 2025EIB - Quechua Collao · 96 páginas · 17,2 MB",2025,https://peru.librosminedu.com/pdf-rimana-2-urin-qichwa-collao-texto-de-comunicacion-del-2-secundaria/,1QlHglKpFUfDTVDEOjtKtiFn4nkY15y4S,downloaded,finetuning/reference-materials/peru-quechua/pdf/1QlHglKpFUfDTVDEOjtKtiFn4nkY15y4S.pdf,finetuning/reference-materials/peru-quechua/text/1QlHglKpFUfDTVDEOjtKtiFn4nkY15y4S.txt,extracted_unreviewed,96,18052479,10594,da8e3985d3913b7e949ad8d5c38579d76a3aa182764b9f3d781557e598cd561c,,explicit_restriction_detected_review_required,False
book-0f7eb91ee549,Rimana - 3 - Urin Qichwa-Collao: Texto de Comunicación del 3 Secundaria - Quechua Collao (MINEDU) PDF,collao,language_communication,secondary,3,False,candidate,https://peru.librosminedu.com/rimana-3-urin-qichwa-collao-texto-de-comunicacion-del-3-secundaria/,"Edición 2025EIB - Quechua Collao · 96 páginas · 11,2 MB",2025,https://peru.librosminedu.com/pdf-rimana-3-urin-qichwa-collao-texto-de-comunicacion-del-3-secundaria/,1-XwOqAeIfhcwbLrRjd7B8xM2iWMmz8Yr,downloaded,finetuning/reference-materials/peru-quechua/pdf/1-XwOqAeIfhcwbLrRjd7B8xM2iWMmz8Yr.pdf,finetuning/reference-materials/peru-quechua/text/1-XwOqAeIfhcwbLrRjd7B8xM2iWMmz8Yr.txt,extracted_unreviewed,96,11729666,9404,f11b078f5ab933798abb8a0a38be3011797489ff0560b4fdf47c8653bf3afa99,,explicit_restriction_detected_review_required,False
book-33ffa33d2425,Yachaykunawan ruraykuna - 1 Ciclo VII Secundaria - Quechua Collao: Saberes y Haceres VII 1 (MINEDU) PDF,collao,community_knowledge,secondary,,False,candidate,https://peru.librosminedu.com/yachaykunawan-ruraykuna-1-ciclo-vii-secundaria-quechua-collao-saberes/,"Edición 2024EIB - Quechua Collao · 112 páginas · 11,3 MB",2024,https://peru.librosminedu.com/pdf-yachaykunawan-ruraykuna-1-ciclo-vii-secundaria-quechua-collao-saberes/,1CwLTfs8m4dg6HX0pJAFOgDOsON2mVvQv,downloaded,finetuning/reference-materials/peru-quechua/pdf/1CwLTfs8m4dg6HX0pJAFOgDOsON2mVvQv.pdf,finetuning/reference-materials/peru-quechua/text/1CwLTfs8m4dg6HX0pJAFOgDOsON2mVvQv.txt,extracted_unreviewed,112,11906364,13048,08796e741d01051449012b34591dabc74ec37109000b190445aeaf6818b404e6,,explicit_restriction_detected_review_required,False
book-4f413f0a8629,Rimana - 1 - Urin Qichwa-Collao: Texto de Comunicación del 1 Secundaria - Quechua Collao (MINEDU) PDF,collao,language_communication,secondary,1,False,candidate,https://peru.librosminedu.com/rimana-1-urin-qichwa-collao-texto-de-comunicacion-del-1-secundaria/,"Edición 2025EIB - Quechua Collao · 96 páginas · 19,1 MB",2025,https://peru.librosminedu.com/pdf-rimana-1-urin-qichwa-collao-texto-de-comunicacion-del-1-secundaria/,1TNnWUuQN7fReHcMff_H7d2-AQj3duWb1,downloaded,finetuning/reference-materials/peru-quechua/pdf/1TNnWUuQN7fReHcMff_H7d2-AQj3duWb1.pdf,finetuning/reference-materials/peru-quechua/text/1TNnWUuQN7fReHcMff_H7d2-AQj3duWb1.txt,extracted_unreviewed,96,19982163,10121,8134d27c099deabccd3736391634c0ba91828b2f97f58175c1dba2a015250e5f,,explicit_restriction_detected_review_required,False
book-c58eb0b0ff0c,Yachaykunapas ruraykunapas - 1 Ciclo III Primaria - Quechua Collao: Saberes y Haceres III 1 (MINEDU) PDF,collao,community_knowledge,primary,,False,candidate,https://peru.librosminedu.com/yachaykunapas-ruraykunapas-1-ciclo-iii-primaria-quechua-collao/,"Edición 2025EIB - Quechua Collao · 110 páginas · 19,7 MB",2025,https://peru.librosminedu.com/pdf-yachaykunapas-ruraykunapas-1-ciclo-iii-primaria-quechua-collao/,1xFZ7p__VsHNOhe_mByfSkSB1yoJ3p7h3,downloaded,finetuning/reference-materials/peru-quechua/pdf/1xFZ7p__VsHNOhe_mByfSkSB1yoJ3p7h3.pdf,finetuning/reference-materials/peru-quechua/text/1xFZ7p__VsHNOhe_mByfSkSB1yoJ3p7h3.txt,extracted_unreviewed,110,20660892,2717,dd8650eb342e89094605dc9a196683c314cb0d60fc189d5677ba318705b5e600,,explicit_restriction_detected_review_required,False
book-6f4c1ccfc27d,Yachaykunapas ruraykunapas - 1 Ciclo IV Primaria - Quechua Collao: Saberes y Haceres IV 1 (MINEDU) PDF,collao,community_knowledge,primary,,False,candidate,https://peru.librosminedu.com/yachaykunapas-ruraykunapas-1-ciclo-iv-primaria-quechua-collao-saberes/,"Edición 2025EIB - Quechua Collao · 112 páginas · 27,5 MB",2025,https://peru.librosminedu.com/pdf-yachaykunapas-ruraykunapas-1-ciclo-iv-primaria-quechua-collao-saberes/,1tPfokWYZOSn6g98jx68WvqgjUcN9O069,downloaded,finetuning/reference-materials/peru-quechua/pdf/1tPfokWYZOSn6g98jx68WvqgjUcN9O069.pdf,finetuning/reference-materials/peru-quechua/text/1tPfokWYZOSn6g98jx68WvqgjUcN9O069.txt,extracted_unreviewed,112,28793855,4632,4e7e2b327aeb1acc0bb55fa2fbeee505614b86b7a7386687a1c780eeeaddf39e,,explicit_restriction_detected_review_required,False
book-7ea0c478cee5,Yachaykunawan ruraykuna - 1 Ciclo VI Secundaria - Quechua Collao: Saberes y Haceres VI 1 (MINEDU) PDF,collao,community_knowledge,secondary,,False,candidate,https://peru.librosminedu.com/yachaykunawan-ruraykuna-1-ciclo-vi-secundaria-quechua-collao-saberes/,"Edición 2025EIB - Quechua Collao · 112 páginas · 20,6 MB",2025,https://peru.librosminedu.com/pdf-yachaykunawan-ruraykuna-1-ciclo-vi-secundaria-quechua-collao-saberes/,1os7YgMOy64WJGe4V40r_rspN1Vwc-hu9,downloaded,finetuning/reference-materials/peru-quechua/pdf/1os7YgMOy64WJGe4V40r_rspN1Vwc-hu9.pdf,finetuning/reference-materials/peru-quechua/text/1os7YgMOy64WJGe4V40r_rspN1Vwc-hu9.txt,extracted_unreviewed,112,21550100,13960,7722a4390a49c2881d9a108239a873668cd39d9651fddc24aaddce0482f54d8d,,explicit_restriction_detected_review_required,False
book-6dcebb914058,Kusisqa yachasun - 6 - Quechua Chanca: Texto de Comunicación del 6 Primaria - Quechua Chanka (MINEDU) PDF,chanka,language_communication,primary,6,False,candidate,https://peru.librosminedu.com/kusisqa-yachasun-6-quechua-chanca-texto-de-comunicacion-del-6/,"Edición 2025EIB - Quechua Chanka · 108 páginas · 22,4 MB",2025,https://peru.librosminedu.com/pdf-kusisqa-yachasun-6-quechua-chanca-texto-de-comunicacion-del-6/,1zsC_Lje6SIwm8iKSWTN50lrjlc-PcjdM,downloaded,finetuning/reference-materials/peru-quechua/pdf/1zsC_Lje6SIwm8iKSWTN50lrjlc-PcjdM.pdf,finetuning/reference-materials/peru-quechua/text/1zsC_Lje6SIwm8iKSWTN50lrjlc-PcjdM.txt,extracted_unreviewed,108,23537371,10746,5e5c5ff703dcc62e1aef6fbd30bbb724830d7a4959ff68d62449cbca92371427,,explicit_restriction_detected_review_required,False
book-48e07a7101d8,Ayllupi Yachasunchik - 3 - Quechua-Chanka: Texto de Comunicación del 3 Primaria (MINEDU) PDF,chanka,language_communication,primary,3,False,candidate,https://peru.librosminedu.com/ayllupi-yachasunchik-3-quechua-chanka-texto-de-comunicacion-del-3/,"Ayllupi yachasunchik 3 = Texto de Comunicación del 3. grado de primaria - Quechua Chanka…EIB - Quechua Chanka · 80 páginas · 42,5 MB",,https://peru.librosminedu.com/pdf-ayllupi-yachasunchik-3-texto-de-comunicacion-del-3-grado-de-primaria-2/,1KJszYlIdJ0zf0KycTISmtpQtqTFItgbZ,downloaded,finetuning/reference-materials/peru-quechua/pdf/1KJszYlIdJ0zf0KycTISmtpQtqTFItgbZ.pdf,finetuning/reference-materials/peru-quechua/text/1KJszYlIdJ0zf0KycTISmtpQtqTFItgbZ.txt,extracted_unreviewed,80,44517080,7012,2dd3161201ada994ef983bf664afdd1e14ce4e0be109dea2c42b3fcd2992d1be,,explicit_restriction_detected_review_required,False
book-48e07a7101d8,Ayllupi Yachasunchik - 3 - Quechua-Chanka: Texto de Comunicación del 3 Primaria (MINEDU) PDF,chanka,language_communication,primary,3,False,candidate,https://peru.librosminedu.com/ayllupi-yachasunchik-3-quechua-chanka-texto-de-comunicacion-del-3/,"Edición 2025EIB - Quechua Chanka · 80 páginas · 51,2 MB",2025,https://peru.librosminedu.com/pdf-ayllupi-yachasunchik-3-quechua-chanka-texto-de-comunicacion-del-3/,1keuw8ahxa0uXhezER1Aug-lMXpEz4zqi,downloaded,finetuning/reference-materials/peru-quechua/pdf/1keuw8ahxa0uXhezER1Aug-lMXpEz4zqi.pdf,finetuning/reference-materials/peru-quechua/text/1keuw8ahxa0uXhezER1Aug-lMXpEz4zqi.txt,extracted_unreviewed,80,53685176,7075,e8e8a648a12b6916a2985f0c0056deaa8d7af076a2164f05a1d6086155412858,,explicit_restriction_detected_review_required,False
book-d208f36246b5,Kusisqa yachasun - 4 - Quechua Chanca: Texto de Comunicación del 4 Primaria - Quechua Chanka (MINEDU) PDF,chanka,language_communication,primary,4,False,candidate,https://peru.librosminedu.com/kusisqa-yachasun-4-quechua-chanca-texto-de-comunicacion-del-4/,"Edición 2025EIB - Quechua Chanka · 108 páginas · 13,1 MB",2025,https://peru.librosminedu.com/pdf-kusisqa-yachasun-4-quechua-chanca-texto-de-comunicacion-del-4/,1ggRQdAPTZBeg5J2y8JhBqPX_YIAbXF1r,downloaded,finetuning/reference-materials/peru-quechua/pdf/1ggRQdAPTZBeg5J2y8JhBqPX_YIAbXF1r.pdf,finetuning/reference-materials/peru-quechua/text/1ggRQdAPTZBeg5J2y8JhBqPX_YIAbXF1r.txt,extracted_unreviewed,108,13698875,9701,37a3c68e6a7e6615afd4257ec5b4b959063190f9e12a02c24f7a5147a07a4973,,explicit_restriction_detected_review_required,False
book-5915ad122abf,Kusisqa yachasun - 5 - Quechua Chanca: Texto de Comunicación del 5 Primaria - Quechua Chanka (MINEDU) PDF,chanka,language_communication,primary,5,False,candidate,https://peru.librosminedu.com/kusisqa-yachasun-5-quechua-chanca-texto-de-comunicacion-del-5/,"Edición 2025EIB - Quechua Chanka · 108 páginas · 20,4 MB",2025,https://peru.librosminedu.com/pdf-kusisqa-yachasun-5-quechua-chanca-texto-de-comunicacion-del-5/,1J1FZm02ljjYYLiDMUkGL9FKgS7XHAv4P,downloaded,finetuning/reference-materials/peru-quechua/pdf/1J1FZm02ljjYYLiDMUkGL9FKgS7XHAv4P.pdf,finetuning/reference-materials/peru-quechua/text/1J1FZm02ljjYYLiDMUkGL9FKgS7XHAv4P.txt,extracted_unreviewed,108,21347071,10507,1dfef5372d166367e132b2611202b892b58351f83173c6846e039a9bfbe93b4f,,explicit_restriction_detected_review_required,False
book-8d378e1d7606,Ayllupi Yachasunchik - 2 - Quechua-Chanka: Texto de Comunicación del 2 Primaria (MINEDU) PDF,chanka,language_communication,primary,2,False,candidate,https://peru.librosminedu.com/ayllupi-yachasunchik-2-quechua-chanka-texto-de-comunicacion-del-2/,"Ayllupi yachasunchik 2 = Texto de Comunicación del 2. grado de primaria - Quechua Chanka…EIB - Quechua Chanka · 80 páginas · 42,0 MB",,https://peru.librosminedu.com/pdf-ayllupi-yachasunchik-2-texto-de-comunicacion-del-2-grado-de-primaria-2/,1hleAYNhiG48XuYd_pwx2ozcwoVlw14fc,downloaded,finetuning/reference-materials/peru-quechua/pdf/1hleAYNhiG48XuYd_pwx2ozcwoVlw14fc.pdf,finetuning/reference-materials/peru-quechua/text/1hleAYNhiG48XuYd_pwx2ozcwoVlw14fc.txt,extracted_unreviewed,80,44022692,5096,6d47dd7b9204f405de5fce1ad391563bab3a1ec1bc3c8c35ada98cfb98d9f77f,,explicit_restriction_detected_review_required,False
book-8d378e1d7606,Ayllupi Yachasunchik - 2 - Quechua-Chanka: Texto de Comunicación del 2 Primaria (MINEDU) PDF,chanka,language_communication,primary,2,False,candidate,https://peru.librosminedu.com/ayllupi-yachasunchik-2-quechua-chanka-texto-de-comunicacion-del-2/,"Edición 2025EIB - Quechua Chanka · 80 páginas · 23,2 MB",2025,https://peru.librosminedu.com/pdf-ayllupi-yachasunchik-2-quechua-chanka-texto-de-comunicacion-del-2/,1cS_6KbOhJjCYH16RecbJ3hwpIkj98bm9,downloaded,finetuning/reference-materials/peru-quechua/pdf/1cS_6KbOhJjCYH16RecbJ3hwpIkj98bm9.pdf,finetuning/reference-materials/peru-quechua/text/1cS_6KbOhJjCYH16RecbJ3hwpIkj98bm9.txt,extracted_unreviewed,80,24342357,6193,5a7f68866862c8bbe78b05302664580c70b8c32b5d527371f54861c9524fcd11,,explicit_restriction_detected_review_required,False
book-69c08221a2e0,Rimana - 5 - Urin Qichwa-Chanka: Texto de Comunicación del 5 Secundaria - Quechua Chanka (MINEDU) PDF,chanka,language_communication,secondary,5,False,candidate,https://peru.librosminedu.com/rimana-5-urin-qichwa-chanka-texto-de-comunicacion-del-5-secundaria/,"Edición 2025EIB - Quechua Chanka · 96 páginas · 29,6 MB",2025,https://peru.librosminedu.com/pdf-rimana-5-urin-qichwa-chanka-texto-de-comunicacion-del-5-secundaria/,1RmNui5aDjxyXmzABlsli0Q1K8f7WYYcD,downloaded,finetuning/reference-materials/peru-quechua/pdf/1RmNui5aDjxyXmzABlsli0Q1K8f7WYYcD.pdf,finetuning/reference-materials/peru-quechua/text/1RmNui5aDjxyXmzABlsli0Q1K8f7WYYcD.txt,extracted_unreviewed,96,31074193,10235,cdcc7500f81372f962e7d84f9f9f66e925244e46cf4b52dd7dfc9d63d95e2db9,,not_cleared_review_required,False
book-5b0b2ae0a74b,Rimana - 4 - Urin Qichwa-Chanka: Texto de Comunicación del 4 Secundaria - Quechua Chanka (MINEDU) PDF,chanka,language_communication,secondary,4,False,candidate,https://peru.librosminedu.com/rimana-4-urin-qichwa-chanka-texto-de-comunicacion-del-4-secundaria/,"Edición 2025EIB - Quechua Chanka · 96 páginas · 27,6 MB",2025,https://peru.librosminedu.com/pdf-rimana-4-urin-qichwa-chanka-texto-de-comunicacion-del-4-secundaria/,1OYTboMjhxSwt51OZFJotRQyMMkQOwNqu,downloaded,finetuning/reference-materials/peru-quechua/pdf/1OYTboMjhxSwt51OZFJotRQyMMkQOwNqu.pdf,finetuning/reference-materials/peru-quechua/text/1OYTboMjhxSwt51OZFJotRQyMMkQOwNqu.txt,extracted_unreviewed,96,28928587,9744,7287c95db269cbc245e7472d778f4b010c8d8afd101c1b10e5562105d449c1ab,,not_cleared_review_required,False
book-ac6db7277051,Ayllupi Yachasunchik - 1 - Quechua-Chanka: Texto de Comunicación del 1 Primaria (MINEDU) PDF,chanka,language_communication,primary,1,False,candidate,https://peru.librosminedu.com/ayllupi-yachasunchik-1-quechua-chanka-texto-de-comunicacion-del-1/,"Ayllupi yachasunchik 1 = Texto de Comunicación del 1. grado de primaria - Quechua Chanka…EIB - Quechua Chanka · 112 páginas · 46,8 MB",,https://peru.librosminedu.com/pdf-ayllupi-yachasunchik-1-texto-de-comunicacion-del-1-grado-de-primaria-2/,1fx2o7XCsSxsrkK4XwwS_33HLpLdg6zhI,downloaded,finetuning/reference-materials/peru-quechua/pdf/1fx2o7XCsSxsrkK4XwwS_33HLpLdg6zhI.pdf,finetuning/reference-materials/peru-quechua/text/1fx2o7XCsSxsrkK4XwwS_33HLpLdg6zhI.txt,extracted_unreviewed,112,49110289,6531,ffae375fe72cf919ea6e51213deaf05bef7bed6f3eff7094335533c1cc56dcc9,,explicit_restriction_detected_review_required,False
book-ac6db7277051,Ayllupi Yachasunchik - 1 - Quechua-Chanka: Texto de Comunicación del 1 Primaria (MINEDU) PDF,chanka,language_communication,primary,1,False,candidate,https://peru.librosminedu.com/ayllupi-yachasunchik-1-quechua-chanka-texto-de-comunicacion-del-1/,"Edición 2025EIB - Quechua Chanka · 112 páginas · 25,8 MB",2025,https://peru.librosminedu.com/pdf-ayllupi-yachasunchik-1-quechua-chanka-texto-de-comunicacion-del-1/,1sg3txZjWE4Vbnpn6PnuC1WpHrcebexb-,downloaded,finetuning/reference-materials/peru-quechua/pdf/1sg3txZjWE4Vbnpn6PnuC1WpHrcebexb-.pdf,finetuning/reference-materials/peru-quechua/text/1sg3txZjWE4Vbnpn6PnuC1WpHrcebexb-.txt,extracted_unreviewed,112,27046344,6718,54bab13bcf96a41baa46f5500c46f3585ece7fb9041e1c4094adf35959cdab5d,,explicit_restriction_detected_review_required,False
book-611dc4258dea,Rimana - 1 - Urin Qichwa-Chanka: Texto de Comunicación del 1 Secundaria - Quechua Chanka (MINEDU) PDF,chanka,language_communication,secondary,1,False,candidate,https://peru.librosminedu.com/rimana-1-urin-qichwa-chanka-texto-de-comunicacion-del-1-secundaria/,"Edición 2025EIB - Quechua Chanka · 96 páginas · 32,1 MB",2025,https://peru.librosminedu.com/pdf-rimana-1-urin-qichwa-chanka-texto-de-comunicacion-del-1-secundaria/,1lwIC8LjjXiGpmu5ImDfh2xA1YWjFZR99,downloaded,finetuning/reference-materials/peru-quechua/pdf/1lwIC8LjjXiGpmu5ImDfh2xA1YWjFZR99.pdf,finetuning/reference-materials/peru-quechua/text/1lwIC8LjjXiGpmu5ImDfh2xA1YWjFZR99.txt,extracted_unreviewed,96,33698022,15285,98d8f2bc1e4c9850f0ac7f5b995b6d6472be825d0daa9ecea1c0b1af0d6b87e3,,not_cleared_review_required,False
book-accf75757bcd,Rimana - 2 - Urin Qichwa-Chanka: Texto de Comunicación del 2 Secundaria - Quechua Chanka (MINEDU) PDF,chanka,language_communication,secondary,2,False,candidate,https://peru.librosminedu.com/rimana-2-urin-qichwa-chanka-texto-de-comunicacion-del-2-secundaria/,"Edición 2025EIB - Quechua Chanka · 96 páginas · 30,4 MB",2025,https://peru.librosminedu.com/pdf-rimana-2-urin-qichwa-chanka-texto-de-comunicacion-del-2-secundaria/,18k9YR1UvuK9gw7VQggeN6JFm7eM_5UXX,downloaded,finetuning/reference-materials/peru-quechua/pdf/18k9YR1UvuK9gw7VQggeN6JFm7eM_5UXX.pdf,finetuning/reference-materials/peru-quechua/text/18k9YR1UvuK9gw7VQggeN6JFm7eM_5UXX.txt,extracted_unreviewed,96,31832737,9906,e7a1e19a1fd502e6766c951a9e027db290b200e90b1f62e62ba751db63fc4f01,,not_cleared_review_required,False
book-d3419f6b108e,Rimana - 3 - Urin Qichwa-Chanka: Texto de Comunicación del 3 Secundaria - Quechua Chanka (MINEDU) PDF,chanka,language_communication,secondary,3,False,candidate,https://peru.librosminedu.com/rimana-3-urin-qichwa-chanka-texto-de-comunicacion-del-3-secundaria/,"Edición 2025EIB - Quechua Chanka · 96 páginas · 28,0 MB",2025,https://peru.librosminedu.com/pdf-rimana-3-urin-qichwa-chanka-texto-de-comunicacion-del-3-secundaria/,1i1WyMoAZnij8Khv44sdWzchFkWgK56tz,downloaded,finetuning/reference-materials/peru-quechua/pdf/1i1WyMoAZnij8Khv44sdWzchFkWgK56tz.pdf,finetuning/reference-materials/peru-quechua/text/1i1WyMoAZnij8Khv44sdWzchFkWgK56tz.txt,extracted_unreviewed,96,29328611,11706,c59860e4d310325a2c37b348685ab7f3e1d4f6035edf96c19220bba6c01c9acb,,not_cleared_review_required,False
book-346fef03ed8c,Yachaykunawan ruraykuna - 1 Ciclo VI Secundaria - Chanka Urín Qichwa: Saberes y Haceres VI 1 (MINEDU) PDF,chanka,community_knowledge,secondary,,False,candidate,https://peru.librosminedu.com/yachaykunawan-ruraykuna-1-ciclo-vi-secundaria-chanka-urin-qichwa/,"1 Ciclo VI Secundaria - Chanka Urín Qichwa: Saberes y Haceres VI 1 - Secundaria - Quechua…EIB - Quechua Chanka · 112 páginas · 24,4 MB",,https://peru.librosminedu.com/pdf-yachaykunawan-ruraykuna-1-ciclo-vi-secundaria-chanka-urin-qichwa/,1ysa_xTynxO8yuQGJUjS4ig54Kijg5Lxy,downloaded,finetuning/reference-materials/peru-quechua/pdf/1ysa_xTynxO8yuQGJUjS4ig54Kijg5Lxy.pdf,finetuning/reference-materials/peru-quechua/text/1ysa_xTynxO8yuQGJUjS4ig54Kijg5Lxy.txt,extracted_unreviewed,112,25604640,13539,1740b874baa0fe539a0e9e84d24d67237e8c6a93b49fcfbdd344de984b01ef3b,,explicit_restriction_detected_review_required,False
book-346fef03ed8c,Yachaykunawan ruraykuna - 1 Ciclo VI Secundaria - Chanka Urín Qichwa: Saberes y Haceres VI 1 (MINEDU) PDF,chanka,community_knowledge,secondary,,False,candidate,https://peru.librosminedu.com/yachaykunawan-ruraykuna-1-ciclo-vi-secundaria-chanka-urin-qichwa/,"1 Ciclo VII Secundaria - Chanka Urín Qichwa: Saberes y Haceres VII 1 - Secundaria -…EIB - Quechua Chanka · 110 páginas · 20,8 MB",,https://peru.librosminedu.com/pdf-yachaykunawan-ruraykuna-1-ciclo-vii-secundaria-chanka-urin-qichwa/,17X9TsHItH_i2LjOlLuu2pIWeX1gH4wlo,downloaded,finetuning/reference-materials/peru-quechua/pdf/17X9TsHItH_i2LjOlLuu2pIWeX1gH4wlo.pdf,finetuning/reference-materials/peru-quechua/text/17X9TsHItH_i2LjOlLuu2pIWeX1gH4wlo.txt,extracted_unreviewed,110,21834779,10780,48118c218a18c9893de0cba225a49890807c2dd2f27faf6b4b4a8a212c587144,,explicit_restriction_detected_review_required,False
book-207272be5c0d,Limashun - 2 - Wanka: Ficha Bilingüe del 1 Primaria - Quechua Central (Variedad Wanka) (MINEDU) PDF,wanka,other_school_material,primary,1,False,candidate,https://peru.librosminedu.com/limashun-2-wanka-ficha-bilingue-del-1-primaria-quechua-central/,"Edición 2025EIB - Quechua central (variante wanka) · 182 páginas · 19,5 MB",2025,https://peru.librosminedu.com/pdf-limashun-2-wanka-ficha-bilingue-del-1-primaria-quechua-central/,1BJWqc3gftinndKoZ2jampUyY2bN-ZOWw,downloaded,finetuning/reference-materials/peru-quechua/pdf/1BJWqc3gftinndKoZ2jampUyY2bN-ZOWw.pdf,finetuning/reference-materials/peru-quechua/text/1BJWqc3gftinndKoZ2jampUyY2bN-ZOWw.txt,extracted_unreviewed,182,20416722,17267,90bb46c53e24c4ecb83a5ab1335c521b79c2b0bcc5722c14856d3b24d03a49f1,,explicit_restriction_detected_review_required,False
book-44e5821a1704,Yachaykunawan ruraykuna - 1 Ciclo III Primaria - Chanka Urín Qichwa: Saberes y Haceres III 1 (MINEDU) PDF,chanka,community_knowledge,primary,,False,candidate,https://peru.librosminedu.com/yachaykunawan-ruraykuna-1-ciclo-iii-primaria-chanka-urin-qichwa/,"1 Ciclo III Primaria - Chanka Urín Qichwa: Saberes y Haceres III 1 - Primaria - Quechua…EIB - Quechua Chanka · 112 páginas · 19,6 MB",,https://peru.librosminedu.com/pdf-yachaykunawan-ruraykuna-1-ciclo-iii-primaria-chanka-urin-qichwa/,1Xarag7emD1L9jONx58Z15wXRCW11hLfI,downloaded,finetuning/reference-materials/peru-quechua/pdf/1Xarag7emD1L9jONx58Z15wXRCW11hLfI.pdf,finetuning/reference-materials/peru-quechua/text/1Xarag7emD1L9jONx58Z15wXRCW11hLfI.txt,extracted_unreviewed,112,20509222,3619,83937453af3624f63fa81fae735a1734f4248f73f468c03e0b793946a3dc21b0,,explicit_restriction_detected_review_required,False
book-44e5821a1704,Yachaykunawan ruraykuna - 1 Ciclo III Primaria - Chanka Urín Qichwa: Saberes y Haceres III 1 (MINEDU) PDF,chanka,community_knowledge,primary,,False,candidate,https://peru.librosminedu.com/yachaykunawan-ruraykuna-1-ciclo-iii-primaria-chanka-urin-qichwa/,"1 Ciclo IV Primaria - Chanka Urín Qichwa: Saberes y Haceres IV 1 - Primaria - Quechua…EIB - Quechua Chanka · 112 páginas · 21,0 MB",,https://peru.librosminedu.com/pdf-yachaykunawan-ruraykuna-1-ciclo-iv-primaria-chanka-urin-qichwa/,1UGKLu6jVgGstv6LwXzM0jGVKxivJvs3x,downloaded,finetuning/reference-materials/peru-quechua/pdf/1UGKLu6jVgGstv6LwXzM0jGVKxivJvs3x.pdf,finetuning/reference-materials/peru-quechua/text/1UGKLu6jVgGstv6LwXzM0jGVKxivJvs3x.txt,extracted_unreviewed,112,22050680,4008,60db93baa90e19b4c6941b4839682b16e9cd6a06b20d057fafcb25651b31537c,,explicit_restriction_detected_review_required,False
book-3c029e3dfe0b,Limashun - 1 - Wanka: Ficha Bilingüe del 1 Primaria - Quechua Central (Variedad Wanka) (MINEDU) PDF,wanka,other_school_material,primary,1,False,candidate,https://peru.librosminedu.com/limashun-1-wanka-ficha-bilingue-del-1-primaria-quechua-central/,"Edición 2025EIB - Quechua central (variante wanka) · 182 páginas · 19,4 MB",2025,https://peru.librosminedu.com/pdf-limashun-1-wanka-ficha-bilingue-del-1-primaria-quechua-central/,1ueW6O4J8xMQwzWXvBlQL3YA3J_KDezsz,downloaded,finetuning/reference-materials/peru-quechua/pdf/1ueW6O4J8xMQwzWXvBlQL3YA3J_KDezsz.pdf,finetuning/reference-materials/peru-quechua/text/1ueW6O4J8xMQwzWXvBlQL3YA3J_KDezsz.txt,extracted_unreviewed,182,20370530,17421,54ef21bc5d9ca8bbd20d17b55507ee0e5a51bcf43153c387c714f256224f0934,,explicit_restriction_detected_review_required,False
book-7f6bffe61d84,Ñawinchana maytu - 1 Primaria - Chawpin Qichwa: Texto de Comunicación del 1 Primaria - Quechua Central (Variedad Wanka) (MINEDU) PDF,wanka,language_communication,primary,1,False,candidate,https://peru.librosminedu.com/nawinchana-maytu-1-primaria-chawpin-qichwa-texto-de-comunicacion-del/,"Edición 2025EIB - Quechua central (variante wanka) · 132 páginas · 54,3 MB",2025,https://peru.librosminedu.com/pdf-nawinchana-maytu-1-primaria-chawpin-qichwa-texto-de-comunicacion-del/,1L89oQI3IOKZ7lKjAcqkXGifRdryuSbIn,downloaded,finetuning/reference-materials/peru-quechua/pdf/1L89oQI3IOKZ7lKjAcqkXGifRdryuSbIn.pdf,finetuning/reference-materials/peru-quechua/text/1L89oQI3IOKZ7lKjAcqkXGifRdryuSbIn.txt,extracted_unreviewed,132,56934795,9854,41eb106fa88a7d8c6c024369488d7867bbd7b5d6c6807fbb1253fda8bb66b106,,explicit_restriction_detected_review_required,False
book-93ee1adc7433,Ñawinchana maytu - 2 Primaria - Chawpin Qichwa: Texto de Comunicación del 2 Primaria - Quechua Central (Variedad Wanka) (MINEDU) PDF,wanka,language_communication,primary,2,False,candidate,https://peru.librosminedu.com/nawinchana-maytu-2-primaria-chawpin-qichwa-texto-de-comunicacion-del/,"Edición 2025EIB - Quechua central (variante wanka) · 108 páginas · 53,6 MB",2025,https://peru.librosminedu.com/pdf-nawinchana-maytu-2-primaria-chawpin-qichwa-texto-de-comunicacion-del/,1MMxNy1TpLd2R2dixU4Ia-D0eBMOOFx4f,downloaded,finetuning/reference-materials/peru-quechua/pdf/1MMxNy1TpLd2R2dixU4Ia-D0eBMOOFx4f.pdf,finetuning/reference-materials/peru-quechua/text/1MMxNy1TpLd2R2dixU4Ia-D0eBMOOFx4f.txt,extracted_unreviewed,108,56161552,10487,33049da6df33d248076b77223c3bc846d6252293c7a3672d216c522342e4e11e,,explicit_restriction_detected_review_required,False
book-290ca9e5fe01,"Yachaykuna, lulaykunapis - 1 Ciclo III Primaria - Quechua Central (Variedad Wanka): Saberes y Haceres III 1 - Primaria - Quechua Central (MINEDU) PDF",wanka,community_knowledge,primary,,False,candidate,https://peru.librosminedu.com/yachaykuna-lulaykunapis-1-ciclo-iii-primaria-quechua-central-variedad/,"Edición 2025EIB - Quechua central (variante wanka) · 112 páginas · 40,9 MB",2025,https://peru.librosminedu.com/pdf-yachaykuna-lulaykunapis-1-ciclo-iii-primaria-quechua-central-variedad/,16_tw-yE0cF8RFXpGNznPlhfwIFSlGzJr,downloaded,finetuning/reference-materials/peru-quechua/pdf/16_tw-yE0cF8RFXpGNznPlhfwIFSlGzJr.pdf,finetuning/reference-materials/peru-quechua/text/16_tw-yE0cF8RFXpGNznPlhfwIFSlGzJr.txt,extracted_unreviewed,112,42856477,4078,2cd1f0e0370f8fd2a52b93057eda1ff0ae70a01516504c9d15e9ddefd06e1137,,explicit_restriction_detected_review_required,False
book-60ad91521feb,"Yachaykuna, lulaykunapis - 1 Ciclo VI Secundaria - Quechua Wanka: Saberes y Haceres VI 1 - Secundaria - Quechua Central (Variedad Wanka) (MINEDU) PDF",wanka,community_knowledge,secondary,,False,candidate,https://peru.librosminedu.com/yachaykuna-lulaykunapis-1-ciclo-vi-secundaria-quechua-wanka-saberes-y/,"Edición 2025EIB - Quechua central (variante wanka) · 110 páginas · 20,9 MB",2025,https://peru.librosminedu.com/pdf-yachaykuna-lulaykunapis-1-ciclo-vi-secundaria-quechua-wanka-saberes-y/,1-Q96Yl7T0BRJEYDniiplOGWvt3q6m7cX,downloaded,finetuning/reference-materials/peru-quechua/pdf/1-Q96Yl7T0BRJEYDniiplOGWvt3q6m7cX.pdf,finetuning/reference-materials/peru-quechua/text/1-Q96Yl7T0BRJEYDniiplOGWvt3q6m7cX.txt,extracted_unreviewed,110,21953129,11036,86d4bf17ef1f865e3de0623198f8d5f66e23c344993ac61afea469fdb3caacd7,,explicit_restriction_detected_review_required,False
book-fbfdaefda00f,Wachwawan Atuq - Quechua Wanka: Historias y Relatos 3 - Quechua Central (Variedad Wanka) (MINEDU) PDF,wanka,literature_readers,unspecified,,False,candidate,https://peru.librosminedu.com/wachwawan-atuq-quechua-wanka-historias-y-relatos-3-quechua-central/,"Edición 2025EIB - Quechua central (variante wanka) · 16 páginas · 4,8 MB",2025,https://peru.librosminedu.com/pdf-wachwawan-atuq-quechua-wanka-historias-y-relatos-3-quechua-central/,1IyDtLs9cb3flbYcbfkwnWEHNUqeRUu_L,downloaded,finetuning/reference-materials/peru-quechua/pdf/1IyDtLs9cb3flbYcbfkwnWEHNUqeRUu_L.pdf,finetuning/reference-materials/peru-quechua/text/1IyDtLs9cb3flbYcbfkwnWEHNUqeRUu_L.txt,extracted_unreviewed,16,5058917,829,5114d50b866e54364e48e765988c8f1d7caca50d25b79644198f55c03de2aac0,,explicit_restriction_detected_review_required,False
book-f10a97ad03bf,Pumawan Atuq - Quechua Wanka: Historias y Relatos 4 - Quechua Central (Variedad Wanka) (MINEDU) PDF,wanka,literature_readers,unspecified,,False,candidate,https://peru.librosminedu.com/pumawan-atuq-quechua-wanka-historias-y-relatos-4-quechua-central/,"Edición 2025EIB - Quechua central (variante wanka) · 16 páginas · 5,3 MB",2025,https://peru.librosminedu.com/pdf-pumawan-atuq-quechua-wanka-historias-y-relatos-4-quechua-central/,1nur9_3EHsJp0NDNInfgHkaCiSHOp0TWa,downloaded,finetuning/reference-materials/peru-quechua/pdf/1nur9_3EHsJp0NDNInfgHkaCiSHOp0TWa.pdf,finetuning/reference-materials/peru-quechua/text/1nur9_3EHsJp0NDNInfgHkaCiSHOp0TWa.txt,extracted_unreviewed,16,5543256,798,689cdb95a06e44fdf4ac4024727bca46fbbfb0c32e5437750d0da8303cb07395,,explicit_restriction_detected_review_required,False
book-fbc28ce07422,Mama ankawan uchuk kullushcha - Quechua Wanka: Historias y Relatos 1 - Quechua Central (Variedad Wanka) (MINEDU) PDF,wanka,literature_readers,unspecified,,False,candidate,https://peru.librosminedu.com/mama-ankawan-uchuk-kullushcha-quechua-wanka-historias-y-relatos-1/,"Edición 2025EIB - Quechua central (variante wanka) · 16 páginas · 14,9 MB",2025,https://peru.librosminedu.com/pdf-mama-ankawan-uchuk-kullushcha-quechua-wanka-historias-y-relatos-1/,1d5ezFdaWaNaarfHZuq3UOdzAZm_2dX9o,downloaded,finetuning/reference-materials/peru-quechua/pdf/1d5ezFdaWaNaarfHZuq3UOdzAZm_2dX9o.pdf,finetuning/reference-materials/peru-quechua/text/1d5ezFdaWaNaarfHZuq3UOdzAZm_2dX9o.txt,extracted_unreviewed,16,15580623,819,db1f216d5a73260f6050b0bcd416d680218cc5b4cd98d8a29c87b11953dc5863,,explicit_restriction_detected_review_required,False
book-77ca7c2a2e65,Uchuk mayu hamakuq likun - Quechua Wanka: Historias y Relatos 2 - Quechua Central (Variedad Wanka) (MINEDU) PDF,wanka,literature_readers,unspecified,,False,candidate,https://peru.librosminedu.com/uchuk-mayu-hamakuq-likun-quechua-wanka-historias-y-relatos-2-quechua/,"Edición 2025EIB - Quechua central (variante wanka) · 16 páginas · 5,5 MB",2025,https://peru.librosminedu.com/pdf-uchuk-mayu-hamakuq-likun-quechua-wanka-historias-y-relatos-2-quechua/,1PuviJ4UugXZtlx_ZvFld1l-n1AkfG2qc,downloaded,finetuning/reference-materials/peru-quechua/pdf/1PuviJ4UugXZtlx_ZvFld1l-n1AkfG2qc.pdf,finetuning/reference-materials/peru-quechua/text/1PuviJ4UugXZtlx_ZvFld1l-n1AkfG2qc.txt,extracted_unreviewed,16,5720471,895,f62c50d91004567d5b0c3a4d64e63c8aecad37433d1b4a08eb47aa65edd6606d,,explicit_restriction_detected_review_required,False
book-4ec94c33d945,Ñawinchana maytu - 5 Primaria - Quechua Central: Texto de Comunicación del 5 Primaria (MINEDU) PDF,central_unspecified,language_communication,primary,5,False,candidate,https://peru.librosminedu.com/nawinchana-maytu-5-primaria-quechua-central-texto-de-comunicacion-del/,"Edición 2025EIB - Quechua Central · 108 páginas · 20,8 MB",2025,https://peru.librosminedu.com/pdf-nawinchana-maytu-5-primaria-quechua-central-texto-de-comunicacion-del/,14NM5-QWoJ7ZZv0_KTinEyN2iSdNJUdbr,downloaded,finetuning/reference-materials/peru-quechua/pdf/14NM5-QWoJ7ZZv0_KTinEyN2iSdNJUdbr.pdf,finetuning/reference-materials/peru-quechua/text/14NM5-QWoJ7ZZv0_KTinEyN2iSdNJUdbr.txt,extracted_unreviewed,108,21767776,10807,cc11a606814e4ec1f576a90b120dc78ee0aa05bcf27fc3b380b353b9315fddb1,,explicit_restriction_detected_review_required,False
book-621bd7597425,Ñawinchana maytu - 6 Primaria - Quechua Central: Texto de Comunicación del 6 Primaria (MINEDU) PDF,central_unspecified,language_communication,primary,6,False,candidate,https://peru.librosminedu.com/nawinchana-maytu-6-primaria-quechua-central-texto-de-comunicacion-del/,"Edición 2025EIB - Quechua Central · 108 páginas · 21,6 MB",2025,https://peru.librosminedu.com/pdf-nawinchana-maytu-6-primaria-quechua-central-texto-de-comunicacion-del/,1UrXWz_GnCsFXPbNH62pAr6qJt9oKBQBL,downloaded,finetuning/reference-materials/peru-quechua/pdf/1UrXWz_GnCsFXPbNH62pAr6qJt9oKBQBL.pdf,finetuning/reference-materials/peru-quechua/text/1UrXWz_GnCsFXPbNH62pAr6qJt9oKBQBL.txt,extracted_unreviewed,108,22639564,10493,f685e8ba4fbf92cbee2312242e03b6b5e20b324705e53c2d9193efcca767433b,,explicit_restriction_detected_review_required,False
book-30bc22ceafb1,Ñawinchana maytu - 3 - Chawpin qichwa: Texto de Comunicación del 3 Primaria - Quechua Central (MINEDU) PDF,central_unspecified,language_communication,primary,3,False,candidate,https://peru.librosminedu.com/nawinchana-maytu-3-chawpin-qichwa-texto-de-comunicacion-del-3/,"Edición 2025EIB - Quechua Central · 80 páginas · 16,7 MB",2025,https://peru.librosminedu.com/pdf-nawinchana-maytu-3-chawpin-qichwa-texto-de-comunicacion-del-3/,1heOrHOQtID2-p1kQF8Xd7JYISE3iROp8,downloaded,finetuning/reference-materials/peru-quechua/pdf/1heOrHOQtID2-p1kQF8Xd7JYISE3iROp8.pdf,finetuning/reference-materials/peru-quechua/text/1heOrHOQtID2-p1kQF8Xd7JYISE3iROp8.txt,extracted_unreviewed,80,17534759,6229,7166cd0c42fa8463dc68bb162b9b120cb3f172881e27b61370ee538a9ffc747e,,explicit_restriction_detected_review_required,False
book-b9911ebe690c,Ñawinchana maytu - 4 Primaria - Quechua Central: Texto de Comunicación del 4 Primaria (MINEDU) PDF,central_unspecified,language_communication,primary,4,False,candidate,https://peru.librosminedu.com/nawinchana-maytu-4-primaria-quechua-central-texto-de-comunicacion-del/,"Edición 2025EIB - Quechua Central · 108 páginas · 20,4 MB",2025,https://peru.librosminedu.com/pdf-nawinchana-maytu-4-primaria-quechua-central-texto-de-comunicacion-del/,17u7pn4vA55T-NLNN-3UBhfx-TbGKPCcR,downloaded,finetuning/reference-materials/peru-quechua/pdf/17u7pn4vA55T-NLNN-3UBhfx-TbGKPCcR.pdf,finetuning/reference-materials/peru-quechua/text/17u7pn4vA55T-NLNN-3UBhfx-TbGKPCcR.txt,extracted_unreviewed,108,21356847,10942,c3c4af2167dcb029ee708accb0c40a32d8f18df4033410f3aa97ca0866bbafa8,,explicit_restriction_detected_review_required,False
book-2ce92406a753,Ñawinchana maytu - 2 - Chawpin qichwa: Texto de Comunicación del 2 Primaria - Quechua Central (MINEDU) PDF,central_unspecified,language_communication,primary,2,False,candidate,https://peru.librosminedu.com/nawinchana-maytu-2-chawpin-qichwa-texto-de-comunicacion-del-2/,"Edición 2025EIB - Quechua Central · 80 páginas · 16,2 MB",2025,https://peru.librosminedu.com/pdf-nawinchana-maytu-2-chawpin-qichwa-texto-de-comunicacion-del-2/,1-s0znBkvomfDelCj0gJIUNWgU-wAZF25,downloaded,finetuning/reference-materials/peru-quechua/pdf/1-s0znBkvomfDelCj0gJIUNWgU-wAZF25.pdf,finetuning/reference-materials/peru-quechua/text/1-s0znBkvomfDelCj0gJIUNWgU-wAZF25.txt,extracted_unreviewed,80,16975528,6020,8fc94c01807fb53f725a2be3fd5b56b52e33858a7c725a2728d0c00745e12c2b,,explicit_restriction_detected_review_required,False
book-246800174828,Rimana - 4 - Qichwa Central: Texto de Comunicación del 4 Secundaria - Quechua Central (MINEDU) PDF,central_unspecified,language_communication,secondary,4,False,candidate,https://peru.librosminedu.com/rimana-4-qichwa-central-texto-de-comunicacion-del-4-secundaria/,"Edición 2025EIB - Quechua Central · 100 páginas · 13,7 MB",2025,https://peru.librosminedu.com/pdf-rimana-4-qichwa-central-texto-de-comunicacion-del-4-secundaria/,1UofK1HfNu1lUO3Lm_IRl9Wki0qpUDv_W,downloaded,finetuning/reference-materials/peru-quechua/pdf/1UofK1HfNu1lUO3Lm_IRl9Wki0qpUDv_W.pdf,finetuning/reference-materials/peru-quechua/text/1UofK1HfNu1lUO3Lm_IRl9Wki0qpUDv_W.txt,extracted_unreviewed,100,14410289,12860,0ff942d3a1063013bdf004605fce9150ed247cfcf2e3f57ae5f07391349d3708,,explicit_restriction_detected_review_required,False
book-4bbefb09ff15,Rimana - 5 - Qichwa Central: Texto de Comunicación del 5 Secundaria - Quechua Central (MINEDU) PDF,central_unspecified,language_communication,secondary,5,False,candidate,https://peru.librosminedu.com/rimana-5-qichwa-central-texto-de-comunicacion-del-5-secundaria/,"Edición 2025EIB - Quechua Central · 100 páginas · 14,0 MB",2025,https://peru.librosminedu.com/pdf-rimana-5-qichwa-central-texto-de-comunicacion-del-5-secundaria/,1FcKekbEyR8ve4BO9XIJKw3Y92z6mtzFP,downloaded,finetuning/reference-materials/peru-quechua/pdf/1FcKekbEyR8ve4BO9XIJKw3Y92z6mtzFP.pdf,finetuning/reference-materials/peru-quechua/text/1FcKekbEyR8ve4BO9XIJKw3Y92z6mtzFP.txt,extracted_unreviewed,100,14692120,10978,e538667d779f5df8f64b990ad44e3207dae252e297534b3df6b3bdcb962e173a,,explicit_restriction_detected_review_required,False
book-c6b4c3892a64,Ñawinchana maytu - 1 - Chawpin qichwa: Texto de Comunicación del 1 Primaria - Quechua Central (MINEDU) PDF,central_unspecified,language_communication,primary,1,False,candidate,https://peru.librosminedu.com/nawinchana-maytu-1-chawpin-qichwa-texto-de-comunicacion-del-1/,"Edición 2025EIB - Quechua Central · 112 páginas · 28,3 MB",2025,https://peru.librosminedu.com/pdf-nawinchana-maytu-1-chawpin-qichwa-texto-de-comunicacion-del-1/,1dgbSX6-GfjA1UViFLOpLIf_b5dvfmYcy,downloaded,finetuning/reference-materials/peru-quechua/pdf/1dgbSX6-GfjA1UViFLOpLIf_b5dvfmYcy.pdf,finetuning/reference-materials/peru-quechua/text/1dgbSX6-GfjA1UViFLOpLIf_b5dvfmYcy.txt,extracted_unreviewed,112,29629185,7595,db6295c7720abdab01e1fddcf37706e210f69e50b6d24060ce53824a6683340c,,explicit_restriction_detected_review_required,False
book-81c60ec9b23a,Rimana - 2 - Qichwa Central: Texto de Comunicación del 2 Secundaria - Quechua Central (MINEDU) PDF,central_unspecified,language_communication,secondary,2,False,candidate,https://peru.librosminedu.com/rimana-2-qichwa-central-texto-de-comunicacion-del-2-secundaria/,"Edición 2024EIB - Quechua Central · 96 páginas · 37,8 MB",2024,https://peru.librosminedu.com/pdf-rimana-2-qichwa-central-texto-de-comunicacion-del-2-secundaria/,1v-0U4Fh8RotLkCuyVYtcU5V0FIJlBBHi,downloaded,finetuning/reference-materials/peru-quechua/pdf/1v-0U4Fh8RotLkCuyVYtcU5V0FIJlBBHi.pdf,finetuning/reference-materials/peru-quechua/text/1v-0U4Fh8RotLkCuyVYtcU5V0FIJlBBHi.txt,extracted_unreviewed,96,39639039,10248,006864bc311f163317aab7015c0512f9ff04ccdc22eb5645a03e4c938d577e5e,,explicit_restriction_detected_review_required,False
book-81c60ec9b23a,Rimana - 2 - Qichwa Central: Texto de Comunicación del 2 Secundaria - Quechua Central (MINEDU) PDF,central_unspecified,language_communication,secondary,2,False,candidate,https://peru.librosminedu.com/rimana-2-qichwa-central-texto-de-comunicacion-del-2-secundaria/,"Rimana 2 = Texto de Comunicación del 2. grado de secundaria - Quechua Central (2023)EIB - Quechua Central · 94 páginas · 47,9 MB",,https://peru.librosminedu.com/pdf-rimana-2-texto-de-comunicacion-del-2-grado-de-secundaria-quechua-3/,1chip_WcXAgiVOO16nEi1O6w1XNFD_jJQ,downloaded,finetuning/reference-materials/peru-quechua/pdf/1chip_WcXAgiVOO16nEi1O6w1XNFD_jJQ.pdf,finetuning/reference-materials/peru-quechua/text/1chip_WcXAgiVOO16nEi1O6w1XNFD_jJQ.txt,extracted_unreviewed,94,50204611,9921,1946ad644ddeccc3b7be1c129585d5a11597ebbdeeb0ebbb17f0905c8f14658a,,explicit_restriction_detected_review_required,False
book-c3c69026bc64,Rimana - 3 - Qichwa Central: Texto de Comunicación del 3 Secundaria - Quechua Central (MINEDU) PDF,central_unspecified,language_communication,secondary,3,False,candidate,https://peru.librosminedu.com/rimana-3-qichwa-central-texto-de-comunicacion-del-3-secundaria/,"Edición 2025EIB - Quechua Central · 96 páginas · 23,0 MB",2025,https://peru.librosminedu.com/pdf-rimana-3-qichwa-central-texto-de-comunicacion-del-3-secundaria/,1jbzje_7eZKLpYvgKbaH5yoXcTvOq4xpi,downloaded,finetuning/reference-materials/peru-quechua/pdf/1jbzje_7eZKLpYvgKbaH5yoXcTvOq4xpi.pdf,finetuning/reference-materials/peru-quechua/text/1jbzje_7eZKLpYvgKbaH5yoXcTvOq4xpi.txt,extracted_unreviewed,96,24147138,7953,b20ee5bf4adeef106af7e3154a6e64d52dcb8dba16faf3a8bb1e76705d297ea6,,explicit_restriction_detected_review_required,False
book-c3c69026bc64,Rimana - 3 - Qichwa Central: Texto de Comunicación del 3 Secundaria - Quechua Central (MINEDU) PDF,central_unspecified,language_communication,secondary,3,False,candidate,https://peru.librosminedu.com/rimana-3-qichwa-central-texto-de-comunicacion-del-3-secundaria/,"Rimana 3 = Texto de Comunicación del 3. grado de secundaria - Quechua Central (2023)EIB - Quechua Central · 96 páginas · 27,6 MB",,https://peru.librosminedu.com/pdf-rimana-3-texto-de-comunicacion-del-3-grado-de-secundaria-quechua-3/,1n1azT2hF54Y_UMXoBU9TO4bGzb-smeVw,downloaded,finetuning/reference-materials/peru-quechua/pdf/1n1azT2hF54Y_UMXoBU9TO4bGzb-smeVw.pdf,finetuning/reference-materials/peru-quechua/text/1n1azT2hF54Y_UMXoBU9TO4bGzb-smeVw.txt,extracted_unreviewed,96,28965651,7737,6baa10b0a1930609756488a7d73bb7e5c7a2edb09de488d42aae14126d09876c,,explicit_restriction_detected_review_required,False
book-acd3009a17fb,Rimana - 1 - Qichwa Central: Texto de Comunicación del 1 Secundaria - Quechua Central (MINEDU) PDF,central_unspecified,language_communication,secondary,1,False,candidate,https://peru.librosminedu.com/rimana-1-qichwa-central-texto-de-comunicacion-del-1-secundaria/,"Edición 2025EIB - Quechua Central · 96 páginas · 18,0 MB",2025,https://peru.librosminedu.com/pdf-rimana-1-qichwa-central-texto-de-comunicacion-del-1-secundaria/,1REolF1igGewhh6InLT0zTCZ6ZBKq_ejT,downloaded,finetuning/reference-materials/peru-quechua/pdf/1REolF1igGewhh6InLT0zTCZ6ZBKq_ejT.pdf,finetuning/reference-materials/peru-quechua/text/1REolF1igGewhh6InLT0zTCZ6ZBKq_ejT.txt,extracted_unreviewed,96,18828828,8655,fe0506e30535cea263bf9e53a97fb0ad60907d0df7b24601255600f401b714ce,,explicit_restriction_detected_review_required,False
book-acd3009a17fb,Rimana - 1 - Qichwa Central: Texto de Comunicación del 1 Secundaria - Quechua Central (MINEDU) PDF,central_unspecified,language_communication,secondary,1,False,candidate,https://peru.librosminedu.com/rimana-1-qichwa-central-texto-de-comunicacion-del-1-secundaria/,"Rimana 1 = Texto de Comunicación del 1. grado de secundaria - Quechua Central (2023)EIB - Quechua Central · 96 páginas · 22,7 MB",,https://peru.librosminedu.com/pdf-rimana-1-texto-de-comunicacion-del-1-grado-de-secundaria-quechua-3/,1yCqEz2GB7GiN1mTSRo3BuTuktLYjXXpv,downloaded,finetuning/reference-materials/peru-quechua/pdf/1yCqEz2GB7GiN1mTSRo3BuTuktLYjXXpv.pdf,finetuning/reference-materials/peru-quechua/text/1yCqEz2GB7GiN1mTSRo3BuTuktLYjXXpv.txt,extracted_unreviewed,96,23799422,8456,e9b2b3d5a51836af13fd0843ece5499381229e4c8522bf9dd2cbdee359a43f2c,,explicit_restriction_detected_review_required,False
book-491382169686,Kwintanakushunchik 2 Primaria - Kichwa: Texto de Comunicación del 2 Primaria - Quechua Amazónico (Kichwa - Loreto) (MINEDU) PDF,kichwa_loreto,language_communication,primary,2,False,candidate,https://peru.librosminedu.com/kwintanakushunchik-2-primaria-kichwa-texto-de-comunicacion-del-2/,"Edición 2025EIB - Quechua amazónico (kichwa) · 108 páginas · 13,0 MB",2025,https://peru.librosminedu.com/pdf-kwintanakushunchik-2-primaria-kichwa-texto-de-comunicacion-del-2/,1PB8dUcbFkGJcmuDssxFiGNX5KRw7Wrqa,downloaded,finetuning/reference-materials/peru-quechua/pdf/1PB8dUcbFkGJcmuDssxFiGNX5KRw7Wrqa.pdf,finetuning/reference-materials/peru-quechua/text/1PB8dUcbFkGJcmuDssxFiGNX5KRw7Wrqa.txt,extracted_unreviewed,108,13625790,10403,ec37e623f0066ca89711775a6971ae3b092c3df474521f25542f738ef7698cfb,,explicit_restriction_detected_review_required,False
book-9e2c6ea5e41a,Yunka kichwata alli killkanapak maytu. Manual de escritura Quechua Amazónico (MINEDU) PDF,kichwa_unspecified,orthography,unspecified,,False,candidate,https://peru.librosminedu.com/yunka-kichwata-alli-killkanapak-maytu-manual-de-escritura-quechua/,"Edición 2025EIB - Quechua amazónico (kichwa) · 164 páginas · 18,9 MB",2025,https://peru.librosminedu.com/pdf-yunka-kichwata-alli-killkanapak-maytu-manual-de-escritura-quechua/,1eSYfkED8UNVKZANHJmEOpjgpfYJ3TZHc,downloaded,finetuning/reference-materials/peru-quechua/pdf/1eSYfkED8UNVKZANHJmEOpjgpfYJ3TZHc.pdf,finetuning/reference-materials/peru-quechua/text/1eSYfkED8UNVKZANHJmEOpjgpfYJ3TZHc.txt,extracted_unreviewed,164,19818206,26705,7b8b20edbc8da6e214a8784577708208a9e92bf2a9d1a1079fe28dea1e20073c,,explicit_restriction_detected_review_required,False
book-d696f1e60853,Yachaykuna ruraykuna - 1 Ciclo VI Secundaria - Quechua Central: Saberes y Haceres VI 1 (MINEDU) PDF,central_unspecified,community_knowledge,secondary,,False,candidate,https://peru.librosminedu.com/yachaykuna-ruraykuna-1-ciclo-vi-secundaria-quechua-central-saberes-y/,"Edición 2024EIB - Quechua Central · 112 páginas · 11,6 MB",2024,https://peru.librosminedu.com/pdf-yachaykuna-ruraykuna-1-ciclo-vi-secundaria-quechua-central-saberes-y/,1I3Ozf-nmU5xis-Ze70V9gbhDOtsvwNgG,downloaded,finetuning/reference-materials/peru-quechua/pdf/1I3Ozf-nmU5xis-Ze70V9gbhDOtsvwNgG.pdf,finetuning/reference-materials/peru-quechua/text/1I3Ozf-nmU5xis-Ze70V9gbhDOtsvwNgG.txt,extracted_unreviewed,112,12169866,13960,5ace173a0125c085411e8be6928a5b2c11c6aa7fc4db70352c27f4d63b2265ac,,explicit_restriction_detected_review_required,False
book-7937c0f08252,Kwintanakushunchik 1 Primaria - Kichwa: Texto de Comunicación del 1 Primaria - Quechua Amazónico (Kichwa - Loreto) (MINEDU) PDF,kichwa_loreto,language_communication,primary,1,False,candidate,https://peru.librosminedu.com/kwintanakushunchik-1-primaria-kichwa-texto-de-comunicacion-del-1/,"Edición 2025EIB - Quechua amazónico (kichwa) · 132 páginas · 26,1 MB",2025,https://peru.librosminedu.com/pdf-kwintanakushunchik-1-primaria-kichwa-texto-de-comunicacion-del-1/,1kqk5SdPkr8uFpxxI6gr3LClkSMa6EZsm,downloaded,finetuning/reference-materials/peru-quechua/pdf/1kqk5SdPkr8uFpxxI6gr3LClkSMa6EZsm.pdf,finetuning/reference-materials/peru-quechua/text/1kqk5SdPkr8uFpxxI6gr3LClkSMa6EZsm.txt,extracted_unreviewed,132,27422123,11715,ba464e4a2608e59d81725041da2e27e217d7981167f11b3c2d6b395843230d51,,explicit_restriction_detected_review_required,False
book-4c6aed489341,Saberes y Haceres III 1 - Primaria - Quechua Central (MINEDU) PDF,central_unspecified,community_knowledge,primary,,False,candidate,https://peru.librosminedu.com/saberes-y-haceres-iii-1-primaria-quechua-central/,"Edición 2025EIB - Quechua Central · 112 páginas · 30,7 MB",2025,https://peru.librosminedu.com/pdf-saberes-y-haceres-iii-1-primaria-quechua-central/,1QpjbXZENleMCyfrSlhCoYTxY5IZB2sZk,downloaded,finetuning/reference-materials/peru-quechua/pdf/1QpjbXZENleMCyfrSlhCoYTxY5IZB2sZk.pdf,finetuning/reference-materials/peru-quechua/text/1QpjbXZENleMCyfrSlhCoYTxY5IZB2sZk.txt,extracted_unreviewed,112,32226914,3808,18027814bcb2bda7856985170f7dcac8b996cb0ba5b6c07c0b19c6eac9bb5a5d,,explicit_restriction_detected_review_required,False
book-dc166248f824,Retahilas divertidas - Primaria - Quechua wanka (MINEDU) PDF,wanka,literature_readers,primary,,False,candidate,https://peru.librosminedu.com/retahilas-divertidas-primaria-quechua-wanka/,"Edición 2026EIB - Quechua central (variante wanka) · 40 páginas · 12,7 MB",2026,https://peru.librosminedu.com/pdf-retahilas-divertidas-primaria-quechua-wanka/,1nTxVayInvAmNRpqEoGJY4y7ewV-IsioJ,downloaded,finetuning/reference-materials/peru-quechua/pdf/1nTxVayInvAmNRpqEoGJY4y7ewV-IsioJ.pdf,finetuning/reference-materials/peru-quechua/text/1nTxVayInvAmNRpqEoGJY4y7ewV-IsioJ.txt,extracted_unreviewed,40,13334151,1810,435f81bd1422141a7b3f5c1ece58a5e0a59b56f5e365a018d1294f7ae55fe99b,,explicit_restriction_detected_review_required,False
book-ceb20f438b67,Ñawinchana maytu 1 - Quechua wanka: texto de Comunicación del 1° Primaria (MINEDU) PDF,wanka,language_communication,primary,1,False,candidate,https://peru.librosminedu.com/nawinchana-maytu-1-quechua-wanka-texto-de-comunicacion-del-1-primaria/,"Edición 2026EIB - Quechua central (variante wanka) · 130 páginas · 55,5 MB",2026,https://peru.librosminedu.com/pdf-nawinchana-maytu-1-quechua-wanka-texto-de-comunicacion-del-1-primaria/,1d-Vzl3SZOfOMFc7j6Fs4XNnZ9d3u1e_q,downloaded,finetuning/reference-materials/peru-quechua/pdf/1d-Vzl3SZOfOMFc7j6Fs4XNnZ9d3u1e_q.pdf,finetuning/reference-materials/peru-quechua/text/1d-Vzl3SZOfOMFc7j6Fs4XNnZ9d3u1e_q.txt,extracted_unreviewed,130,58229987,9466,8fbcb879fa7291e16326766583ce8b22e2130179ce7514b8cbaa6015b4fb4bc0,,explicit_restriction_detected_review_required,False
book-01e7f52270fc,Ñawinchana maytu 2 - Quechua wanka: texto de Comunicación del 2° Primaria (MINEDU) PDF,wanka,language_communication,primary,2,False,candidate,https://peru.librosminedu.com/nawinchana-maytu-2-quechua-wanka-texto-de-comunicacion-del-2-primaria/,"Edición 2026EIB - Quechua central (variante wanka) · 108 páginas · 63,3 MB",2026,https://peru.librosminedu.com/pdf-nawinchana-maytu-2-quechua-wanka-texto-de-comunicacion-del-2-primaria/,1ndke18NicpmZC_5BgLckQJlIgTpDZkDO,downloaded,finetuning/reference-materials/peru-quechua/pdf/1ndke18NicpmZC_5BgLckQJlIgTpDZkDO.pdf,finetuning/reference-materials/peru-quechua/text/1ndke18NicpmZC_5BgLckQJlIgTpDZkDO.txt,extracted_unreviewed,108,66387223,11583,7857533736374a2095f578ae40e27cce31493a9bc23547e2c41708f3fb5586c0,,explicit_restriction_detected_review_required,False
book-ebe8c6251557,Retahilas divertidas - Primaria - Quechua inkawasi-kañaris (MINEDU) PDF,inkawasi_kanaris,literature_readers,primary,,False,candidate,https://peru.librosminedu.com/retahilas-divertidas-primaria-quechua-inkawasi-kanaris/,"Edición 2026EIB - Quechua Inkawasi-Kañaris · 40 páginas · 39,5 MB",2026,https://peru.librosminedu.com/pdf-retahilas-divertidas-primaria-quechua-inkawasi-kanaris/,1xkGoOwPHh2RiO62yvHgB9ixjA5gBAe7R,downloaded,finetuning/reference-materials/peru-quechua/pdf/1xkGoOwPHh2RiO62yvHgB9ixjA5gBAe7R.pdf,finetuning/reference-materials/peru-quechua/text/1xkGoOwPHh2RiO62yvHgB9ixjA5gBAe7R.txt,extracted_unreviewed,40,41440788,1694,8af17b55bbe56d039c7d4c66bd5b934a1f32d87fede0961afc291e1cf7c4f856,,explicit_restriction_detected_review_required,False
book-3856cc83ca85,Rimana 4 - Quechua inkawasi-kañaris: fichas multinivel de Comunicación del 4° Primaria (MINEDU) PDF,inkawasi_kanaris,language_communication,primary,4,False,candidate,https://peru.librosminedu.com/rimana-4-quechua-inkawasi-kanaris-fichas-multinivel-de-comunicacion/,"Raprarimaq - YacanapaqEIB - Quechua Inkawasi-Kañaris · 12 páginas · 29,5 MB",,https://peru.librosminedu.com/pdf-rimana-4-quechua-inkawasi-kanaris-fichas-multinivel-de-comunicacion/,1xe37R6WnEsA_WMrRaY4prOlq5m1Qbkhf,downloaded,finetuning/reference-materials/peru-quechua/pdf/1xe37R6WnEsA_WMrRaY4prOlq5m1Qbkhf.pdf,finetuning/reference-materials/peru-quechua/text/1xe37R6WnEsA_WMrRaY4prOlq5m1Qbkhf.txt,extracted_unreviewed,12,30979474,860,54569654c6efbfb7f89add2b70918b69f4c2ef8f336659dcc0193bb3facade8e,,explicit_restriction_detected_review_required,False
book-3856cc83ca85,Rimana 4 - Quechua inkawasi-kañaris: fichas multinivel de Comunicación del 4° Primaria (MINEDU) PDF,inkawasi_kanaris,language_communication,primary,4,False,candidate,https://peru.librosminedu.com/rimana-4-quechua-inkawasi-kanaris-fichas-multinivel-de-comunicacion/,"Tantaq 1 - Raprarimaq 1EIB - Quechua Inkawasi-Kañaris · 20 páginas · 24,5 MB",,https://peru.librosminedu.com/pdf-rimana-4-quechua-inkawasi-kanaris-fichas-multinivel-de-comunicacion-2/,17nFKrJTwPhxCTCOUUOz5kWHKPgt9rAkN,downloaded,finetuning/reference-materials/peru-quechua/pdf/17nFKrJTwPhxCTCOUUOz5kWHKPgt9rAkN.pdf,finetuning/reference-materials/peru-quechua/text/17nFKrJTwPhxCTCOUUOz5kWHKPgt9rAkN.txt,extracted_unreviewed,20,25650623,1910,22135d58a831f7504b88e57c6399779fcfe5aedf9f9aad7bb6358ef71c965a5d,,explicit_restriction_detected_review_required,False
book-3856cc83ca85,Rimana 4 - Quechua inkawasi-kañaris: fichas multinivel de Comunicación del 4° Primaria (MINEDU) PDF,inkawasi_kanaris,language_communication,primary,4,False,candidate,https://peru.librosminedu.com/rimana-4-quechua-inkawasi-kanaris-fichas-multinivel-de-comunicacion/,"Tantaq 1 - Raprarimaq 2EIB - Quechua Inkawasi-Kañaris · 20 páginas · 22,1 MB",,https://peru.librosminedu.com/pdf-rimana-4-quechua-inkawasi-kanaris-fichas-multinivel-de-comunicacion-3/,1D9hM6T_puLCr6fbIZt5syjAx3XwzQQx_,downloaded,finetuning/reference-materials/peru-quechua/pdf/1D9hM6T_puLCr6fbIZt5syjAx3XwzQQx_.pdf,finetuning/reference-materials/peru-quechua/text/1D9hM6T_puLCr6fbIZt5syjAx3XwzQQx_.txt,extracted_unreviewed,20,23187977,2081,dc050542678530df0282d1e25e8b0406c7e3ddc0a9591483f8e0219d76237335,,explicit_restriction_detected_review_required,False
book-3856cc83ca85,Rimana 4 - Quechua inkawasi-kañaris: fichas multinivel de Comunicación del 4° Primaria (MINEDU) PDF,inkawasi_kanaris,language_communication,primary,4,False,candidate,https://peru.librosminedu.com/rimana-4-quechua-inkawasi-kanaris-fichas-multinivel-de-comunicacion/,"Tantaq 2 - Raprarimaq 1EIB - Quechua Inkawasi-Kañaris · 20 páginas · 22,8 MB",,https://peru.librosminedu.com/pdf-rimana-4-quechua-inkawasi-kanaris-fichas-multinivel-de-comunicacion-4/,1So0KcdTnIq_SX3gYITWLDIbLsiBp9gjZ,downloaded,finetuning/reference-materials/peru-quechua/pdf/1So0KcdTnIq_SX3gYITWLDIbLsiBp9gjZ.pdf,finetuning/reference-materials/peru-quechua/text/1So0KcdTnIq_SX3gYITWLDIbLsiBp9gjZ.txt,extracted_unreviewed,20,23866260,2002,5d6c0dd4ebcb4a4f074f61ef4c5e147d5970707000ed428ae231a20862437f55,,explicit_restriction_detected_review_required,False
book-3856cc83ca85,Rimana 4 - Quechua inkawasi-kañaris: fichas multinivel de Comunicación del 4° Primaria (MINEDU) PDF,inkawasi_kanaris,language_communication,primary,4,False,candidate,https://peru.librosminedu.com/rimana-4-quechua-inkawasi-kanaris-fichas-multinivel-de-comunicacion/,"Tantaq 2 - Raprarimaq 2EIB - Quechua Inkawasi-Kañaris · 20 páginas · 21,4 MB",,https://peru.librosminedu.com/pdf-rimana-4-quechua-inkawasi-kanaris-fichas-multinivel-de-comunicacion-5/,1Rjxg1napmzSxNBBALlftqPy-La_TfNBU,downloaded,finetuning/reference-materials/peru-quechua/pdf/1Rjxg1napmzSxNBBALlftqPy-La_TfNBU.pdf,finetuning/reference-materials/peru-quechua/text/1Rjxg1napmzSxNBBALlftqPy-La_TfNBU.txt,extracted_unreviewed,20,22429796,2054,a87a33e505d7b98ac1c228f90f9efd2799a466059c8e53d6d20047f7069b6d61,,explicit_restriction_detected_review_required,False
book-3856cc83ca85,Rimana 4 - Quechua inkawasi-kañaris: fichas multinivel de Comunicación del 4° Primaria (MINEDU) PDF,inkawasi_kanaris,language_communication,primary,4,False,candidate,https://peru.librosminedu.com/rimana-4-quechua-inkawasi-kanaris-fichas-multinivel-de-comunicacion/,"Tantaq 3 - Raprarimaq 1EIB - Quechua Inkawasi-Kañaris · 20 páginas · 19,4 MB",,https://peru.librosminedu.com/pdf-rimana-4-quechua-inkawasi-kanaris-fichas-multinivel-de-comunicacion-6/,1fRLRvlNinRc0sqoX79Zfco2_9_vQprcm,downloaded,finetuning/reference-materials/peru-quechua/pdf/1fRLRvlNinRc0sqoX79Zfco2_9_vQprcm.pdf,finetuning/reference-materials/peru-quechua/text/1fRLRvlNinRc0sqoX79Zfco2_9_vQprcm.txt,extracted_unreviewed,20,20304918,1935,b47dadffaae3832b3af7c0298be95ec1be1218c889ebaa96b04ca7b247eb6697,,explicit_restriction_detected_review_required,False
book-3856cc83ca85,Rimana 4 - Quechua inkawasi-kañaris: fichas multinivel de Comunicación del 4° Primaria (MINEDU) PDF,inkawasi_kanaris,language_communication,primary,4,False,candidate,https://peru.librosminedu.com/rimana-4-quechua-inkawasi-kanaris-fichas-multinivel-de-comunicacion/,"Tantaq 3 - Raprarimaq 2EIB - Quechua Inkawasi-Kañaris · 20 páginas · 19,3 MB",,https://peru.librosminedu.com/pdf-rimana-4-quechua-inkawasi-kanaris-fichas-multinivel-de-comunicacion-7/,1VegT1jD6FXhww0yRBzoMGhDX3_NfIQ61,downloaded,finetuning/reference-materials/peru-quechua/pdf/1VegT1jD6FXhww0yRBzoMGhDX3_NfIQ61.pdf,finetuning/reference-materials/peru-quechua/text/1VegT1jD6FXhww0yRBzoMGhDX3_NfIQ61.txt,extracted_unreviewed,20,20248641,2230,72236bbc9c11e8a223c89342f6aed6a85f09999aae76705d8884ddba01bb4809,,explicit_restriction_detected_review_required,False
book-3856cc83ca85,Rimana 4 - Quechua inkawasi-kañaris: fichas multinivel de Comunicación del 4° Primaria (MINEDU) PDF,inkawasi_kanaris,language_communication,primary,4,False,candidate,https://peru.librosminedu.com/rimana-4-quechua-inkawasi-kanaris-fichas-multinivel-de-comunicacion/,"Tantaq 4 - Raprarimaq 1EIB - Quechua Inkawasi-Kañaris · 20 páginas · 21,0 MB",,https://peru.librosminedu.com/pdf-rimana-4-quechua-inkawasi-kanaris-fichas-multinivel-de-comunicacion-8/,1gqXUfaBZc03nYBIEGnKJYveqaXpmyTB2,downloaded,finetuning/reference-materials/peru-quechua/pdf/1gqXUfaBZc03nYBIEGnKJYveqaXpmyTB2.pdf,finetuning/reference-materials/peru-quechua/text/1gqXUfaBZc03nYBIEGnKJYveqaXpmyTB2.txt,extracted_unreviewed,20,22021710,1593,e321046aac74e9d1c379e171a2c3ecd0cd984025f24ef8f49e0c3c296dd7dd13,,explicit_restriction_detected_review_required,False
book-3856cc83ca85,Rimana 4 - Quechua inkawasi-kañaris: fichas multinivel de Comunicación del 4° Primaria (MINEDU) PDF,inkawasi_kanaris,language_communication,primary,4,False,candidate,https://peru.librosminedu.com/rimana-4-quechua-inkawasi-kanaris-fichas-multinivel-de-comunicacion/,"Tantaq 4 - Raprarimaq 2EIB - Quechua Inkawasi-Kañaris · 20 páginas · 22,6 MB",,https://peru.librosminedu.com/pdf-rimana-4-quechua-inkawasi-kanaris-fichas-multinivel-de-comunicacion-9/,1v5HMujVIUyMKKGLTUlRP7a8SbQSayJyo,downloaded,finetuning/reference-materials/peru-quechua/pdf/1v5HMujVIUyMKKGLTUlRP7a8SbQSayJyo.pdf,finetuning/reference-materials/peru-quechua/text/1v5HMujVIUyMKKGLTUlRP7a8SbQSayJyo.txt,extracted_unreviewed,20,23734090,1647,ba5cf6406b128338bc9eacdb303a3551f50922185107f73c2ce1436bfcae440b,,explicit_restriction_detected_review_required,False
book-b6c7bf0dc898,Rimana 3 - Quechua inkawasi-kañaris: fichas multinivel de Comunicación del 3° Primaria (MINEDU) PDF,inkawasi_kanaris,language_communication,primary,3,False,candidate,https://peru.librosminedu.com/rimana-3-quechua-inkawasi-kanaris-fichas-multinivel-de-comunicacion/,"Raprarimaq - YacanapaqEIB - Quechua Inkawasi-Kañaris · 10 páginas · 10,5 MB",,https://peru.librosminedu.com/pdf-rimana-3-quechua-inkawasi-kanaris-fichas-multinivel-de-comunicacion/,1QM3DB9zP8c0HM_ELLASGNMouFPjN_J6l,downloaded,finetuning/reference-materials/peru-quechua/pdf/1QM3DB9zP8c0HM_ELLASGNMouFPjN_J6l.pdf,finetuning/reference-materials/peru-quechua/text/1QM3DB9zP8c0HM_ELLASGNMouFPjN_J6l.txt,extracted_unreviewed,10,10998789,852,50842b0406faa9bbc6ca1caad28c9d29c40e4ca054c1b501e5dbd43869f51def,,explicit_restriction_detected_review_required,False
book-b6c7bf0dc898,Rimana 3 - Quechua inkawasi-kañaris: fichas multinivel de Comunicación del 3° Primaria (MINEDU) PDF,inkawasi_kanaris,language_communication,primary,3,False,candidate,https://peru.librosminedu.com/rimana-3-quechua-inkawasi-kanaris-fichas-multinivel-de-comunicacion/,"Tantaq 1 - Raprarimaq 1EIB - Quechua Inkawasi-Kañaris · 18 páginas · 10,9 MB",,https://peru.librosminedu.com/pdf-rimana-3-quechua-inkawasi-kanaris-fichas-multinivel-de-comunicacion-2/,1JZeqgZUMCj_g9qpabkdl8PMkxZKuhmHq,downloaded,finetuning/reference-materials/peru-quechua/pdf/1JZeqgZUMCj_g9qpabkdl8PMkxZKuhmHq.pdf,finetuning/reference-materials/peru-quechua/text/1JZeqgZUMCj_g9qpabkdl8PMkxZKuhmHq.txt,extracted_unreviewed,18,11444566,1612,2dfef6abdf882dfa009fabd1aa985df7e7b669ebed3ee14b5b318667843dcab8,,explicit_restriction_detected_review_required,False
book-b6c7bf0dc898,Rimana 3 - Quechua inkawasi-kañaris: fichas multinivel de Comunicación del 3° Primaria (MINEDU) PDF,inkawasi_kanaris,language_communication,primary,3,False,candidate,https://peru.librosminedu.com/rimana-3-quechua-inkawasi-kanaris-fichas-multinivel-de-comunicacion/,"Tantaq 1 - Raprarimaq 2EIB - Quechua Inkawasi-Kañaris · 18 páginas · 10,7 MB",,https://peru.librosminedu.com/pdf-rimana-3-quechua-inkawasi-kanaris-fichas-multinivel-de-comunicacion-3/,18hiv-xMPhOpnI7XeMBswm8Ysn_gibFFS,downloaded,finetuning/reference-materials/peru-quechua/pdf/18hiv-xMPhOpnI7XeMBswm8Ysn_gibFFS.pdf,finetuning/reference-materials/peru-quechua/text/18hiv-xMPhOpnI7XeMBswm8Ysn_gibFFS.txt,extracted_unreviewed,18,11177286,1852,b6bf0df943995169b388ef925d20b1e257109948ecd110c6656d5bbdeaa5bd48,,explicit_restriction_detected_review_required,False
book-b6c7bf0dc898,Rimana 3 - Quechua inkawasi-kañaris: fichas multinivel de Comunicación del 3° Primaria (MINEDU) PDF,inkawasi_kanaris,language_communication,primary,3,False,candidate,https://peru.librosminedu.com/rimana-3-quechua-inkawasi-kanaris-fichas-multinivel-de-comunicacion/,"Tantaq 2 - Raprarimaq 1EIB - Quechua Inkawasi-Kañaris · 18 páginas · 10,7 MB",,https://peru.librosminedu.com/pdf-rimana-3-quechua-inkawasi-kanaris-fichas-multinivel-de-comunicacion-4/,1QsFJDUs4Pj63mAQhhQjZqSYDFHHB2zaZ,downloaded,finetuning/reference-materials/peru-quechua/pdf/1QsFJDUs4Pj63mAQhhQjZqSYDFHHB2zaZ.pdf,finetuning/reference-materials/peru-quechua/text/1QsFJDUs4Pj63mAQhhQjZqSYDFHHB2zaZ.txt,extracted_unreviewed,18,11253402,1924,81f36b8d31d9d8abe69e0909ecfb16ead8f2e0c5d524311f8cde7cd4713e3274,,explicit_restriction_detected_review_required,False
book-b6c7bf0dc898,Rimana 3 - Quechua inkawasi-kañaris: fichas multinivel de Comunicación del 3° Primaria (MINEDU) PDF,inkawasi_kanaris,language_communication,primary,3,False,candidate,https://peru.librosminedu.com/rimana-3-quechua-inkawasi-kanaris-fichas-multinivel-de-comunicacion/,"Tantaq 2 - Raprarimaq 2EIB - Quechua Inkawasi-Kañaris · 18 páginas · 10,6 MB",,https://peru.librosminedu.com/pdf-rimana-3-quechua-inkawasi-kanaris-fichas-multinivel-de-comunicacion-5/,1bCaGgWOhB80ceQ5ZKCMa6hveuZX6h_gx,downloaded,finetuning/reference-materials/peru-quechua/pdf/1bCaGgWOhB80ceQ5ZKCMa6hveuZX6h_gx.pdf,finetuning/reference-materials/peru-quechua/text/1bCaGgWOhB80ceQ5ZKCMa6hveuZX6h_gx.txt,extracted_unreviewed,18,11129973,2166,b85980a0c61192306cf5919bee9838e96a524a6675d4c23f388dc4913369d316,,explicit_restriction_detected_review_required,False
book-b6c7bf0dc898,Rimana 3 - Quechua inkawasi-kañaris: fichas multinivel de Comunicación del 3° Primaria (MINEDU) PDF,inkawasi_kanaris,language_communication,primary,3,False,candidate,https://peru.librosminedu.com/rimana-3-quechua-inkawasi-kanaris-fichas-multinivel-de-comunicacion/,"Tantaq 3 - Raprarimaq 1EIB - Quechua Inkawasi-Kañaris · 18 páginas · 10,9 MB",,https://peru.librosminedu.com/pdf-rimana-3-quechua-inkawasi-kanaris-fichas-multinivel-de-comunicacion-6/,1MM03dVlqOtPwTVBNozXZ_OnyNj_LCaaI,downloaded,finetuning/reference-materials/peru-quechua/pdf/1MM03dVlqOtPwTVBNozXZ_OnyNj_LCaaI.pdf,finetuning/reference-materials/peru-quechua/text/1MM03dVlqOtPwTVBNozXZ_OnyNj_LCaaI.txt,extracted_unreviewed,18,11451740,2030,c51c4f8d9b2ebc2f291ae3a374dcaa257218303d41e276e3882ab2a57af8483d,,explicit_restriction_detected_review_required,False
book-b6c7bf0dc898,Rimana 3 - Quechua inkawasi-kañaris: fichas multinivel de Comunicación del 3° Primaria (MINEDU) PDF,inkawasi_kanaris,language_communication,primary,3,False,candidate,https://peru.librosminedu.com/rimana-3-quechua-inkawasi-kanaris-fichas-multinivel-de-comunicacion/,"Tantaq 3 - Raprarimaq 2EIB - Quechua Inkawasi-Kañaris · 18 páginas · 10,7 MB",,https://peru.librosminedu.com/pdf-rimana-3-quechua-inkawasi-kanaris-fichas-multinivel-de-comunicacion-7/,1ncBeG64kbirz3ZWd1cmzWop1wTOpUZ3t,downloaded,finetuning/reference-materials/peru-quechua/pdf/1ncBeG64kbirz3ZWd1cmzWop1wTOpUZ3t.pdf,finetuning/reference-materials/peru-quechua/text/1ncBeG64kbirz3ZWd1cmzWop1wTOpUZ3t.txt,extracted_unreviewed,18,11207699,2117,7e99fd3903520c268be4877a3bc34ce1c5f3dfa95e004a98fa4304be4760ace8,,explicit_restriction_detected_review_required,False
book-b6c7bf0dc898,Rimana 3 - Quechua inkawasi-kañaris: fichas multinivel de Comunicación del 3° Primaria (MINEDU) PDF,inkawasi_kanaris,language_communication,primary,3,False,candidate,https://peru.librosminedu.com/rimana-3-quechua-inkawasi-kanaris-fichas-multinivel-de-comunicacion/,"Tantaq 4 - Raprarimaq 1EIB - Quechua Inkawasi-Kañaris · 18 páginas · 11,3 MB",,https://peru.librosminedu.com/pdf-rimana-3-quechua-inkawasi-kanaris-fichas-multinivel-de-comunicacion-8/,1aP-CvrW3YSQhw5mOrxZcXS0QvPj60MbU,downloaded,finetuning/reference-materials/peru-quechua/pdf/1aP-CvrW3YSQhw5mOrxZcXS0QvPj60MbU.pdf,finetuning/reference-materials/peru-quechua/text/1aP-CvrW3YSQhw5mOrxZcXS0QvPj60MbU.txt,extracted_unreviewed,18,11854506,1585,afebc964e940943ff4ab6be7321bdffdb7528987e3edf29ba70fc8071e7370f0,,explicit_restriction_detected_review_required,False
book-b6c7bf0dc898,Rimana 3 - Quechua inkawasi-kañaris: fichas multinivel de Comunicación del 3° Primaria (MINEDU) PDF,inkawasi_kanaris,language_communication,primary,3,False,candidate,https://peru.librosminedu.com/rimana-3-quechua-inkawasi-kanaris-fichas-multinivel-de-comunicacion/,"Tantaq 4 - Raprarimaq 2EIB - Quechua Inkawasi-Kañaris · 18 páginas · 11,1 MB",,https://peru.librosminedu.com/pdf-rimana-3-quechua-inkawasi-kanaris-fichas-multinivel-de-comunicacion-9/,1zTjI13Nw3p6072c_W4sX5mq6bj1egDXB,downloaded,finetuning/reference-materials/peru-quechua/pdf/1zTjI13Nw3p6072c_W4sX5mq6bj1egDXB.pdf,finetuning/reference-materials/peru-quechua/text/1zTjI13Nw3p6072c_W4sX5mq6bj1egDXB.txt,extracted_unreviewed,18,11594313,1704,82675ad53fecabfa412695b9233dccd3ff672506ae971a5b2ac853d084045ddd,,explicit_restriction_detected_review_required,False
book-dfcdc9e34709,Yupana 2 - Quechua inkawasi-kañaris: fichas de trabajo de Matemáticas del 2° Primaria (MINEDU) PDF,inkawasi_kanaris,mathematics,primary,2,False,candidate,https://peru.librosminedu.com/yupana-2-quechua-inkawasi-kanaris-fichas-de-trabajo-de-matematicas/,"Edición 2026EIB - Quechua Inkawasi-Kañaris · 104 páginas · 38,4 MB",2026,https://peru.librosminedu.com/pdf-yupana-2-quechua-inkawasi-kanaris-fichas-de-trabajo-de-matematicas/,1Dnk_qmTmh8yAjHabAc3HKPRsGTirTWtH,downloaded,finetuning/reference-materials/peru-quechua/pdf/1Dnk_qmTmh8yAjHabAc3HKPRsGTirTWtH.pdf,finetuning/reference-materials/peru-quechua/text/1Dnk_qmTmh8yAjHabAc3HKPRsGTirTWtH.txt,no_extractable_text_ocr_needed,104,40249303,0,bfc4796cd854fcec6d56b0aa7a97afdac539b8b645cd05e7d94b192e8780b0d6,,not_cleared_review_required,False
book-095e66712752,Yupana 1 - Quechua inkawasi-kañaris: fichas de trabajo de Matemáticas del 1° Primaria (MINEDU) PDF,inkawasi_kanaris,mathematics,primary,1,False,candidate,https://peru.librosminedu.com/yupana-1-quechua-inkawasi-kanaris-fichas-de-trabajo-de-matematicas/,"Edición 2026EIB - Quechua Inkawasi-Kañaris · 104 páginas · 38,0 MB",2026,https://peru.librosminedu.com/pdf-yupana-1-quechua-inkawasi-kanaris-fichas-de-trabajo-de-matematicas/,1jX5Wus-AexHcZ_v8my3eGJZJajbeDNAo,downloaded,finetuning/reference-materials/peru-quechua/pdf/1jX5Wus-AexHcZ_v8my3eGJZJajbeDNAo.pdf,finetuning/reference-materials/peru-quechua/text/1jX5Wus-AexHcZ_v8my3eGJZJajbeDNAo.txt,no_extractable_text_ocr_needed,104,39894376,0,42b7a4e257e30fc4c7455c2e8ed0398b88cc4bdd75f42d977ba95ee68373a159,,not_cleared_review_required,False
book-16e8d785bc38,Rimana 2 - Quechua inkawasi-kañaris: cuaderno de trabajo de Comunicación del 2° Primaria (MINEDU) PDF,inkawasi_kanaris,language_communication,primary,2,False,candidate,https://peru.librosminedu.com/rimana-2-quechua-inkawasi-kanaris-cuaderno-de-trabajo-de-comunicacion/,"Edición 2026EIB - Quechua Inkawasi-Kañaris · 132 páginas · 19,0 MB",2026,https://peru.librosminedu.com/pdf-rimana-2-quechua-inkawasi-kanaris-cuaderno-de-trabajo-de-comunicacion/,1XoTWxiaZKJS2TuF1DpcZnWf8NLapR0AA,downloaded,finetuning/reference-materials/peru-quechua/pdf/1XoTWxiaZKJS2TuF1DpcZnWf8NLapR0AA.pdf,finetuning/reference-materials/peru-quechua/text/1XoTWxiaZKJS2TuF1DpcZnWf8NLapR0AA.txt,extracted_unreviewed,132,19968647,8904,fcd48705b4bc42cb651cdeff419c982454a4255e1ce7c28f1bc7a5c84083167a,,explicit_restriction_detected_review_required,False
book-690f2d1fe132,Uyachinakushunllapa 1 - Quechua inkawasi-kañaris: fichas de trabajo de lengua originaria como L2 1 - Primaria (MINEDU) PDF,inkawasi_kanaris,language_communication,primary,,False,candidate,https://peru.librosminedu.com/uyachinakushunllapa-1-quechua-inkawasi-kanaris-fichas-de-trabajo-de/,"Edición 2026EIB - Quechua Inkawasi-Kañaris · 164 páginas · 58,4 MB",2026,https://peru.librosminedu.com/pdf-uyachinakushunllapa-1-quechua-inkawasi-kanaris-fichas-de-trabajo-de/,1B3vrq62hyb73ZNEnwAzbG2b3gE4vt-Cw,downloaded,finetuning/reference-materials/peru-quechua/pdf/1B3vrq62hyb73ZNEnwAzbG2b3gE4vt-Cw.pdf,finetuning/reference-materials/peru-quechua/text/1B3vrq62hyb73ZNEnwAzbG2b3gE4vt-Cw.txt,extracted_unreviewed,164,61258989,9984,0adad8ec2b23de0c393d2e29e2b2b3583a2614b503a9817a4db52efd5b91c9bb,,explicit_restriction_detected_review_required,False
book-e1d3061e747c,Uyachinakushunllapa 2 - Quechua inkawasi-kañaris: fichas de trabajo de lengua originaria como L2 2 - Primaria (MINEDU) PDF,inkawasi_kanaris,language_communication,primary,,False,candidate,https://peru.librosminedu.com/uyachinakushunllapa-2-quechua-inkawasi-kanaris-fichas-de-trabajo-de/,"Edición 2026EIB - Quechua Inkawasi-Kañaris · 164 páginas · 28,8 MB",2026,https://peru.librosminedu.com/pdf-uyachinakushunllapa-2-quechua-inkawasi-kanaris-fichas-de-trabajo-de/,1Sc70ZoTUD5tlO3mZufotSsP0P8f5470t,downloaded,finetuning/reference-materials/peru-quechua/pdf/1Sc70ZoTUD5tlO3mZufotSsP0P8f5470t.pdf,finetuning/reference-materials/peru-quechua/text/1Sc70ZoTUD5tlO3mZufotSsP0P8f5470t.txt,extracted_unreviewed,164,30152346,9099,95a75dfb5a52c5f791688d2c9ee6a12ae029a234d67fc2919db1cffa720232a1,,explicit_restriction_detected_review_required,False
book-e0112e7f1c17,Rimana 1 - Quechua inkawasi-kañaris: cuaderno de trabajo de Comunicación del 1° Primaria (MINEDU) PDF,inkawasi_kanaris,language_communication,primary,1,False,candidate,https://peru.librosminedu.com/rimana-1-quechua-inkawasi-kanaris-cuaderno-de-trabajo-de-comunicacion/,"Edición 2026EIB - Quechua Inkawasi-Kañaris · 130 páginas · 21,1 MB",2026,https://peru.librosminedu.com/pdf-rimana-1-quechua-inkawasi-kanaris-cuaderno-de-trabajo-de-comunicacion/,1-ZQphsKSUILUD6a4WHZCrGJjrSTbSJDF,downloaded,finetuning/reference-materials/peru-quechua/pdf/1-ZQphsKSUILUD6a4WHZCrGJjrSTbSJDF.pdf,finetuning/reference-materials/peru-quechua/text/1-ZQphsKSUILUD6a4WHZCrGJjrSTbSJDF.txt,extracted_unreviewed,130,22116589,5170,74e1c0a094eadf781765957d9100052c245d9636f834e9651a5c8a4093be0be3,,explicit_restriction_detected_review_required,False
book-4baa42af8e1d,5 Rimanakusun - Quechua collao: fichas multinivel de Comunicación del 5° Secundaria (MINEDU) PDF,collao,language_communication,secondary,5,False,candidate,https://peru.librosminedu.com/5-rimanakusun-quechua-collao-fichas-multinivel-de-comunicacion-del-5/,"Llamk'ana raphi - Tupuna raphiEIB - Quechua Collao · 16 páginas · 10,0 MB",,https://peru.librosminedu.com/pdf-5-rimanakusun-quechua-collao-fichas-multinivel-de-comunicacion-del-5/,1EzN5cdZ5lw8WVCpZQE5-XHhbmgaPcPlb,downloaded,finetuning/reference-materials/peru-quechua/pdf/1EzN5cdZ5lw8WVCpZQE5-XHhbmgaPcPlb.pdf,finetuning/reference-materials/peru-quechua/text/1EzN5cdZ5lw8WVCpZQE5-XHhbmgaPcPlb.txt,extracted_unreviewed,16,10470371,904,bd8e911870de39a2f494c5ccb9c6cb7519607da6a23a87ae29b850db216f0cf8,,explicit_restriction_detected_review_required,False
book-4baa42af8e1d,5 Rimanakusun - Quechua collao: fichas multinivel de Comunicación del 5° Secundaria (MINEDU) PDF,collao,language_communication,secondary,5,False,candidate,https://peru.librosminedu.com/5-rimanakusun-quechua-collao-fichas-multinivel-de-comunicacion-del-5/,"T'aqa 1 - 1, 2, 3 Llamk'ana raphiEIB - Quechua Collao · 56 páginas · 10,9 MB",,https://peru.librosminedu.com/pdf-5-rimanakusun-quechua-collao-fichas-multinivel-de-comunicacion-del-5-2/,1SrBS8ZmcuQTniymqGNO17yTT27DQ_7Q1,downloaded,finetuning/reference-materials/peru-quechua/pdf/1SrBS8ZmcuQTniymqGNO17yTT27DQ_7Q1.pdf,finetuning/reference-materials/peru-quechua/text/1SrBS8ZmcuQTniymqGNO17yTT27DQ_7Q1.txt,extracted_unreviewed,56,11435608,4820,fdb91d73c4f84c832faf1fe97eef580a56987ec578040085783918f0418bda33,,explicit_restriction_detected_review_required,False
book-4baa42af8e1d,5 Rimanakusun - Quechua collao: fichas multinivel de Comunicación del 5° Secundaria (MINEDU) PDF,collao,language_communication,secondary,5,False,candidate,https://peru.librosminedu.com/5-rimanakusun-quechua-collao-fichas-multinivel-de-comunicacion-del-5/,"T'aqa 2 - 1, 2, 3 Llamk'ana raphiEIB - Quechua Collao · 56 páginas · 8,1 MB",,https://peru.librosminedu.com/pdf-5-rimanakusun-quechua-collao-fichas-multinivel-de-comunicacion-del-5-3/,1qeOdhBVhl0GKErMkohIS5eqvIUHuLrdL,downloaded,finetuning/reference-materials/peru-quechua/pdf/1qeOdhBVhl0GKErMkohIS5eqvIUHuLrdL.pdf,finetuning/reference-materials/peru-quechua/text/1qeOdhBVhl0GKErMkohIS5eqvIUHuLrdL.txt,extracted_unreviewed,56,8473761,5088,8475ada5949c1610af38bcd04fa60dae864c6aac89925439cfe0ebfa5de2905e,,explicit_restriction_detected_review_required,False
book-4baa42af8e1d,5 Rimanakusun - Quechua collao: fichas multinivel de Comunicación del 5° Secundaria (MINEDU) PDF,collao,language_communication,secondary,5,False,candidate,https://peru.librosminedu.com/5-rimanakusun-quechua-collao-fichas-multinivel-de-comunicacion-del-5/,"T'aqa 3 - 1, 2, 3 Llamk'ana raphiEIB - Quechua Collao · 56 páginas · 10,8 MB",,https://peru.librosminedu.com/pdf-5-rimanakusun-quechua-collao-fichas-multinivel-de-comunicacion-del-5-4/,1OghA93dN7DoB-VjLQsXWZsAXR0xpr_Pa,downloaded,finetuning/reference-materials/peru-quechua/pdf/1OghA93dN7DoB-VjLQsXWZsAXR0xpr_Pa.pdf,finetuning/reference-materials/peru-quechua/text/1OghA93dN7DoB-VjLQsXWZsAXR0xpr_Pa.txt,extracted_unreviewed,56,11286653,5281,3bf4be9a50c2ff917191bfa14bd0a1a74453f1e051e47a5a4e01af2b96434522,,explicit_restriction_detected_review_required,False
book-4baa42af8e1d,5 Rimanakusun - Quechua collao: fichas multinivel de Comunicación del 5° Secundaria (MINEDU) PDF,collao,language_communication,secondary,5,False,candidate,https://peru.librosminedu.com/5-rimanakusun-quechua-collao-fichas-multinivel-de-comunicacion-del-5/,"T'aqa 4 - 1, 2, 3 Llamk'ana raphiEIB - Quechua Collao · 56 páginas · 10,6 MB",,https://peru.librosminedu.com/pdf-5-rimanakusun-quechua-collao-fichas-multinivel-de-comunicacion-del-5-5/,1Q4nFxB3AYdaZ2vnItRfKh2Evoo3gRdfH,downloaded,finetuning/reference-materials/peru-quechua/pdf/1Q4nFxB3AYdaZ2vnItRfKh2Evoo3gRdfH.pdf,finetuning/reference-materials/peru-quechua/text/1Q4nFxB3AYdaZ2vnItRfKh2Evoo3gRdfH.txt,extracted_unreviewed,56,11134621,5984,446cdc41b81f0927760bc063ded1a6b3775ea1a708a1881594f269339d5b7bc5,,explicit_restriction_detected_review_required,False
book-b05cad949e08,4 Rimanakusun - Quechua collao: fichas multinivel de Comunicación del 4° Secundaria (MINEDU) PDF,collao,language_communication,secondary,4,False,candidate,https://peru.librosminedu.com/4-rimanakusun-quechua-collao-fichas-multinivel-de-comunicacion-del-4/,"Llamk'ana raphi - Tupuna raphiEIB - Quechua Collao · 16 páginas · 10,1 MB",,https://peru.librosminedu.com/pdf-4-rimanakusun-quechua-collao-fichas-multinivel-de-comunicacion-del-4/,1ECHuURPpsREWXq60yflEp-7sRjqZGrpm,downloaded,finetuning/reference-materials/peru-quechua/pdf/1ECHuURPpsREWXq60yflEp-7sRjqZGrpm.pdf,finetuning/reference-materials/peru-quechua/text/1ECHuURPpsREWXq60yflEp-7sRjqZGrpm.txt,extracted_unreviewed,16,10533636,1007,4109088669eeae03e9a9b530b6929c4e115b65cdb69f64d22920d69fc27c82c1,,explicit_restriction_detected_review_required,False
book-b05cad949e08,4 Rimanakusun - Quechua collao: fichas multinivel de Comunicación del 4° Secundaria (MINEDU) PDF,collao,language_communication,secondary,4,False,candidate,https://peru.librosminedu.com/4-rimanakusun-quechua-collao-fichas-multinivel-de-comunicacion-del-4/,"T'aqa 1 - 1, 2, 3 Llamk'ana raphiEIB - Quechua Collao · 56 páginas · 10,9 MB",,https://peru.librosminedu.com/pdf-4-rimanakusun-quechua-collao-fichas-multinivel-de-comunicacion-del-4-2/,1R4ebGCWJjFipMCE6yU6Xj5oXAkf_Jjnb,downloaded,finetuning/reference-materials/peru-quechua/pdf/1R4ebGCWJjFipMCE6yU6Xj5oXAkf_Jjnb.pdf,finetuning/reference-materials/peru-quechua/text/1R4ebGCWJjFipMCE6yU6Xj5oXAkf_Jjnb.txt,extracted_unreviewed,56,11464397,4600,88ec441f146b48da7553e65d73ecb85bccdbd5b07706b7c7e9fef81c22d5fd99,,explicit_restriction_detected_review_required,False
book-b05cad949e08,4 Rimanakusun - Quechua collao: fichas multinivel de Comunicación del 4° Secundaria (MINEDU) PDF,collao,language_communication,secondary,4,False,candidate,https://peru.librosminedu.com/4-rimanakusun-quechua-collao-fichas-multinivel-de-comunicacion-del-4/,"T'aqa 2 - 1, 2, 3 Llamk'ana raphiEIB - Quechua Collao · 56 páginas · 10,7 MB",,https://peru.librosminedu.com/pdf-4-rimanakusun-quechua-collao-fichas-multinivel-de-comunicacion-del-4-3/,1apJazb9yGkAUOIUbr-bPW2zcVfiPuR9-,downloaded,finetuning/reference-materials/peru-quechua/pdf/1apJazb9yGkAUOIUbr-bPW2zcVfiPuR9-.pdf,finetuning/reference-materials/peru-quechua/text/1apJazb9yGkAUOIUbr-bPW2zcVfiPuR9-.txt,extracted_unreviewed,56,11245437,5464,ca3a0e00cbc782be60a5b9ce243503e540343b028a8ce9e18a7076422d1340f0,,explicit_restriction_detected_review_required,False
book-b05cad949e08,4 Rimanakusun - Quechua collao: fichas multinivel de Comunicación del 4° Secundaria (MINEDU) PDF,collao,language_communication,secondary,4,False,candidate,https://peru.librosminedu.com/4-rimanakusun-quechua-collao-fichas-multinivel-de-comunicacion-del-4/,"T'aqa 3 - 1, 2, 3 Llamk'ana raphiEIB - Quechua Collao · 56 páginas · 10,8 MB",,https://peru.librosminedu.com/pdf-4-rimanakusun-quechua-collao-fichas-multinivel-de-comunicacion-del-4-4/,1nIcb4ZzxZZna1wZXZqfh87njO9QJgYki,downloaded,finetuning/reference-materials/peru-quechua/pdf/1nIcb4ZzxZZna1wZXZqfh87njO9QJgYki.pdf,finetuning/reference-materials/peru-quechua/text/1nIcb4ZzxZZna1wZXZqfh87njO9QJgYki.txt,extracted_unreviewed,56,11310816,5244,8e5f1159aeaaa28cabe87271668230c39dc239c8f6a448b46606dec6a7babc46,,explicit_restriction_detected_review_required,False
book-b05cad949e08,4 Rimanakusun - Quechua collao: fichas multinivel de Comunicación del 4° Secundaria (MINEDU) PDF,collao,language_communication,secondary,4,False,candidate,https://peru.librosminedu.com/4-rimanakusun-quechua-collao-fichas-multinivel-de-comunicacion-del-4/,"T'aqa 4 - 1, 2, 3 Llamk'ana raphiEIB - Quechua Collao · 56 páginas · 10,9 MB",,https://peru.librosminedu.com/pdf-4-rimanakusun-quechua-collao-fichas-multinivel-de-comunicacion-del-4-5/,10hBOiEdrgmoo_9GJd69KF_U4Rh746Kkw,downloaded,finetuning/reference-materials/peru-quechua/pdf/10hBOiEdrgmoo_9GJd69KF_U4Rh746Kkw.pdf,finetuning/reference-materials/peru-quechua/text/10hBOiEdrgmoo_9GJd69KF_U4Rh746Kkw.txt,extracted_unreviewed,56,11441788,6341,776cac2f93c2ddc0c3a674cbd2033f5bb9c2fbaef6030f6f817027cc102e0399,,explicit_restriction_detected_review_required,False
book-148552a569df,3 Rimanakusun - Quechua collao: fichas multinivel de Comunicación del 3° Secundaria (MINEDU) PDF,collao,language_communication,secondary,3,False,candidate,https://peru.librosminedu.com/3-rimanakusun-quechua-collao-fichas-multinivel-de-comunicacion-del-3/,"Llamk'ana raphi - Tupuna raphiEIB - Quechua Collao · 16 páginas · 7,2 MB",,https://peru.librosminedu.com/pdf-3-rimanakusun-quechua-collao-fichas-multinivel-de-comunicacion-del-3/,11wbn8TzWwVwANjXCbXhmpAA6P28FGZvo,downloaded,finetuning/reference-materials/peru-quechua/pdf/11wbn8TzWwVwANjXCbXhmpAA6P28FGZvo.pdf,finetuning/reference-materials/peru-quechua/text/11wbn8TzWwVwANjXCbXhmpAA6P28FGZvo.txt,extracted_unreviewed,16,7518576,1181,9cde6aad40351d4048f81863943ede73b391b9bcaa0a70476a297dd0deea17c4,,explicit_restriction_detected_review_required,False
book-148552a569df,3 Rimanakusun - Quechua collao: fichas multinivel de Comunicación del 3° Secundaria (MINEDU) PDF,collao,language_communication,secondary,3,False,candidate,https://peru.librosminedu.com/3-rimanakusun-quechua-collao-fichas-multinivel-de-comunicacion-del-3/,"T'aqa 1 - 1, 2, 3 Llamk'ana raphiEIB - Quechua Collao · 56 páginas · 8,1 MB",,https://peru.librosminedu.com/pdf-3-rimanakusun-quechua-collao-fichas-multinivel-de-comunicacion-del-3-2/,1a-I3r1BApWoa8jY7H9O-mUHdqUysAxui,downloaded,finetuning/reference-materials/peru-quechua/pdf/1a-I3r1BApWoa8jY7H9O-mUHdqUysAxui.pdf,finetuning/reference-materials/peru-quechua/text/1a-I3r1BApWoa8jY7H9O-mUHdqUysAxui.txt,extracted_unreviewed,56,8466023,5401,e12a03b57eb9703d02d2b108b54275f8d072474137f6f685f0c214062f982527,,explicit_restriction_detected_review_required,False
book-148552a569df,3 Rimanakusun - Quechua collao: fichas multinivel de Comunicación del 3° Secundaria (MINEDU) PDF,collao,language_communication,secondary,3,False,candidate,https://peru.librosminedu.com/3-rimanakusun-quechua-collao-fichas-multinivel-de-comunicacion-del-3/,"T'aqa 2 - 1, 2, 3 Llamk'ana raphiEIB - Quechua Collao · 56 páginas · 8,0 MB",,https://peru.librosminedu.com/pdf-3-rimanakusun-quechua-collao-fichas-multinivel-de-comunicacion-del-3-3/,1EWmGFCk3FQ4CoOfddpRsep2RmWgoyC1r,downloaded,finetuning/reference-materials/peru-quechua/pdf/1EWmGFCk3FQ4CoOfddpRsep2RmWgoyC1r.pdf,finetuning/reference-materials/peru-quechua/text/1EWmGFCk3FQ4CoOfddpRsep2RmWgoyC1r.txt,extracted_unreviewed,56,8374303,5048,a3eb07539367722d66515c9062c81447af614d78b4392c3623b9a9dd08b9f3d9,,explicit_restriction_detected_review_required,False
book-148552a569df,3 Rimanakusun - Quechua collao: fichas multinivel de Comunicación del 3° Secundaria (MINEDU) PDF,collao,language_communication,secondary,3,False,candidate,https://peru.librosminedu.com/3-rimanakusun-quechua-collao-fichas-multinivel-de-comunicacion-del-3/,"T'aqa 3 - 1, 2, 3 Llamk'ana raphiEIB - Quechua Collao · 56 páginas · 7,8 MB",,https://peru.librosminedu.com/pdf-3-rimanakusun-quechua-collao-fichas-multinivel-de-comunicacion-del-3-4/,15Afmfob9N-KBLgZlS_2itySA-Qc2FtjF,downloaded,finetuning/reference-materials/peru-quechua/pdf/15Afmfob9N-KBLgZlS_2itySA-Qc2FtjF.pdf,finetuning/reference-materials/peru-quechua/text/15Afmfob9N-KBLgZlS_2itySA-Qc2FtjF.txt,extracted_unreviewed,56,8235008,5848,0f21dded6561837969392c8221424f11ce0d234eb46105743cc08b8a2d4aa810,,explicit_restriction_detected_review_required,False
book-148552a569df,3 Rimanakusun - Quechua collao: fichas multinivel de Comunicación del 3° Secundaria (MINEDU) PDF,collao,language_communication,secondary,3,False,candidate,https://peru.librosminedu.com/3-rimanakusun-quechua-collao-fichas-multinivel-de-comunicacion-del-3/,"T'aqa 4 - 1, 2, 3 Llamk'ana raphiEIB - Quechua Collao · 56 páginas · 8,1 MB",,https://peru.librosminedu.com/pdf-3-rimanakusun-quechua-collao-fichas-multinivel-de-comunicacion-del-3-5/,1hJFh06o2O5GrA9WCqdcT86u_8Afe4cLy,downloaded,finetuning/reference-materials/peru-quechua/pdf/1hJFh06o2O5GrA9WCqdcT86u_8Afe4cLy.pdf,finetuning/reference-materials/peru-quechua/text/1hJFh06o2O5GrA9WCqdcT86u_8Afe4cLy.txt,extracted_unreviewed,56,8520214,6521,7549f050d179a43e737e3184a5f0527379b34c9f6a3cd0d20330f903d0016db6,,explicit_restriction_detected_review_required,False
book-eb8c0254c878,2 Rimanakusun - Quechua collao: fichas multinivel de Comunicación del 2° Secundaria (MINEDU) PDF,collao,language_communication,secondary,2,False,candidate,https://peru.librosminedu.com/2-rimanakusun-quechua-collao-fichas-multinivel-de-comunicacion-del-2/,"Llamk'ana raphi - Tupuna raphiEIB - Quechua Collao · 16 páginas · 6,8 MB",,https://peru.librosminedu.com/pdf-2-rimanakusun-quechua-collao-fichas-multinivel-de-comunicacion-del-2/,1G8zyTo6KqpEl6AqoRLdWsQjn_ZwIdysx,downloaded,finetuning/reference-materials/peru-quechua/pdf/1G8zyTo6KqpEl6AqoRLdWsQjn_ZwIdysx.pdf,finetuning/reference-materials/peru-quechua/text/1G8zyTo6KqpEl6AqoRLdWsQjn_ZwIdysx.txt,extracted_unreviewed,16,7098979,1274,bde86b61c9ee7da72623554be3589405395213334de030d6adaec36f615f21e9,,explicit_restriction_detected_review_required,False
book-eb8c0254c878,2 Rimanakusun - Quechua collao: fichas multinivel de Comunicación del 2° Secundaria (MINEDU) PDF,collao,language_communication,secondary,2,False,candidate,https://peru.librosminedu.com/2-rimanakusun-quechua-collao-fichas-multinivel-de-comunicacion-del-2/,"T'aqa 1 - 1, 2, 3 Llamk'ana raphiEIB - Quechua Collao · 56 páginas · 7,9 MB",,https://peru.librosminedu.com/pdf-2-rimanakusun-quechua-collao-fichas-multinivel-de-comunicacion-del-2-2/,15WyRME6hoWpEdI72t2zp2gInMuAkCcY5,downloaded,finetuning/reference-materials/peru-quechua/pdf/15WyRME6hoWpEdI72t2zp2gInMuAkCcY5.pdf,finetuning/reference-materials/peru-quechua/text/15WyRME6hoWpEdI72t2zp2gInMuAkCcY5.txt,extracted_unreviewed,56,8264731,5363,3886709feea8594bd9c3f17a6373500568529902aff1eff412f2c29930858bcb,,explicit_restriction_detected_review_required,False
book-eb8c0254c878,2 Rimanakusun - Quechua collao: fichas multinivel de Comunicación del 2° Secundaria (MINEDU) PDF,collao,language_communication,secondary,2,False,candidate,https://peru.librosminedu.com/2-rimanakusun-quechua-collao-fichas-multinivel-de-comunicacion-del-2/,"T'aqa 2 - 1, 2, 3 Llamk'ana raphiEIB - Quechua Collao · 56 páginas · 15,5 MB",,https://peru.librosminedu.com/pdf-2-rimanakusun-quechua-collao-fichas-multinivel-de-comunicacion-del-2-3/,106cw0Sn6B6aSLNW6hilEjE1ZXYV3qSio,downloaded,finetuning/reference-materials/peru-quechua/pdf/106cw0Sn6B6aSLNW6hilEjE1ZXYV3qSio.pdf,finetuning/reference-materials/peru-quechua/text/106cw0Sn6B6aSLNW6hilEjE1ZXYV3qSio.txt,extracted_unreviewed,56,16229418,4690,3886f7a32088dd9170664a1d97a78b5a66644da30d1b3aadb2f9d6480ab54dd6,,explicit_restriction_detected_review_required,False
book-eb8c0254c878,2 Rimanakusun - Quechua collao: fichas multinivel de Comunicación del 2° Secundaria (MINEDU) PDF,collao,language_communication,secondary,2,False,candidate,https://peru.librosminedu.com/2-rimanakusun-quechua-collao-fichas-multinivel-de-comunicacion-del-2/,"T'aqa 3 - 1, 2, 3 Llamk'ana raphiEIB - Quechua Collao · 56 páginas · 15,6 MB",,https://peru.librosminedu.com/pdf-2-rimanakusun-quechua-collao-fichas-multinivel-de-comunicacion-del-2-4/,1sxbkUOeKfRON7aOIbnA9N17dRdOzfQZn,downloaded,finetuning/reference-materials/peru-quechua/pdf/1sxbkUOeKfRON7aOIbnA9N17dRdOzfQZn.pdf,finetuning/reference-materials/peru-quechua/text/1sxbkUOeKfRON7aOIbnA9N17dRdOzfQZn.txt,extracted_unreviewed,56,16383690,4621,c7720983cf793916a9d6f7cd727a3513b92679538d8a047551dba1fa476f494e,,explicit_restriction_detected_review_required,False
book-eb8c0254c878,2 Rimanakusun - Quechua collao: fichas multinivel de Comunicación del 2° Secundaria (MINEDU) PDF,collao,language_communication,secondary,2,False,candidate,https://peru.librosminedu.com/2-rimanakusun-quechua-collao-fichas-multinivel-de-comunicacion-del-2/,"T'aqa 4 - 1, 2, 3 Llamk'ana raphiEIB - Quechua Collao · 56 páginas · 15,4 MB",,https://peru.librosminedu.com/pdf-2-rimanakusun-quechua-collao-fichas-multinivel-de-comunicacion-del-2-5/,1hVLQ7Npm9qYQSFslbbstNAfIl14n3gdS,downloaded,finetuning/reference-materials/peru-quechua/pdf/1hVLQ7Npm9qYQSFslbbstNAfIl14n3gdS.pdf,finetuning/reference-materials/peru-quechua/text/1hVLQ7Npm9qYQSFslbbstNAfIl14n3gdS.txt,extracted_unreviewed,56,16158170,5020,6c96678045a58858d3ec43a7ed9a43b3f4cc472727e96e78d8a0abad719c7bd9,,explicit_restriction_detected_review_required,False
book-e47d04966ffd,1 Rimanakusun - Quechua collao: fichas multinivel de Comunicación del 1° Secundaria (MINEDU) PDF,collao,language_communication,secondary,1,False,candidate,https://peru.librosminedu.com/1-rimanakusun-quechua-collao-fichas-multinivel-de-comunicacion-del-1/,"Llamk'ana raphi - Tupuna raphiEIB - Quechua Collao · 16 páginas · 7,0 MB",,https://peru.librosminedu.com/pdf-1-rimanakusun-quechua-collao-fichas-multinivel-de-comunicacion-del-1/,1sPD6k1pJDglAFPxBpkS8eTZYdxF8XwLJ,downloaded,finetuning/reference-materials/peru-quechua/pdf/1sPD6k1pJDglAFPxBpkS8eTZYdxF8XwLJ.pdf,finetuning/reference-materials/peru-quechua/text/1sPD6k1pJDglAFPxBpkS8eTZYdxF8XwLJ.txt,extracted_unreviewed,16,7283868,978,8ec2761dbb0727d0978eaeb9c9e2aa36594da062350f29f5063a67cce81e6880,,explicit_restriction_detected_review_required,False
book-e47d04966ffd,1 Rimanakusun - Quechua collao: fichas multinivel de Comunicación del 1° Secundaria (MINEDU) PDF,collao,language_communication,secondary,1,False,candidate,https://peru.librosminedu.com/1-rimanakusun-quechua-collao-fichas-multinivel-de-comunicacion-del-1/,"T'aqa 1 - , 2, 3 Llamk'ana raphiEIB - Quechua Collao · 56 páginas · 8,1 MB",,https://peru.librosminedu.com/pdf-1-rimanakusun-quechua-collao-fichas-multinivel-de-comunicacion-del-1-2/,11ws270OIURbl5NXQpEY5z-iFacxCk8mR,downloaded,finetuning/reference-materials/peru-quechua/pdf/11ws270OIURbl5NXQpEY5z-iFacxCk8mR.pdf,finetuning/reference-materials/peru-quechua/text/11ws270OIURbl5NXQpEY5z-iFacxCk8mR.txt,extracted_unreviewed,56,8540452,6020,215ac46419a5ce57b547ac7b09bb462b11bd66b885aabcadf86cd3a509f66f19,,explicit_restriction_detected_review_required,False
book-e47d04966ffd,1 Rimanakusun - Quechua collao: fichas multinivel de Comunicación del 1° Secundaria (MINEDU) PDF,collao,language_communication,secondary,1,False,candidate,https://peru.librosminedu.com/1-rimanakusun-quechua-collao-fichas-multinivel-de-comunicacion-del-1/,"T'aqa 2 - , 2, 3 Llamk'ana raphiEIB - Quechua Collao · 56 páginas · 8,0 MB",,https://peru.librosminedu.com/pdf-1-rimanakusun-quechua-collao-fichas-multinivel-de-comunicacion-del-1-3/,1QNEhiWYSEWDAuumQO5RNKZyYppi8jAqW,downloaded,finetuning/reference-materials/peru-quechua/pdf/1QNEhiWYSEWDAuumQO5RNKZyYppi8jAqW.pdf,finetuning/reference-materials/peru-quechua/text/1QNEhiWYSEWDAuumQO5RNKZyYppi8jAqW.txt,extracted_unreviewed,56,8397889,4072,7a88559bfa76bd0295ca19fa7799ff371fd82c2c41eef5e224d514ccfdd9ac36,,explicit_restriction_detected_review_required,False
book-e47d04966ffd,1 Rimanakusun - Quechua collao: fichas multinivel de Comunicación del 1° Secundaria (MINEDU) PDF,collao,language_communication,secondary,1,False,candidate,https://peru.librosminedu.com/1-rimanakusun-quechua-collao-fichas-multinivel-de-comunicacion-del-1/,"T'aqa 3 - , 2, 3 Llamk'ana raphiEIB - Quechua Collao · 56 páginas · 8,8 MB",,https://peru.librosminedu.com/pdf-1-rimanakusun-quechua-collao-fichas-multinivel-de-comunicacion-del-1-4/,1fiRDr9blO46ShCs8b5gOcNuRNZhvKKBF,downloaded,finetuning/reference-materials/peru-quechua/pdf/1fiRDr9blO46ShCs8b5gOcNuRNZhvKKBF.pdf,finetuning/reference-materials/peru-quechua/text/1fiRDr9blO46ShCs8b5gOcNuRNZhvKKBF.txt,extracted_unreviewed,56,9187874,4414,67afcf16c2f0661fb45902a983cfc953c8feba172625e575577f612f28380341,,explicit_restriction_detected_review_required,False
book-e47d04966ffd,1 Rimanakusun - Quechua collao: fichas multinivel de Comunicación del 1° Secundaria (MINEDU) PDF,collao,language_communication,secondary,1,False,candidate,https://peru.librosminedu.com/1-rimanakusun-quechua-collao-fichas-multinivel-de-comunicacion-del-1/,"T'aqa 4 - , 2, 3 Llamk'ana raphiEIB - Quechua Collao · 56 páginas · 7,8 MB",,https://peru.librosminedu.com/pdf-1-rimanakusun-quechua-collao-fichas-multinivel-de-comunicacion-del-1-5/,1HvKY-YWt2zUCcFwNslv54QZOytIWFZbK,downloaded,finetuning/reference-materials/peru-quechua/pdf/1HvKY-YWt2zUCcFwNslv54QZOytIWFZbK.pdf,finetuning/reference-materials/peru-quechua/text/1HvKY-YWt2zUCcFwNslv54QZOytIWFZbK.txt,extracted_unreviewed,56,8217193,4714,e4f8de662f615a784bb66940e6b650fe718c20879b42fb8f4180b98c23496589,,explicit_restriction_detected_review_required,False
book-8e30891606b5,Retahílas divertidas - Primaria - Quechua collao (MINEDU) PDF,collao,literature_readers,primary,,False,candidate,https://peru.librosminedu.com/retahilas-divertidas-primaria-quechua-collao/,"Edición 2026EIB - Quechua Collao · 40 páginas · 25,8 MB",2026,https://peru.librosminedu.com/pdf-retahilas-divertidas-primaria-quechua-collao/,1aFoQQ7UzYXfjlxwaN16T-qdlEMzWAaEC,downloaded,finetuning/reference-materials/peru-quechua/pdf/1aFoQQ7UzYXfjlxwaN16T-qdlEMzWAaEC.pdf,finetuning/reference-materials/peru-quechua/text/1aFoQQ7UzYXfjlxwaN16T-qdlEMzWAaEC.txt,extracted_unreviewed,40,27042694,2536,1ba37625455eacaa05b701cee910adc9b05d2a3c8d47bb2de552e144efd0c437,,explicit_restriction_detected_review_required,False
book-b57f41aaf630,6 Yachaykunata taripasun - Quechua collao: fichas multinivel de Comunicación del 6° Primaria (MINEDU) PDF,collao,language_communication,primary,6,False,candidate,https://peru.librosminedu.com/6-yachaykunata-taripasun-quechua-collao-fichas-multinivel-de/,"Tupunapaq raphiEIB - Quechua Collao · 12 páginas · 7,2 MB",,https://peru.librosminedu.com/pdf-6-yachaykunata-taripasun-quechua-collao-fichas-multinivel-de/,1zXWCKE0G9mi7xdmr4nr_v7BWdLoHPzFX,downloaded,finetuning/reference-materials/peru-quechua/pdf/1zXWCKE0G9mi7xdmr4nr_v7BWdLoHPzFX.pdf,finetuning/reference-materials/peru-quechua/text/1zXWCKE0G9mi7xdmr4nr_v7BWdLoHPzFX.txt,extracted_unreviewed,12,7571795,1100,718d7dc002cd4b13fee02726e5730b5763c31bf71b7a4057908e8a616ac0cba9,,explicit_restriction_detected_review_required,False
book-b57f41aaf630,6 Yachaykunata taripasun - Quechua collao: fichas multinivel de Comunicación del 6° Primaria (MINEDU) PDF,collao,language_communication,primary,6,False,candidate,https://peru.librosminedu.com/6-yachaykunata-taripasun-quechua-collao-fichas-multinivel-de/,"T'aqa 1 - Llamk'anapaq raphi 1EIB - Quechua Collao · 20 páginas · 7,5 MB",,https://peru.librosminedu.com/pdf-6-yachaykunata-taripasun-quechua-collao-fichas-multinivel-de-2/,1JK9T0SiotQVD7BS-QVqCMximSalSpMCo,downloaded,finetuning/reference-materials/peru-quechua/pdf/1JK9T0SiotQVD7BS-QVqCMximSalSpMCo.pdf,finetuning/reference-materials/peru-quechua/text/1JK9T0SiotQVD7BS-QVqCMximSalSpMCo.txt,extracted_unreviewed,20,7869836,1932,9b52ddd035aef12da16d020b5052bba8318e9d865d602bf6486a84032594971d,,explicit_restriction_detected_review_required,False
book-b57f41aaf630,6 Yachaykunata taripasun - Quechua collao: fichas multinivel de Comunicación del 6° Primaria (MINEDU) PDF,collao,language_communication,primary,6,False,candidate,https://peru.librosminedu.com/6-yachaykunata-taripasun-quechua-collao-fichas-multinivel-de/,"T'aqa 1 - Llamk'anapaq raphi 2EIB - Quechua Collao · 20 páginas · 7,3 MB",,https://peru.librosminedu.com/pdf-6-yachaykunata-taripasun-quechua-collao-fichas-multinivel-de-3/,1XngQrYUAEDvBLuBIgyS79ED0D-BKew0d,downloaded,finetuning/reference-materials/peru-quechua/pdf/1XngQrYUAEDvBLuBIgyS79ED0D-BKew0d.pdf,finetuning/reference-materials/peru-quechua/text/1XngQrYUAEDvBLuBIgyS79ED0D-BKew0d.txt,extracted_unreviewed,20,7696537,2275,7b94e7c0c2f3fb323e8803c2e3f57b8930445960545f092bb8389e68dc41ec19,,explicit_restriction_detected_review_required,False
book-b57f41aaf630,6 Yachaykunata taripasun - Quechua collao: fichas multinivel de Comunicación del 6° Primaria (MINEDU) PDF,collao,language_communication,primary,6,False,candidate,https://peru.librosminedu.com/6-yachaykunata-taripasun-quechua-collao-fichas-multinivel-de/,"T'aqa 1 - Llamk'anapaq raphi 3EIB - Quechua Collao · 20 páginas · 7,5 MB",,https://peru.librosminedu.com/pdf-6-yachaykunata-taripasun-quechua-collao-fichas-multinivel-de-4/,13PjPwl3Ppgk4Tw95MAIJ8DBKVUE0bf4n,downloaded,finetuning/reference-materials/peru-quechua/pdf/13PjPwl3Ppgk4Tw95MAIJ8DBKVUE0bf4n.pdf,finetuning/reference-materials/peru-quechua/text/13PjPwl3Ppgk4Tw95MAIJ8DBKVUE0bf4n.txt,extracted_unreviewed,20,7825907,2475,7045fb21123fa38876a8e7833f8d010e550fa7df53558eeefc5c38d66d3b99dc,,explicit_restriction_detected_review_required,False
book-b57f41aaf630,6 Yachaykunata taripasun - Quechua collao: fichas multinivel de Comunicación del 6° Primaria (MINEDU) PDF,collao,language_communication,primary,6,False,candidate,https://peru.librosminedu.com/6-yachaykunata-taripasun-quechua-collao-fichas-multinivel-de/,"T'aqa 2 - Llamk'anapaq raphi 1EIB - Quechua Collao · 20 páginas · 7,4 MB",,https://peru.librosminedu.com/pdf-6-yachaykunata-taripasun-quechua-collao-fichas-multinivel-de-5/,1vZN1xFfC4aZxnBpP8SQKJu0WETkIMwp9,downloaded,finetuning/reference-materials/peru-quechua/pdf/1vZN1xFfC4aZxnBpP8SQKJu0WETkIMwp9.pdf,finetuning/reference-materials/peru-quechua/text/1vZN1xFfC4aZxnBpP8SQKJu0WETkIMwp9.txt,extracted_unreviewed,20,7780520,2134,f0bc32768f303f54efbb7a1970219d0a5cd0bee94441fccb1d6a21aa86e37e75,,explicit_restriction_detected_review_required,False
book-b57f41aaf630,6 Yachaykunata taripasun - Quechua collao: fichas multinivel de Comunicación del 6° Primaria (MINEDU) PDF,collao,language_communication,primary,6,False,candidate,https://peru.librosminedu.com/6-yachaykunata-taripasun-quechua-collao-fichas-multinivel-de/,"T'aqa 2 - Llamk'anapaq raphi 2EIB - Quechua Collao · 20 páginas · 7,0 MB",,https://peru.librosminedu.com/pdf-6-yachaykunata-taripasun-quechua-collao-fichas-multinivel-de-6/,1_1PQbqZFhsSeT4PaUTslvZB2jfH7E_pc,downloaded,finetuning/reference-materials/peru-quechua/pdf/1_1PQbqZFhsSeT4PaUTslvZB2jfH7E_pc.pdf,finetuning/reference-materials/peru-quechua/text/1_1PQbqZFhsSeT4PaUTslvZB2jfH7E_pc.txt,extracted_unreviewed,20,7282957,2439,7245d0f72b4bae87128017c759eaaf113afead8b990eeecca9a038db1cabe981,,explicit_restriction_detected_review_required,False
book-b57f41aaf630,6 Yachaykunata taripasun - Quechua collao: fichas multinivel de Comunicación del 6° Primaria (MINEDU) PDF,collao,language_communication,primary,6,False,candidate,https://peru.librosminedu.com/6-yachaykunata-taripasun-quechua-collao-fichas-multinivel-de/,"T'aqa 2 - Llamk'anapaq raphi 3EIB - Quechua Collao · 20 páginas · 7,1 MB",,https://peru.librosminedu.com/pdf-6-yachaykunata-taripasun-quechua-collao-fichas-multinivel-de-7/,1_IPrJsjv7LLaqcEGi4ooarAh3kUkajAm,downloaded,finetuning/reference-materials/peru-quechua/pdf/1_IPrJsjv7LLaqcEGi4ooarAh3kUkajAm.pdf,finetuning/reference-materials/peru-quechua/text/1_IPrJsjv7LLaqcEGi4ooarAh3kUkajAm.txt,extracted_unreviewed,20,7457677,2367,a8018c06deea525b6964a4936d8595714b27e0a6d219cf6a58d701b9375622b9,,explicit_restriction_detected_review_required,False
book-b57f41aaf630,6 Yachaykunata taripasun - Quechua collao: fichas multinivel de Comunicación del 6° Primaria (MINEDU) PDF,collao,language_communication,primary,6,False,candidate,https://peru.librosminedu.com/6-yachaykunata-taripasun-quechua-collao-fichas-multinivel-de/,"T'aqa 3 - Llamk'anapaq raphi 1EIB - Quechua Collao · 20 páginas · 7,4 MB",,https://peru.librosminedu.com/pdf-6-yachaykunata-taripasun-quechua-collao-fichas-multinivel-de-8/,1cN_OOVnotCnvDINhEiLyrwqQyZySkun3,downloaded,finetuning/reference-materials/peru-quechua/pdf/1cN_OOVnotCnvDINhEiLyrwqQyZySkun3.pdf,finetuning/reference-materials/peru-quechua/text/1cN_OOVnotCnvDINhEiLyrwqQyZySkun3.txt,extracted_unreviewed,20,7789255,2432,e92eeb9fd169e8f946edc93f90e17d13600239b41f83d8029ae56b84f6d0e871,,explicit_restriction_detected_review_required,False
book-b57f41aaf630,6 Yachaykunata taripasun - Quechua collao: fichas multinivel de Comunicación del 6° Primaria (MINEDU) PDF,collao,language_communication,primary,6,False,candidate,https://peru.librosminedu.com/6-yachaykunata-taripasun-quechua-collao-fichas-multinivel-de/,"T'aqa 3 - Llamk'anapaq raphi 2EIB - Quechua Collao · 20 páginas · 7,5 MB",,https://peru.librosminedu.com/pdf-6-yachaykunata-taripasun-quechua-collao-fichas-multinivel-de-9/,18GCtmBefdYRBDmeTF6LuAeW9NQGvULT9,downloaded,finetuning/reference-materials/peru-quechua/pdf/18GCtmBefdYRBDmeTF6LuAeW9NQGvULT9.pdf,finetuning/reference-materials/peru-quechua/text/18GCtmBefdYRBDmeTF6LuAeW9NQGvULT9.txt,extracted_unreviewed,20,7912246,2549,511d99de8a939423ff1ee1ffcdbac5beecf65c82e32b55a0d953fc7bd456ca88,,explicit_restriction_detected_review_required,False
book-b57f41aaf630,6 Yachaykunata taripasun - Quechua collao: fichas multinivel de Comunicación del 6° Primaria (MINEDU) PDF,collao,language_communication,primary,6,False,candidate,https://peru.librosminedu.com/6-yachaykunata-taripasun-quechua-collao-fichas-multinivel-de/,"T'aqa 3 - Llamk'anapaq raphi 3EIB - Quechua Collao · 20 páginas · 6,9 MB",,https://peru.librosminedu.com/pdf-6-yachaykunata-taripasun-quechua-collao-fichas-multinivel-de-10/,1A2kILqVJ4Ym67CVDHF2ruFUKpDs6j4b8,downloaded,finetuning/reference-materials/peru-quechua/pdf/1A2kILqVJ4Ym67CVDHF2ruFUKpDs6j4b8.pdf,finetuning/reference-materials/peru-quechua/text/1A2kILqVJ4Ym67CVDHF2ruFUKpDs6j4b8.txt,extracted_unreviewed,20,7254529,2735,4a9f10c5346bdbeef786abba9e6fd211817d50798f345867751d864eea9a46e7,,explicit_restriction_detected_review_required,False
book-b57f41aaf630,6 Yachaykunata taripasun - Quechua collao: fichas multinivel de Comunicación del 6° Primaria (MINEDU) PDF,collao,language_communication,primary,6,False,candidate,https://peru.librosminedu.com/6-yachaykunata-taripasun-quechua-collao-fichas-multinivel-de/,"T'aqa 4 - Llamk'anapaq raphi 1EIB - Quechua Collao · 20 páginas · 7,8 MB",,https://peru.librosminedu.com/pdf-6-yachaykunata-taripasun-quechua-collao-fichas-multinivel-de-11/,1ckAI7bqOGnrA-uJwW1BsYuElvgs4qPMY,downloaded,finetuning/reference-materials/peru-quechua/pdf/1ckAI7bqOGnrA-uJwW1BsYuElvgs4qPMY.pdf,finetuning/reference-materials/peru-quechua/text/1ckAI7bqOGnrA-uJwW1BsYuElvgs4qPMY.txt,extracted_unreviewed,20,8206125,1724,a9f4682701d21471c7c51358cef70379bd55745298f6c5614b7908c62af570fc,,explicit_restriction_detected_review_required,False
book-b57f41aaf630,6 Yachaykunata taripasun - Quechua collao: fichas multinivel de Comunicación del 6° Primaria (MINEDU) PDF,collao,language_communication,primary,6,False,candidate,https://peru.librosminedu.com/6-yachaykunata-taripasun-quechua-collao-fichas-multinivel-de/,"T'aqa 4 - Llamk'anapaq raphi 2EIB - Quechua Collao · 20 páginas · 7,0 MB",,https://peru.librosminedu.com/pdf-6-yachaykunata-taripasun-quechua-collao-fichas-multinivel-de-12/,149pEPC6mrgMu8dsqwgISzT5IM-c0OQFp,downloaded,finetuning/reference-materials/peru-quechua/pdf/149pEPC6mrgMu8dsqwgISzT5IM-c0OQFp.pdf,finetuning/reference-materials/peru-quechua/text/149pEPC6mrgMu8dsqwgISzT5IM-c0OQFp.txt,extracted_unreviewed,20,7390957,1928,5b5a80fdc9ea6cbee517c93127b071d71107a8c923f415b3aaf74e04a7c6e423,,explicit_restriction_detected_review_required,False
book-b57f41aaf630,6 Yachaykunata taripasun - Quechua collao: fichas multinivel de Comunicación del 6° Primaria (MINEDU) PDF,collao,language_communication,primary,6,False,candidate,https://peru.librosminedu.com/6-yachaykunata-taripasun-quechua-collao-fichas-multinivel-de/,"T'aqa 4 - Llamk'anapaq raphi 3EIB - Quechua Collao · 20 páginas · 7,0 MB",,https://peru.librosminedu.com/pdf-6-yachaykunata-taripasun-quechua-collao-fichas-multinivel-de-13/,1U_94RTxc7xc5u-eKqsvHMlYPZvQfIhGa,downloaded,finetuning/reference-materials/peru-quechua/pdf/1U_94RTxc7xc5u-eKqsvHMlYPZvQfIhGa.pdf,finetuning/reference-materials/peru-quechua/text/1U_94RTxc7xc5u-eKqsvHMlYPZvQfIhGa.txt,extracted_unreviewed,20,7374321,2600,a445aeaa03a35f4b85856216be173762da9126464e84c4ec9e0e6d471d31e714,,explicit_restriction_detected_review_required,False
book-1a62bacb136d,5 Yachaykunata taripasun - Quechua collao: fichas multinivel de Comunicación del 5° Primaria (MINEDU) PDF,collao,language_communication,primary,5,False,candidate,https://peru.librosminedu.com/5-yachaykunata-taripasun-quechua-collao-fichas-multinivel-de/,"Tupunapaq raphiEIB - Quechua Collao · 12 páginas · 7,2 MB",,https://peru.librosminedu.com/pdf-5-yachaykunata-taripasun-quechua-collao-fichas-multinivel-de/,1QQxGkd4jpKr92xHMA_rAm8dHQw2Xkz3s,downloaded,finetuning/reference-materials/peru-quechua/pdf/1QQxGkd4jpKr92xHMA_rAm8dHQw2Xkz3s.pdf,finetuning/reference-materials/peru-quechua/text/1QQxGkd4jpKr92xHMA_rAm8dHQw2Xkz3s.txt,extracted_unreviewed,12,7577660,1114,219149997583a2f7d4aee34c73ecbd6f47ff1e1786dec9b30e3c31e5ab8f00e4,,explicit_restriction_detected_review_required,False
book-1a62bacb136d,5 Yachaykunata taripasun - Quechua collao: fichas multinivel de Comunicación del 5° Primaria (MINEDU) PDF,collao,language_communication,primary,5,False,candidate,https://peru.librosminedu.com/5-yachaykunata-taripasun-quechua-collao-fichas-multinivel-de/,"T'aqa 1 - Llamk'anapaq raphi 1EIB - Quechua Collao · 20 páginas · 7,5 MB",,https://peru.librosminedu.com/pdf-5-yachaykunata-taripasun-quechua-collao-fichas-multinivel-de-2/,1EB-ASr0nRkAX-FbH9zRfN2Lr78pvUqcF,downloaded,finetuning/reference-materials/peru-quechua/pdf/1EB-ASr0nRkAX-FbH9zRfN2Lr78pvUqcF.pdf,finetuning/reference-materials/peru-quechua/text/1EB-ASr0nRkAX-FbH9zRfN2Lr78pvUqcF.txt,extracted_unreviewed,20,7863070,1959,fc56a46b50de93e31e919522aa3c30680c781520d2a989050befeab858aaa014,,explicit_restriction_detected_review_required,False
book-1a62bacb136d,5 Yachaykunata taripasun - Quechua collao: fichas multinivel de Comunicación del 5° Primaria (MINEDU) PDF,collao,language_communication,primary,5,False,candidate,https://peru.librosminedu.com/5-yachaykunata-taripasun-quechua-collao-fichas-multinivel-de/,"T'aqa 1 - Llamk'anapaq raphi 2EIB - Quechua Collao · 20 páginas · 7,6 MB",,https://peru.librosminedu.com/pdf-5-yachaykunata-taripasun-quechua-collao-fichas-multinivel-de-3/,1B-RR40eo9AJ_aMtooYHEFU_fN3AoDTwY,downloaded,finetuning/reference-materials/peru-quechua/pdf/1B-RR40eo9AJ_aMtooYHEFU_fN3AoDTwY.pdf,finetuning/reference-materials/peru-quechua/text/1B-RR40eo9AJ_aMtooYHEFU_fN3AoDTwY.txt,extracted_unreviewed,20,7938328,2098,d7814f986bc19746d2b7d1f2e0381caeab631652ed4e4e93e9b41e00b22e54dc,,explicit_restriction_detected_review_required,False
book-1a62bacb136d,5 Yachaykunata taripasun - Quechua collao: fichas multinivel de Comunicación del 5° Primaria (MINEDU) PDF,collao,language_communication,primary,5,False,candidate,https://peru.librosminedu.com/5-yachaykunata-taripasun-quechua-collao-fichas-multinivel-de/,"T'aqa 1 - Llamk'anapaq raphi 3EIB - Quechua Collao · 20 páginas · 7,4 MB",,https://peru.librosminedu.com/pdf-5-yachaykunata-taripasun-quechua-collao-fichas-multinivel-de-4/,1LvebPLqC_jmubw1Uxu2YdSKQ3YaMUtVY,downloaded,finetuning/reference-materials/peru-quechua/pdf/1LvebPLqC_jmubw1Uxu2YdSKQ3YaMUtVY.pdf,finetuning/reference-materials/peru-quechua/text/1LvebPLqC_jmubw1Uxu2YdSKQ3YaMUtVY.txt,extracted_unreviewed,20,7750908,2329,734680c66c820b6627f797e10d94d13f285bb35efa46a2e4d664dcbeca6ac653,,explicit_restriction_detected_review_required,False
book-1a62bacb136d,5 Yachaykunata taripasun - Quechua collao: fichas multinivel de Comunicación del 5° Primaria (MINEDU) PDF,collao,language_communication,primary,5,False,candidate,https://peru.librosminedu.com/5-yachaykunata-taripasun-quechua-collao-fichas-multinivel-de/,"T'aqa 2 - Llamk'anapaq raphi 1EIB - Quechua Collao · 20 páginas · 7,4 MB",,https://peru.librosminedu.com/pdf-5-yachaykunata-taripasun-quechua-collao-fichas-multinivel-de-5/,1sKRWAX8U4Tx3RC2lMo0Vycm4zIoCGRjq,downloaded,finetuning/reference-materials/peru-quechua/pdf/1sKRWAX8U4Tx3RC2lMo0Vycm4zIoCGRjq.pdf,finetuning/reference-materials/peru-quechua/text/1sKRWAX8U4Tx3RC2lMo0Vycm4zIoCGRjq.txt,extracted_unreviewed,20,7765633,2005,09cb74e819b0f12dc8525539b2850139e0bec87fb14b831fe6d8f66442800a1a,,explicit_restriction_detected_review_required,False
book-1a62bacb136d,5 Yachaykunata taripasun - Quechua collao: fichas multinivel de Comunicación del 5° Primaria (MINEDU) PDF,collao,language_communication,primary,5,False,candidate,https://peru.librosminedu.com/5-yachaykunata-taripasun-quechua-collao-fichas-multinivel-de/,"T'aqa 2 - Llamk'anapaq raphi 2EIB - Quechua Collao · 20 páginas · 7,0 MB",,https://peru.librosminedu.com/pdf-5-yachaykunata-taripasun-quechua-collao-fichas-multinivel-de-6/,18WYRL2cj2HczDn8RyECmUpw6c3PCWNKp,downloaded,finetuning/reference-materials/peru-quechua/pdf/18WYRL2cj2HczDn8RyECmUpw6c3PCWNKp.pdf,finetuning/reference-materials/peru-quechua/text/18WYRL2cj2HczDn8RyECmUpw6c3PCWNKp.txt,extracted_unreviewed,20,7351607,2357,d7654abba6de0130b4363798ce59e54f7f5fa04e8d1e4aab5cb5a81c73938c0e,,explicit_restriction_detected_review_required,False
book-1a62bacb136d,5 Yachaykunata taripasun - Quechua collao: fichas multinivel de Comunicación del 5° Primaria (MINEDU) PDF,collao,language_communication,primary,5,False,candidate,https://peru.librosminedu.com/5-yachaykunata-taripasun-quechua-collao-fichas-multinivel-de/,"T'aqa 2 - Llamk'anapaq raphi 3EIB - Quechua Collao · 20 páginas · 7,1 MB",,https://peru.librosminedu.com/pdf-5-yachaykunata-taripasun-quechua-collao-fichas-multinivel-de-7/,129AvoPqe58t-zA2pjVoYh92LH2J8Y312,downloaded,finetuning/reference-materials/peru-quechua/pdf/129AvoPqe58t-zA2pjVoYh92LH2J8Y312.pdf,finetuning/reference-materials/peru-quechua/text/129AvoPqe58t-zA2pjVoYh92LH2J8Y312.txt,extracted_unreviewed,20,7425449,2609,8329a8c8a50ba838e62b857a18f2bcd817dbb09b5e00c5d73bf19a4474777e33,,explicit_restriction_detected_review_required,False
book-1a62bacb136d,5 Yachaykunata taripasun - Quechua collao: fichas multinivel de Comunicación del 5° Primaria (MINEDU) PDF,collao,language_communication,primary,5,False,candidate,https://peru.librosminedu.com/5-yachaykunata-taripasun-quechua-collao-fichas-multinivel-de/,"T'aqa 3 - Llamk'anapaq raphi 1EIB - Quechua Collao · 20 páginas · 7,4 MB",,https://peru.librosminedu.com/pdf-5-yachaykunata-taripasun-quechua-collao-fichas-multinivel-de-8/,1MM5hQsyju2L00-WdfQk9Hv3LJdqVBQDs,downloaded,finetuning/reference-materials/peru-quechua/pdf/1MM5hQsyju2L00-WdfQk9Hv3LJdqVBQDs.pdf,finetuning/reference-materials/peru-quechua/text/1MM5hQsyju2L00-WdfQk9Hv3LJdqVBQDs.txt,extracted_unreviewed,20,7744273,2255,3cdfd65ea335188d5b054799ab1eec91497cbf7c207255c9b1ec1fc2eebf2403,,explicit_restriction_detected_review_required,False
book-1a62bacb136d,5 Yachaykunata taripasun - Quechua collao: fichas multinivel de Comunicación del 5° Primaria (MINEDU) PDF,collao,language_communication,primary,5,False,candidate,https://peru.librosminedu.com/5-yachaykunata-taripasun-quechua-collao-fichas-multinivel-de/,"T'aqa 3 - Llamk'anapaq raphi 2EIB - Quechua Collao · 20 páginas · 7,3 MB",,https://peru.librosminedu.com/pdf-5-yachaykunata-taripasun-quechua-collao-fichas-multinivel-de-9/,126-6htFnscymVHY5Wxg6L0siWXvs1aY9,downloaded,finetuning/reference-materials/peru-quechua/pdf/126-6htFnscymVHY5Wxg6L0siWXvs1aY9.pdf,finetuning/reference-materials/peru-quechua/text/126-6htFnscymVHY5Wxg6L0siWXvs1aY9.txt,extracted_unreviewed,20,7652870,2468,50a274ea948ffdbbdee96d902d43646c2b0d6d3762a60139110152b4a1c7c6fd,,explicit_restriction_detected_review_required,False
book-1a62bacb136d,5 Yachaykunata taripasun - Quechua collao: fichas multinivel de Comunicación del 5° Primaria (MINEDU) PDF,collao,language_communication,primary,5,False,candidate,https://peru.librosminedu.com/5-yachaykunata-taripasun-quechua-collao-fichas-multinivel-de/,"T'aqa 3 - Llamk'anapaq raphi 3EIB - Quechua Collao · 20 páginas · 7,4 MB",,https://peru.librosminedu.com/pdf-5-yachaykunata-taripasun-quechua-collao-fichas-multinivel-de-10/,1PyFshV1pre5aon84CDe4kTuIP3VYITh_,downloaded,finetuning/reference-materials/peru-quechua/pdf/1PyFshV1pre5aon84CDe4kTuIP3VYITh_.pdf,finetuning/reference-materials/peru-quechua/text/1PyFshV1pre5aon84CDe4kTuIP3VYITh_.txt,extracted_unreviewed,20,7805418,2611,967e4c0c763cf0bb882cfc47d46972b23bdecb0d7444bfeaca1b81b76f1af6dc,,explicit_restriction_detected_review_required,False
book-1a62bacb136d,5 Yachaykunata taripasun - Quechua collao: fichas multinivel de Comunicación del 5° Primaria (MINEDU) PDF,collao,language_communication,primary,5,False,candidate,https://peru.librosminedu.com/5-yachaykunata-taripasun-quechua-collao-fichas-multinivel-de/,"T'aqa 4 - Llamk'anapaq raphi 1EIB - Quechua Collao · 20 páginas · 7,6 MB",,https://peru.librosminedu.com/pdf-5-yachaykunata-taripasun-quechua-collao-fichas-multinivel-de-11/,1Qwh7bWjsmqUPB2KPa_sFLTnUaLufi5DO,downloaded,finetuning/reference-materials/peru-quechua/pdf/1Qwh7bWjsmqUPB2KPa_sFLTnUaLufi5DO.pdf,finetuning/reference-materials/peru-quechua/text/1Qwh7bWjsmqUPB2KPa_sFLTnUaLufi5DO.txt,extracted_unreviewed,20,7975502,1779,b53ddca996001ce25b764ca2fbc30723d47000f2e7bffadc84cc7151277e44aa,,explicit_restriction_detected_review_required,False
book-1a62bacb136d,5 Yachaykunata taripasun - Quechua collao: fichas multinivel de Comunicación del 5° Primaria (MINEDU) PDF,collao,language_communication,primary,5,False,candidate,https://peru.librosminedu.com/5-yachaykunata-taripasun-quechua-collao-fichas-multinivel-de/,"T'aqa 4 - Llamk'anapaq raphi 2EIB - Quechua Collao · 20 páginas · 7,5 MB",,https://peru.librosminedu.com/pdf-5-yachaykunata-taripasun-quechua-collao-fichas-multinivel-de-12/,1xCOENju7m7fwFdgPV93bBDv_g7lHr4Eb,downloaded,finetuning/reference-materials/peru-quechua/pdf/1xCOENju7m7fwFdgPV93bBDv_g7lHr4Eb.pdf,finetuning/reference-materials/peru-quechua/text/1xCOENju7m7fwFdgPV93bBDv_g7lHr4Eb.txt,extracted_unreviewed,20,7849076,2034,7df0255bcd198021da7cfcfeae322a174a331171cd320e1763ce12295105a7a6,,explicit_restriction_detected_review_required,False
book-1a62bacb136d,5 Yachaykunata taripasun - Quechua collao: fichas multinivel de Comunicación del 5° Primaria (MINEDU) PDF,collao,language_communication,primary,5,False,candidate,https://peru.librosminedu.com/5-yachaykunata-taripasun-quechua-collao-fichas-multinivel-de/,"T'aqa 4 - Llamk'anapaq raphi 3EIB - Quechua Collao · 20 páginas · 7,1 MB",,https://peru.librosminedu.com/pdf-5-yachaykunata-taripasun-quechua-collao-fichas-multinivel-de-13/,1BFRZNpM4xX3u37fkuKtN6sj0qXkqkYC_,downloaded,finetuning/reference-materials/peru-quechua/pdf/1BFRZNpM4xX3u37fkuKtN6sj0qXkqkYC_.pdf,finetuning/reference-materials/peru-quechua/text/1BFRZNpM4xX3u37fkuKtN6sj0qXkqkYC_.txt,extracted_unreviewed,20,7401502,2478,a166057b1c598cdc9673793625ec99dfbb3f0f7ec9842170416a61b81c124ce8,,explicit_restriction_detected_review_required,False
book-ff2700e3f9b5,4 Yachaykunata taripasun - Quechua collao: fichas multinivel de Comunicación del 4° Primaria (MINEDU) PDF,collao,language_communication,primary,4,False,candidate,https://peru.librosminedu.com/4-yachaykunata-taripasun-quechua-collao-fichas-multinivel-de/,"T'aqa 1 - Llamk'anapaq raphi 1EIB - Quechua Collao · 20 páginas · 7,2 MB",,https://peru.librosminedu.com/pdf-4-yachaykunata-taripasun-quechua-collao-fichas-multinivel-de-2/,1wEpnD5BGCFez5rJKY0GV5aA2rPgvy9xY,downloaded,finetuning/reference-materials/peru-quechua/pdf/1wEpnD5BGCFez5rJKY0GV5aA2rPgvy9xY.pdf,finetuning/reference-materials/peru-quechua/text/1wEpnD5BGCFez5rJKY0GV5aA2rPgvy9xY.txt,extracted_unreviewed,20,7569991,1908,73fc2d0ddad14113c8a61fac02c541a5f557dbd53b9f2b7e47d5b00447920c47,,explicit_restriction_detected_review_required,False
book-ff2700e3f9b5,4 Yachaykunata taripasun - Quechua collao: fichas multinivel de Comunicación del 4° Primaria (MINEDU) PDF,collao,language_communication,primary,4,False,candidate,https://peru.librosminedu.com/4-yachaykunata-taripasun-quechua-collao-fichas-multinivel-de/,"T'aqa 1 - Llamk'anapaq raphi 2EIB - Quechua Collao · 20 páginas · 7,2 MB",,https://peru.librosminedu.com/pdf-4-yachaykunata-taripasun-quechua-collao-fichas-multinivel-de-3/,1C5Yak9hIPbFK4b6GIhxiNYyOto2VsF3q,downloaded,finetuning/reference-materials/peru-quechua/pdf/1C5Yak9hIPbFK4b6GIhxiNYyOto2VsF3q.pdf,finetuning/reference-materials/peru-quechua/text/1C5Yak9hIPbFK4b6GIhxiNYyOto2VsF3q.txt,extracted_unreviewed,20,7508078,2085,981be13fc1369b03a91673d0590c1b7dec37bb7d0f95813e06115978fee2f304,,explicit_restriction_detected_review_required,False
book-ff2700e3f9b5,4 Yachaykunata taripasun - Quechua collao: fichas multinivel de Comunicación del 4° Primaria (MINEDU) PDF,collao,language_communication,primary,4,False,candidate,https://peru.librosminedu.com/4-yachaykunata-taripasun-quechua-collao-fichas-multinivel-de/,"T'aqa 2 - Llamk'anapaq raphi 1EIB - Quechua Collao · 20 páginas · 7,1 MB",,https://peru.librosminedu.com/pdf-4-yachaykunata-taripasun-quechua-collao-fichas-multinivel-de-4/,1CIa8YQ_gY7t9gBNAQA6XMj_d1bgp7BY7,downloaded,finetuning/reference-materials/peru-quechua/pdf/1CIa8YQ_gY7t9gBNAQA6XMj_d1bgp7BY7.pdf,finetuning/reference-materials/peru-quechua/text/1CIa8YQ_gY7t9gBNAQA6XMj_d1bgp7BY7.txt,extracted_unreviewed,20,7491814,2270,421a7f221805bde9b6f8f5b85e5e9392e290e67d216b5d90adc28f311099fa81,,explicit_restriction_detected_review_required,False
book-ff2700e3f9b5,4 Yachaykunata taripasun - Quechua collao: fichas multinivel de Comunicación del 4° Primaria (MINEDU) PDF,collao,language_communication,primary,4,False,candidate,https://peru.librosminedu.com/4-yachaykunata-taripasun-quechua-collao-fichas-multinivel-de/,"T'aqa 2 - Llamk'anapaq raphi 2EIB - Quechua Collao · 20 páginas · 7,3 MB",,https://peru.librosminedu.com/pdf-4-yachaykunata-taripasun-quechua-collao-fichas-multinivel-de-5/,1qoYUSFzPkR75BbvieQyLRq1wZrWro9dN,downloaded,finetuning/reference-materials/peru-quechua/pdf/1qoYUSFzPkR75BbvieQyLRq1wZrWro9dN.pdf,finetuning/reference-materials/peru-quechua/text/1qoYUSFzPkR75BbvieQyLRq1wZrWro9dN.txt,extracted_unreviewed,20,7706637,2292,7b99ce7e09b8195c2da10781f3b89207b31b89f1f7c4e2581a2efe3b22230d57,,explicit_restriction_detected_review_required,False
book-ff2700e3f9b5,4 Yachaykunata taripasun - Quechua collao: fichas multinivel de Comunicación del 4° Primaria (MINEDU) PDF,collao,language_communication,primary,4,False,candidate,https://peru.librosminedu.com/4-yachaykunata-taripasun-quechua-collao-fichas-multinivel-de/,"T'aqa 3 - Llamk'anapaq raphi 1EIB - Quechua Collao · 20 páginas · 7,2 MB",,https://peru.librosminedu.com/pdf-4-yachaykunata-taripasun-quechua-collao-fichas-multinivel-de-6/,1JJYHvpTeJxezAB9QHEl-wJhA5cQ_xmd-,downloaded,finetuning/reference-materials/peru-quechua/pdf/1JJYHvpTeJxezAB9QHEl-wJhA5cQ_xmd-.pdf,finetuning/reference-materials/peru-quechua/text/1JJYHvpTeJxezAB9QHEl-wJhA5cQ_xmd-.txt,extracted_unreviewed,20,7570154,2242,a5c0cb2a0404ea6b93e90b680e4b55412451b7428ee0f0e6c1f45eba094cbeb1,,explicit_restriction_detected_review_required,False
book-ff2700e3f9b5,4 Yachaykunata taripasun - Quechua collao: fichas multinivel de Comunicación del 4° Primaria (MINEDU) PDF,collao,language_communication,primary,4,False,candidate,https://peru.librosminedu.com/4-yachaykunata-taripasun-quechua-collao-fichas-multinivel-de/,"T'aqa 3 - Llamk'anapaq raphi 2EIB - Quechua Collao · 20 páginas · 7,0 MB",,https://peru.librosminedu.com/pdf-4-yachaykunata-taripasun-quechua-collao-fichas-multinivel-de-7/,1IeLAFxLkYGBZmIg77qIHAdYBYmjVt-Br,downloaded,finetuning/reference-materials/peru-quechua/pdf/1IeLAFxLkYGBZmIg77qIHAdYBYmjVt-Br.pdf,finetuning/reference-materials/peru-quechua/text/1IeLAFxLkYGBZmIg77qIHAdYBYmjVt-Br.txt,extracted_unreviewed,20,7325083,2505,de36725f5a851a5fe3d3c91499a6f32db1d209d1c8147571e0af454655908453,,explicit_restriction_detected_review_required,False
book-ff2700e3f9b5,4 Yachaykunata taripasun - Quechua collao: fichas multinivel de Comunicación del 4° Primaria (MINEDU) PDF,collao,language_communication,primary,4,False,candidate,https://peru.librosminedu.com/4-yachaykunata-taripasun-quechua-collao-fichas-multinivel-de/,"T'aqa 4 - Llamk'anapaq raphi 1EIB - Quechua Collao · 20 páginas · 7,4 MB",,https://peru.librosminedu.com/pdf-4-yachaykunata-taripasun-quechua-collao-fichas-multinivel-de-8/,1aJZntnefGK1aZlm0TJ98D5rsb6dWFsOn,downloaded,finetuning/reference-materials/peru-quechua/pdf/1aJZntnefGK1aZlm0TJ98D5rsb6dWFsOn.pdf,finetuning/reference-materials/peru-quechua/text/1aJZntnefGK1aZlm0TJ98D5rsb6dWFsOn.txt,extracted_unreviewed,20,7771511,1711,8818ffa925ee87ce225fba5273cb7e83251bdca38712a80c1aa29f81950486a1,,explicit_restriction_detected_review_required,False
book-ff2700e3f9b5,4 Yachaykunata taripasun - Quechua collao: fichas multinivel de Comunicación del 4° Primaria (MINEDU) PDF,collao,language_communication,primary,4,False,candidate,https://peru.librosminedu.com/4-yachaykunata-taripasun-quechua-collao-fichas-multinivel-de/,"T'aqa 4 - Llamk'anapaq raphi 2EIB - Quechua Collao · 20 páginas · 7,2 MB",,https://peru.librosminedu.com/pdf-4-yachaykunata-taripasun-quechua-collao-fichas-multinivel-de-9/,1GP22uYfdfERbgc72PuFA24oXkFkZGEhF,downloaded,finetuning/reference-materials/peru-quechua/pdf/1GP22uYfdfERbgc72PuFA24oXkFkZGEhF.pdf,finetuning/reference-materials/peru-quechua/text/1GP22uYfdfERbgc72PuFA24oXkFkZGEhF.txt,extracted_unreviewed,20,7554417,1771,2c85a55705fd8eeb36c4705d77ff8ea61b95d97b4723ff8858d49fcf3c6e3b2c,,explicit_restriction_detected_review_required,False
book-ff2700e3f9b5,4 Yachaykunata taripasun - Quechua collao: fichas multinivel de Comunicación del 4° Primaria (MINEDU) PDF,collao,language_communication,primary,4,False,candidate,https://peru.librosminedu.com/4-yachaykunata-taripasun-quechua-collao-fichas-multinivel-de/,"Tupunpaq raphiEIB - Quechua Collao · 12 páginas · 7,3 MB",,https://peru.librosminedu.com/pdf-4-yachaykunata-taripasun-quechua-collao-fichas-multinivel-de/,1noctnQft_8pPczon6ZKnwQl94emientb,downloaded,finetuning/reference-materials/peru-quechua/pdf/1noctnQft_8pPczon6ZKnwQl94emientb.pdf,finetuning/reference-materials/peru-quechua/text/1noctnQft_8pPczon6ZKnwQl94emientb.txt,extracted_unreviewed,12,7706452,891,1807580a74a6b20e61aaaf635674f0a273a6a886f84c7581818ee71f29718b9c,,explicit_restriction_detected_review_required,False
book-00a3054b8795,3 Yachaykunata taripasun - Quechua collao: fichas multinivel de Comunicación del 3° Primaria (MINEDU) PDF,collao,language_communication,primary,3,False,candidate,https://peru.librosminedu.com/3-yachaykunata-taripasun-quechua-collao-fichas-multinivel-de/,"Tupunapaq raphiEIB - Quechua Collao · 12 páginas · 7,4 MB",,https://peru.librosminedu.com/pdf-3-yachaykunata-taripasun-quechua-collao-fichas-multinivel-de/,1L83k-xbmAudfSf-wBb46tPNLlGYz9z82,downloaded,finetuning/reference-materials/peru-quechua/pdf/1L83k-xbmAudfSf-wBb46tPNLlGYz9z82.pdf,finetuning/reference-materials/peru-quechua/text/1L83k-xbmAudfSf-wBb46tPNLlGYz9z82.txt,extracted_unreviewed,12,7758301,858,9a7309197805d0bf002fbf93f43c03f7b92fec94e22bf22bc0693b899e3c2068,,explicit_restriction_detected_review_required,False
book-00a3054b8795,3 Yachaykunata taripasun - Quechua collao: fichas multinivel de Comunicación del 3° Primaria (MINEDU) PDF,collao,language_communication,primary,3,False,candidate,https://peru.librosminedu.com/3-yachaykunata-taripasun-quechua-collao-fichas-multinivel-de/,"T'aqa 1 - Llamk'anapaq raphi 1EIB - Quechua Collao · 20 páginas · 7,5 MB",,https://peru.librosminedu.com/pdf-3-yachaykunata-taripasun-quechua-collao-fichas-multinivel-de-2/,1FsIYQyu1FjbLFxbXcFOQndzzktfAqseM,downloaded,finetuning/reference-materials/peru-quechua/pdf/1FsIYQyu1FjbLFxbXcFOQndzzktfAqseM.pdf,finetuning/reference-materials/peru-quechua/text/1FsIYQyu1FjbLFxbXcFOQndzzktfAqseM.txt,extracted_unreviewed,20,7819667,1617,b8701d09de6faa91f0d1837f325f6a78caa8e4fae012d1d9155313fcec2de666,,explicit_restriction_detected_review_required,False
book-00a3054b8795,3 Yachaykunata taripasun - Quechua collao: fichas multinivel de Comunicación del 3° Primaria (MINEDU) PDF,collao,language_communication,primary,3,False,candidate,https://peru.librosminedu.com/3-yachaykunata-taripasun-quechua-collao-fichas-multinivel-de/,"T'aqa 1 - Llamk'anapaq raphi 2EIB - Quechua Collao · 20 páginas · 7,2 MB",,https://peru.librosminedu.com/pdf-3-yachaykunata-taripasun-quechua-collao-fichas-multinivel-de-3/,1O_pGyCkGWIUX9RIKrNcDVi3BlQqosZQM,downloaded,finetuning/reference-materials/peru-quechua/pdf/1O_pGyCkGWIUX9RIKrNcDVi3BlQqosZQM.pdf,finetuning/reference-materials/peru-quechua/text/1O_pGyCkGWIUX9RIKrNcDVi3BlQqosZQM.txt,extracted_unreviewed,20,7578833,1964,c2a8c1753949b42ed9a81e2c8138d2ee4773641494afdb8f96e6ccecdfd835c8,,explicit_restriction_detected_review_required,False
book-00a3054b8795,3 Yachaykunata taripasun - Quechua collao: fichas multinivel de Comunicación del 3° Primaria (MINEDU) PDF,collao,language_communication,primary,3,False,candidate,https://peru.librosminedu.com/3-yachaykunata-taripasun-quechua-collao-fichas-multinivel-de/,"T'aqa 2 - Llamk'anapaq raphi 1EIB - Quechua Collao · 20 páginas · 7,2 MB",,https://peru.librosminedu.com/pdf-3-yachaykunata-taripasun-quechua-collao-fichas-multinivel-de-4/,1E457gZbxAwYTpIIfpYlrUNYrZL5oOH9q,downloaded,finetuning/reference-materials/peru-quechua/pdf/1E457gZbxAwYTpIIfpYlrUNYrZL5oOH9q.pdf,finetuning/reference-materials/peru-quechua/text/1E457gZbxAwYTpIIfpYlrUNYrZL5oOH9q.txt,extracted_unreviewed,20,7544946,2136,499bdde8e6946f28b44512106614e4ca2b8eec9bc335eb8b5725789c2d8d97fb,,explicit_restriction_detected_review_required,False
book-00a3054b8795,3 Yachaykunata taripasun - Quechua collao: fichas multinivel de Comunicación del 3° Primaria (MINEDU) PDF,collao,language_communication,primary,3,False,candidate,https://peru.librosminedu.com/3-yachaykunata-taripasun-quechua-collao-fichas-multinivel-de/,"T'aqa 2 - Llamk'anapaq raphi 2EIB - Quechua Collao · 20 páginas · 7,2 MB",,https://peru.librosminedu.com/pdf-3-yachaykunata-taripasun-quechua-collao-fichas-multinivel-de-5/,18_TUzfpfDHsRUTPCRKxJdD6_9D6q9IP1,downloaded,finetuning/reference-materials/peru-quechua/pdf/18_TUzfpfDHsRUTPCRKxJdD6_9D6q9IP1.pdf,finetuning/reference-materials/peru-quechua/text/18_TUzfpfDHsRUTPCRKxJdD6_9D6q9IP1.txt,extracted_unreviewed,20,7503363,2263,9cf03654f757a0902c870ca58c45be8c0524abc9f1d250cfd6650b0e9aafe69b,,explicit_restriction_detected_review_required,False
book-00a3054b8795,3 Yachaykunata taripasun - Quechua collao: fichas multinivel de Comunicación del 3° Primaria (MINEDU) PDF,collao,language_communication,primary,3,False,candidate,https://peru.librosminedu.com/3-yachaykunata-taripasun-quechua-collao-fichas-multinivel-de/,"T'aqa 3 - Llamk'anapaq raphi 1EIB - Quechua Collao · 20 páginas · 7,2 MB",,https://peru.librosminedu.com/pdf-3-yachaykunata-taripasun-quechua-collao-fichas-multinivel-de-6/,1dp3ClzbF2ji6oo5tnpMPTBoeO32P6dK-,downloaded,finetuning/reference-materials/peru-quechua/pdf/1dp3ClzbF2ji6oo5tnpMPTBoeO32P6dK-.pdf,finetuning/reference-materials/peru-quechua/text/1dp3ClzbF2ji6oo5tnpMPTBoeO32P6dK-.txt,extracted_unreviewed,20,7516078,2218,8bc4b018a122673d229414c0b3a0a886e9993a90fe81b6bc05242e9dcf42aa2f,,explicit_restriction_detected_review_required,False
book-00a3054b8795,3 Yachaykunata taripasun - Quechua collao: fichas multinivel de Comunicación del 3° Primaria (MINEDU) PDF,collao,language_communication,primary,3,False,candidate,https://peru.librosminedu.com/3-yachaykunata-taripasun-quechua-collao-fichas-multinivel-de/,"T'aqa 3 - Llamk'anapaq raphi 2EIB - Quechua Collao · 20 páginas · 7,1 MB",,https://peru.librosminedu.com/pdf-3-yachaykunata-taripasun-quechua-collao-fichas-multinivel-de-7/,1ubAF4oNKCqtOEpY1LXCNhwxaLE-mSqoa,downloaded,finetuning/reference-materials/peru-quechua/pdf/1ubAF4oNKCqtOEpY1LXCNhwxaLE-mSqoa.pdf,finetuning/reference-materials/peru-quechua/text/1ubAF4oNKCqtOEpY1LXCNhwxaLE-mSqoa.txt,extracted_unreviewed,20,7416079,2336,dd64a5d707dc5cfed23e0f43b21bd6e181e18073a277dc32d8c56bae8f224a35,,explicit_restriction_detected_review_required,False
book-00a3054b8795,3 Yachaykunata taripasun - Quechua collao: fichas multinivel de Comunicación del 3° Primaria (MINEDU) PDF,collao,language_communication,primary,3,False,candidate,https://peru.librosminedu.com/3-yachaykunata-taripasun-quechua-collao-fichas-multinivel-de/,"T'aqa 4 - Llamk'anapaq raphi 1EIB - Quechua Collao · 20 páginas · 7,6 MB",,https://peru.librosminedu.com/pdf-3-yachaykunata-taripasun-quechua-collao-fichas-multinivel-de-8/,1W4dfCLU-lvbZaaCi758R5WzfYiSf-lBy,downloaded,finetuning/reference-materials/peru-quechua/pdf/1W4dfCLU-lvbZaaCi758R5WzfYiSf-lBy.pdf,finetuning/reference-materials/peru-quechua/text/1W4dfCLU-lvbZaaCi758R5WzfYiSf-lBy.txt,extracted_unreviewed,20,7957596,1688,fb74304f360150bae20d5fb49e79eb650c013d126578b255f4d50509fe25fff2,,explicit_restriction_detected_review_required,False
book-00a3054b8795,3 Yachaykunata taripasun - Quechua collao: fichas multinivel de Comunicación del 3° Primaria (MINEDU) PDF,collao,language_communication,primary,3,False,candidate,https://peru.librosminedu.com/3-yachaykunata-taripasun-quechua-collao-fichas-multinivel-de/,"T'aqa 4 - Llamk'anapaq raphi 2EIB - Quechua Collao · 20 páginas · 7,5 MB",,https://peru.librosminedu.com/pdf-3-yachaykunata-taripasun-quechua-collao-fichas-multinivel-de-9/,1miErIqxsklyzRAQn_yGcyJ76xGWz1Bwv,downloaded,finetuning/reference-materials/peru-quechua/pdf/1miErIqxsklyzRAQn_yGcyJ76xGWz1Bwv.pdf,finetuning/reference-materials/peru-quechua/text/1miErIqxsklyzRAQn_yGcyJ76xGWz1Bwv.txt,extracted_unreviewed,20,7900276,1880,f0e201fd645e82d2c7a32d83ea9b75d4b3300da26ad64666d1436f796c937214,,explicit_restriction_detected_review_required,False
book-2490a8cda415,2 Yupana - Quechua collao: fichas de trabajo de Matemáticas del 2° Primaria (MINEDU) PDF,collao,mathematics,primary,2,False,candidate,https://peru.librosminedu.com/2-yupana-quechua-collao-fichas-de-trabajo-de-matematicas-del-2/,"Edición 2026EIB - Quechua Collao · 104 páginas · 37,8 MB",2026,https://peru.librosminedu.com/pdf-2-yupana-quechua-collao-fichas-de-trabajo-de-matematicas-del-2/,12Qfl6aKxlLuTlZgzSomn4-X-Jl3Flhnc,downloaded,finetuning/reference-materials/peru-quechua/pdf/12Qfl6aKxlLuTlZgzSomn4-X-Jl3Flhnc.pdf,finetuning/reference-materials/peru-quechua/text/12Qfl6aKxlLuTlZgzSomn4-X-Jl3Flhnc.txt,no_extractable_text_ocr_needed,104,39629808,0,136836d0e6a5ed9151fba35ff90da4c75f365689f1271733adb3ae69f3d5b615,,not_cleared_review_required,False
book-08ef8c233c7a,1 Rimanakusun - Quechua collao: fichas de trabajo de lengua originaria como L2 1 - Primaria - Quechua collao (MINEDU) PDF,collao,language_communication,primary,,False,candidate,https://peru.librosminedu.com/1-rimanakusun-quechua-collao-fichas-de-trabajo-de-lengua-originaria/,"Edición 2026EIB - Quechua Collao · 164 páginas · 36,6 MB",2026,https://peru.librosminedu.com/pdf-1-rimanakusun-quechua-collao-fichas-de-trabajo-de-lengua-originaria/,1OmyE4XUpdeo84yMyWU1YWYiUT4kkcY-q,downloaded,finetuning/reference-materials/peru-quechua/pdf/1OmyE4XUpdeo84yMyWU1YWYiUT4kkcY-q.pdf,finetuning/reference-materials/peru-quechua/text/1OmyE4XUpdeo84yMyWU1YWYiUT4kkcY-q.txt,extracted_unreviewed,164,38385009,8122,c8fd64182abdba32035f0b14735344ee31a83c61e3d8121d7b261e1fd0848ad6,,explicit_restriction_detected_review_required,False
book-cb82bc549fb4,1 Yupana - Quechua collao: fichas de trabajo de Matemáticas del 1° Primaria (MINEDU) PDF,collao,mathematics,primary,1,False,candidate,https://peru.librosminedu.com/1-yupana-quechua-collao-fichas-de-trabajo-de-matematicas-del-1/,"Edición 2026EIB - Quechua Collao · 104 páginas · 38,4 MB",2026,https://peru.librosminedu.com/pdf-1-yupana-quechua-collao-fichas-de-trabajo-de-matematicas-del-1/,1xq0K_06mibUNIb5RnxYXFbMjaYTZ65tU,downloaded,finetuning/reference-materials/peru-quechua/pdf/1xq0K_06mibUNIb5RnxYXFbMjaYTZ65tU.pdf,finetuning/reference-materials/peru-quechua/text/1xq0K_06mibUNIb5RnxYXFbMjaYTZ65tU.txt,no_extractable_text_ocr_needed,104,40264399,0,12f221ddc3781a81edf89f2cfb41e62952bd2398ba438c619b3b288081b16f8b,,not_cleared_review_required,False
book-4fc863f6cd86,1 Kusisqa Yachasun - Quechua collao: cuaderno de trabajo de Comunicación del 1° Primaria (MINEDU) PDF,collao,language_communication,primary,1,False,candidate,https://peru.librosminedu.com/1-kusisqa-yachasun-quechua-collao-cuaderno-de-trabajo-de-comunicacion/,"Edición 2026EIB - Quechua Collao · 132 páginas · 45,1 MB",2026,https://peru.librosminedu.com/pdf-1-kusisqa-yachasun-quechua-collao-cuaderno-de-trabajo-de-comunicacion/,1LhRa1BNXlsyD4pCfB5RSLR2Rz8sT56PK,downloaded,finetuning/reference-materials/peru-quechua/pdf/1LhRa1BNXlsyD4pCfB5RSLR2Rz8sT56PK.pdf,finetuning/reference-materials/peru-quechua/text/1LhRa1BNXlsyD4pCfB5RSLR2Rz8sT56PK.txt,extracted_unreviewed,132,47292001,6521,5f099355a94f068663aab3d846c3bf317dea3ea916492f7886da9a06b676ae66,,explicit_restriction_detected_review_required,False
book-7d4cf6d15780,2 Kusisqa Yachasun - Quechua collao: cuaderno de trabajo de Comunicación del 2° Primaria (MINEDU) PDF,collao,language_communication,primary,2,False,candidate,https://peru.librosminedu.com/2-kusisqa-yachasun-quechua-collao-cuaderno-de-trabajo-de-comunicacion/,"Edición 2026EIB - Quechua Collao · 132 páginas · 26,6 MB",2026,https://peru.librosminedu.com/pdf-2-kusisqa-yachasun-quechua-collao-cuaderno-de-trabajo-de-comunicacion/,1qod2MXlSye1dtcAKXFJSd7uE1ZOd0UwP,downloaded,finetuning/reference-materials/peru-quechua/pdf/1qod2MXlSye1dtcAKXFJSd7uE1ZOd0UwP.pdf,finetuning/reference-materials/peru-quechua/text/1qod2MXlSye1dtcAKXFJSd7uE1ZOd0UwP.txt,extracted_unreviewed,132,27834609,10002,a00dad1ca56ac002539dc732f2b4c7e78f5e15b0ae79305e344fc889276dd55d,,explicit_restriction_detected_review_required,False
book-7a4a36ee500e,Pukllaspa yachasunchik: cuaderno de trabajo de 4 años - Quechua collao (MINEDU) PDF,collao,other_school_material,early_childhood,,False,candidate,https://peru.librosminedu.com/pukllaspa-yachasunchik-cuaderno-de-trabajo-de-4-anos-quechua-collao/,"Edición 2026EIB - Quechua Collao · 202 páginas · 46,8 MB",2026,https://peru.librosminedu.com/pdf-pukllaspa-yachasunchik-cuaderno-de-trabajo-de-4-anos-quechua-collao/,1R7k9LYKxzeNa0KymWznCts4ZYGkm6-cY,downloaded,finetuning/reference-materials/peru-quechua/pdf/1R7k9LYKxzeNa0KymWznCts4ZYGkm6-cY.pdf,finetuning/reference-materials/peru-quechua/text/1R7k9LYKxzeNa0KymWznCts4ZYGkm6-cY.txt,extracted_unreviewed,202,49041115,9297,615265c5b2667cc6eb148cd58ce745be415d43ed0dae4ecb5ddd6b80d18074fb,,explicit_restriction_detected_review_required,False
book-29357a48c99d,Pukllaspa yachasunchik: cuaderno de trabajo de 5 años - Quechua collao (MINEDU) PDF,collao,other_school_material,early_childhood,,False,candidate,https://peru.librosminedu.com/pukllaspa-yachasunchik-cuaderno-de-trabajo-de-5-anos-quechua-collao/,"Edición 2026EIB - Quechua Collao · 210 páginas · 50,5 MB",2026,https://peru.librosminedu.com/pdf-pukllaspa-yachasunchik-cuaderno-de-trabajo-de-5-anos-quechua-collao/,1UH1AwO6xhIipr0C-E3AHMSzBviS0nNOR,downloaded,finetuning/reference-materials/peru-quechua/pdf/1UH1AwO6xhIipr0C-E3AHMSzBviS0nNOR.pdf,finetuning/reference-materials/peru-quechua/text/1UH1AwO6xhIipr0C-E3AHMSzBviS0nNOR.txt,extracted_unreviewed,210,52945972,9629,3c8744ee799013884456e9accea22b8083fc8f405bd182ffe348a5d0a8208e5f,,explicit_restriction_detected_review_required,False
book-bf9477ba948f,"5 Rimanakusun: fichas multinivel de Comunicación del 5° Secundaria - Quechua chanka. 4 Taqa - 1, 2, 3 Llamkana rapíkuna (MINEDU) PDF",chanka,language_communication,secondary,5,False,candidate,https://peru.librosminedu.com/5-rimanakusun-fichas-multinivel-de-comunicacion-del-5-secundaria-5/,"Edición 2026EIB - Quechua Chanka · 56 páginas · 11,0 MB",2026,https://peru.librosminedu.com/pdf-5-rimanakusun-fichas-multinivel-de-comunicacion-del-5-secundaria-5/,1R_hEaAtDgoYCRA5kNVKlV0g4L9C5vhF8,downloaded,finetuning/reference-materials/peru-quechua/pdf/1R_hEaAtDgoYCRA5kNVKlV0g4L9C5vhF8.pdf,finetuning/reference-materials/peru-quechua/text/1R_hEaAtDgoYCRA5kNVKlV0g4L9C5vhF8.txt,extracted_unreviewed,56,11500163,4996,882d250f7e55c54c81cebea19cc911ddfc93f572aa10222fb2ef52b652de7416,,explicit_restriction_detected_review_required,False
book-e076cd66ccaf,5 Rimanakusun: fichas multinivel de Comunicación del 5° Secundaria - Quechua chanka. 1 Taqa (MINEDU) PDF,chanka,language_communication,secondary,5,False,candidate,https://peru.librosminedu.com/5-rimanakusun-fichas-multinivel-de-comunicacion-del-5-secundaria-2/,"1 Taqa - 1, 2, 3 Llamkana rapikunaEIB - Quechua Chanka · 56 páginas · 11,1 MB",,https://peru.librosminedu.com/pdf-5-rimanakusun-fichas-multinivel-de-comunicacion-del-5-secundaria-2/,1Z6xSAgHHmTpq0TbMr_B0KhhtON89uCqo,downloaded,finetuning/reference-materials/peru-quechua/pdf/1Z6xSAgHHmTpq0TbMr_B0KhhtON89uCqo.pdf,finetuning/reference-materials/peru-quechua/text/1Z6xSAgHHmTpq0TbMr_B0KhhtON89uCqo.txt,extracted_unreviewed,56,11600233,4415,09a280a0864f4120b69a6140f517f99b2793a6d91abb11a22fc02f6e4ce0c619,,explicit_restriction_detected_review_required,False
book-e076cd66ccaf,5 Rimanakusun: fichas multinivel de Comunicación del 5° Secundaria - Quechua chanka. 1 Taqa (MINEDU) PDF,chanka,language_communication,secondary,5,False,candidate,https://peru.librosminedu.com/5-rimanakusun-fichas-multinivel-de-comunicacion-del-5-secundaria-2/,"2 Taqa - 1, 2, 3 Llamkana rapíkunaEIB - Quechua Chanka · 56 páginas · 11,1 MB",,https://peru.librosminedu.com/pdf-5-rimanakusun-fichas-multinivel-de-comunicacion-del-5-secundaria-3/,1Et4rWzcDbPL7nKDFF258X17kj4ARxeNm,downloaded,finetuning/reference-materials/peru-quechua/pdf/1Et4rWzcDbPL7nKDFF258X17kj4ARxeNm.pdf,finetuning/reference-materials/peru-quechua/text/1Et4rWzcDbPL7nKDFF258X17kj4ARxeNm.txt,extracted_unreviewed,56,11616524,4361,7ab9a7ebb67c36df89a0165d9b9e6a0e725ff1e43176b147666aae4be20daee1,,explicit_restriction_detected_review_required,False
book-e076cd66ccaf,5 Rimanakusun: fichas multinivel de Comunicación del 5° Secundaria - Quechua chanka. 1 Taqa (MINEDU) PDF,chanka,language_communication,secondary,5,False,candidate,https://peru.librosminedu.com/5-rimanakusun-fichas-multinivel-de-comunicacion-del-5-secundaria-2/,"3 Taqa - 1, 2, 3 Llamkana rapíkunaEIB - Quechua Chanka · 56 páginas · 10,9 MB",,https://peru.librosminedu.com/pdf-5-rimanakusun-fichas-multinivel-de-comunicacion-del-5-secundaria-4/,1TuHROcYYMoZ0Z8itTSZM0rTTtP7_hd6a,downloaded,finetuning/reference-materials/peru-quechua/pdf/1TuHROcYYMoZ0Z8itTSZM0rTTtP7_hd6a.pdf,finetuning/reference-materials/peru-quechua/text/1TuHROcYYMoZ0Z8itTSZM0rTTtP7_hd6a.txt,extracted_unreviewed,56,11455801,4630,d72ff02ab325daa4079f98489e2d709b31203c7a91cb94470686877e519c7a1b,,explicit_restriction_detected_review_required,False
book-3b32657add3f,5 Rimanakusun: fichas multinivel de Comunicación del 5° Secundaria - Quechua chanka. Llamkana rapi - Maskapay (MINEDU) PDF,chanka,language_communication,secondary,5,False,candidate,https://peru.librosminedu.com/5-rimanakusun-fichas-multinivel-de-comunicacion-del-5-secundaria/,"Edición 2026EIB - Quechua Chanka · 16 páginas · 9,7 MB",2026,https://peru.librosminedu.com/pdf-5-rimanakusun-fichas-multinivel-de-comunicacion-del-5-secundaria/,1XLNC-Wr-ycQNEJZcojT6eJ7Its6FHE3V,downloaded,finetuning/reference-materials/peru-quechua/pdf/1XLNC-Wr-ycQNEJZcojT6eJ7Its6FHE3V.pdf,finetuning/reference-materials/peru-quechua/text/1XLNC-Wr-ycQNEJZcojT6eJ7Its6FHE3V.txt,extracted_unreviewed,16,10160165,1056,4b9b5c9fdb4c4f6702de56205961b53ab1d535ff3404377988993acf0d849448,,explicit_restriction_detected_review_required,False
book-f190d32a20cf,4 Rimanakusun: fichas multinivel de Comunicación del 4° Secundaria - Quechua chanka (MINEDU) PDF,chanka,language_communication,secondary,4,False,candidate,https://peru.librosminedu.com/4-rimanakusun-fichas-multinivel-de-comunicacion-del-4-secundaria/,"Llamkana rapi - MaskapayEIB - Quechua Chanka · 16 páginas · 9,7 MB",,https://peru.librosminedu.com/pdf-4-rimanakusun-fichas-multinivel-de-comunicacion-del-4-secundaria/,1i7hEvWpD2Qb-WMKzOy94sc9JRP2CRXvc,downloaded,finetuning/reference-materials/peru-quechua/pdf/1i7hEvWpD2Qb-WMKzOy94sc9JRP2CRXvc.pdf,finetuning/reference-materials/peru-quechua/text/1i7hEvWpD2Qb-WMKzOy94sc9JRP2CRXvc.txt,extracted_unreviewed,16,10173836,1064,b7ffc678e9e28e76cc59f3a04046413f53f3fb65eae515d7a4a2d1c4c5845381,,explicit_restriction_detected_review_required,False
book-f190d32a20cf,4 Rimanakusun: fichas multinivel de Comunicación del 4° Secundaria - Quechua chanka (MINEDU) PDF,chanka,language_communication,secondary,4,False,candidate,https://peru.librosminedu.com/4-rimanakusun-fichas-multinivel-de-comunicacion-del-4-secundaria/,"Taqa 1 - 1,2,3 Llamkana rapiEIB - Quechua Chanka · 56 páginas · 11,2 MB",,https://peru.librosminedu.com/pdf-4-rimanakusun-fichas-multinivel-de-comunicacion-del-4-secundaria-2/,1OdijKZWIzNtDklwQRuYdrOQdBIoQdS1D,downloaded,finetuning/reference-materials/peru-quechua/pdf/1OdijKZWIzNtDklwQRuYdrOQdBIoQdS1D.pdf,finetuning/reference-materials/peru-quechua/text/1OdijKZWIzNtDklwQRuYdrOQdBIoQdS1D.txt,extracted_unreviewed,56,11791734,5081,27fc7fe161502cba9e0ad9c8ca038ca62cc475793c72eeea7bd8231b80d6162c,,explicit_restriction_detected_review_required,False
book-f190d32a20cf,4 Rimanakusun: fichas multinivel de Comunicación del 4° Secundaria - Quechua chanka (MINEDU) PDF,chanka,language_communication,secondary,4,False,candidate,https://peru.librosminedu.com/4-rimanakusun-fichas-multinivel-de-comunicacion-del-4-secundaria/,"Taqa 2 - 1,2,3 Llamkana rapiEIB - Quechua Chanka · 56 páginas · 11,3 MB",,https://peru.librosminedu.com/pdf-4-rimanakusun-fichas-multinivel-de-comunicacion-del-4-secundaria-3/,1gxaNmlgRaGng3htlKtaJj9mqVCQKRcCN,downloaded,finetuning/reference-materials/peru-quechua/pdf/1gxaNmlgRaGng3htlKtaJj9mqVCQKRcCN.pdf,finetuning/reference-materials/peru-quechua/text/1gxaNmlgRaGng3htlKtaJj9mqVCQKRcCN.txt,extracted_unreviewed,56,11853010,5373,92ea01238d8d4eb3e9edb4c39aa5723746b048d0c165f555f63c30fbda6e6008,,explicit_restriction_detected_review_required,False
book-f190d32a20cf,4 Rimanakusun: fichas multinivel de Comunicación del 4° Secundaria - Quechua chanka (MINEDU) PDF,chanka,language_communication,secondary,4,False,candidate,https://peru.librosminedu.com/4-rimanakusun-fichas-multinivel-de-comunicacion-del-4-secundaria/,"Taqa 3 - 1,2,3 Llamkana rapiEIB - Quechua Chanka · 56 páginas · 11,1 MB",,https://peru.librosminedu.com/pdf-4-rimanakusun-fichas-multinivel-de-comunicacion-del-4-secundaria-4/,1om4wZ7wsP4K4NKiBd3737McdBai6fTY9,downloaded,finetuning/reference-materials/peru-quechua/pdf/1om4wZ7wsP4K4NKiBd3737McdBai6fTY9.pdf,finetuning/reference-materials/peru-quechua/text/1om4wZ7wsP4K4NKiBd3737McdBai6fTY9.txt,extracted_unreviewed,56,11640240,5049,26491fb022ff5578ab2389b88e35f57b958b7b5ef8ef6f4d2417e46a0e2c454c,,explicit_restriction_detected_review_required,False
book-f190d32a20cf,4 Rimanakusun: fichas multinivel de Comunicación del 4° Secundaria - Quechua chanka (MINEDU) PDF,chanka,language_communication,secondary,4,False,candidate,https://peru.librosminedu.com/4-rimanakusun-fichas-multinivel-de-comunicacion-del-4-secundaria/,"Taqa 4 - 1,2,3 Llamkana rapiEIB - Quechua Chanka · 56 páginas · 10,9 MB",,https://peru.librosminedu.com/pdf-4-rimanakusun-fichas-multinivel-de-comunicacion-del-4-secundaria-5/,1Rca_kWRgA8A849FBNkGWT59dCst5aTdi,downloaded,finetuning/reference-materials/peru-quechua/pdf/1Rca_kWRgA8A849FBNkGWT59dCst5aTdi.pdf,finetuning/reference-materials/peru-quechua/text/1Rca_kWRgA8A849FBNkGWT59dCst5aTdi.txt,extracted_unreviewed,56,11382708,4932,f77348b18ff97540806df9d645c5f005ccb6e61b23a07f04935da040768a2a99,,explicit_restriction_detected_review_required,False
book-2b34fd99fb56,3 Rimanakusun: fichas multinivel de Comunicación del 3° Secundaria - Quechua chanka (MINEDU) PDF,chanka,language_communication,secondary,3,False,candidate,https://peru.librosminedu.com/3-rimanakusun-fichas-multinivel-de-comunicacion-del-3-secundaria/,"Llamkana rapi - MaskapayEIB - Quechua Chanka · 16 páginas · 7,0 MB",,https://peru.librosminedu.com/pdf-3-rimanakusun-fichas-multinivel-de-comunicacion-del-3-secundaria/,1jPD8pIMQ0ZJrqB2VWAV01id7UNMT1bi8,downloaded,finetuning/reference-materials/peru-quechua/pdf/1jPD8pIMQ0ZJrqB2VWAV01id7UNMT1bi8.pdf,finetuning/reference-materials/peru-quechua/text/1jPD8pIMQ0ZJrqB2VWAV01id7UNMT1bi8.txt,extracted_unreviewed,16,7319716,1002,0b9e5fba6c86291729221fe0e575cbb4d12fc4cb9cc2880b6f181df80d2a33f8,,explicit_restriction_detected_review_required,False
book-2b34fd99fb56,3 Rimanakusun: fichas multinivel de Comunicación del 3° Secundaria - Quechua chanka (MINEDU) PDF,chanka,language_communication,secondary,3,False,candidate,https://peru.librosminedu.com/3-rimanakusun-fichas-multinivel-de-comunicacion-del-3-secundaria/,"Taqa 1 - 1, 2, 3 Llamkana rapiEIB - Quechua Chanka · 56 páginas · 8,4 MB",,https://peru.librosminedu.com/pdf-3-rimanakusun-fichas-multinivel-de-comunicacion-del-3-secundaria-2/,1ljA4uf6D7AiXJ06cPD7jwtbPVUgldTZH,downloaded,finetuning/reference-materials/peru-quechua/pdf/1ljA4uf6D7AiXJ06cPD7jwtbPVUgldTZH.pdf,finetuning/reference-materials/peru-quechua/text/1ljA4uf6D7AiXJ06cPD7jwtbPVUgldTZH.txt,extracted_unreviewed,56,8819249,4112,7abfb62b1f2b9739bc7ceb1cab7beec36883521c2c3817bb2bfc3f60710055ec,,explicit_restriction_detected_review_required,False
book-2b34fd99fb56,3 Rimanakusun: fichas multinivel de Comunicación del 3° Secundaria - Quechua chanka (MINEDU) PDF,chanka,language_communication,secondary,3,False,candidate,https://peru.librosminedu.com/3-rimanakusun-fichas-multinivel-de-comunicacion-del-3-secundaria/,"Taqa 2 - 1, 2, 3 Llamkana rapiEIB - Quechua Chanka · 56 páginas · 8,8 MB",,https://peru.librosminedu.com/pdf-3-rimanakusun-fichas-multinivel-de-comunicacion-del-3-secundaria-3/,1aAfT00CjAsg_iTEV-otDMg5yqFS2MeFH,downloaded,finetuning/reference-materials/peru-quechua/pdf/1aAfT00CjAsg_iTEV-otDMg5yqFS2MeFH.pdf,finetuning/reference-materials/peru-quechua/text/1aAfT00CjAsg_iTEV-otDMg5yqFS2MeFH.txt,extracted_unreviewed,56,9191971,4347,53c3d584952db53f5b380f72cc5a47e1b3c3e94c1c1ba7faf05a13bfc0527dd6,,explicit_restriction_detected_review_required,False
book-2b34fd99fb56,3 Rimanakusun: fichas multinivel de Comunicación del 3° Secundaria - Quechua chanka (MINEDU) PDF,chanka,language_communication,secondary,3,False,candidate,https://peru.librosminedu.com/3-rimanakusun-fichas-multinivel-de-comunicacion-del-3-secundaria/,"Taqa 3 - 1, 2, 3 Llamkana rapiEIB - Quechua Chanka · 56 páginas · 8,6 MB",,https://peru.librosminedu.com/pdf-3-rimanakusun-fichas-multinivel-de-comunicacion-del-3-secundaria-4/,1yH7c7P8TZK8XwFO_oP-zbk97C5Ym7KVE,downloaded,finetuning/reference-materials/peru-quechua/pdf/1yH7c7P8TZK8XwFO_oP-zbk97C5Ym7KVE.pdf,finetuning/reference-materials/peru-quechua/text/1yH7c7P8TZK8XwFO_oP-zbk97C5Ym7KVE.txt,extracted_unreviewed,56,8971563,4573,4a4bfe4c58195dc812639bd259c2c157c2d3a2956cab580cafb53d1de2379da6,,explicit_restriction_detected_review_required,False
book-2b34fd99fb56,3 Rimanakusun: fichas multinivel de Comunicación del 3° Secundaria - Quechua chanka (MINEDU) PDF,chanka,language_communication,secondary,3,False,candidate,https://peru.librosminedu.com/3-rimanakusun-fichas-multinivel-de-comunicacion-del-3-secundaria/,"Taqa 4 - 1, 2, 3 Llamkana rapiEIB - Quechua Chanka · 56 páginas · 8,2 MB",,https://peru.librosminedu.com/pdf-3-rimanakusun-fichas-multinivel-de-comunicacion-del-3-secundaria-5/,1wfZbxlL6-Ia-lKrK5aFFjRpDJTpuWUr5,downloaded,finetuning/reference-materials/peru-quechua/pdf/1wfZbxlL6-Ia-lKrK5aFFjRpDJTpuWUr5.pdf,finetuning/reference-materials/peru-quechua/text/1wfZbxlL6-Ia-lKrK5aFFjRpDJTpuWUr5.txt,extracted_unreviewed,56,8550462,4900,c7c0c1e6223ccab172912c72598a4f5be99d399da27888b326c7e8e47f10c72d,,explicit_restriction_detected_review_required,False
book-328cac99cb26,2 Rimanakusun: fichas multinivel de Comunicación del 2° Secundaria - Quechua chanka (MINEDU) PDF,chanka,language_communication,secondary,2,False,candidate,https://peru.librosminedu.com/2-rimanakusun-fichas-multinivel-de-comunicacion-del-2-secundaria/,"Llamkana rapi - MaskapayEIB - Quechua Chanka · 16 páginas · 6,9 MB",,https://peru.librosminedu.com/pdf-2-rimanakusun-fichas-multinivel-de-comunicacion-del-2-secundaria/,1i9h7IJ79zpwS2nYG7Kng--vduXIZLb4R,downloaded,finetuning/reference-materials/peru-quechua/pdf/1i9h7IJ79zpwS2nYG7Kng--vduXIZLb4R.pdf,finetuning/reference-materials/peru-quechua/text/1i9h7IJ79zpwS2nYG7Kng--vduXIZLb4R.txt,extracted_unreviewed,16,7226001,1406,5a0aa39f0d4c0ac23ee4d905b1bc6ad9a820a918223fa6b24a80f55a7d265081,,explicit_restriction_detected_review_required,False
book-328cac99cb26,2 Rimanakusun: fichas multinivel de Comunicación del 2° Secundaria - Quechua chanka (MINEDU) PDF,chanka,language_communication,secondary,2,False,candidate,https://peru.librosminedu.com/2-rimanakusun-fichas-multinivel-de-comunicacion-del-2-secundaria/,"Taqa 1 - 1, 2, 3 Llamkana rapiEIB - Quechua Chanka · 56 páginas · 8,5 MB",,https://peru.librosminedu.com/pdf-2-rimanakusun-fichas-multinivel-de-comunicacion-del-2-secundaria-2/,1PaJIsuFZexsR_Cbudx4heYBqIp9hyoPR,downloaded,finetuning/reference-materials/peru-quechua/pdf/1PaJIsuFZexsR_Cbudx4heYBqIp9hyoPR.pdf,finetuning/reference-materials/peru-quechua/text/1PaJIsuFZexsR_Cbudx4heYBqIp9hyoPR.txt,extracted_unreviewed,56,8901050,4679,ab1dca8724ac8bd2bc4d1fc72f5b50aa0fa5b85e0f693a36e88d530cc11a8cc2,,explicit_restriction_detected_review_required,False
book-328cac99cb26,2 Rimanakusun: fichas multinivel de Comunicación del 2° Secundaria - Quechua chanka (MINEDU) PDF,chanka,language_communication,secondary,2,False,candidate,https://peru.librosminedu.com/2-rimanakusun-fichas-multinivel-de-comunicacion-del-2-secundaria/,"Taqa 2 - 1, 2, 3 Llamkana rapiEIB - Quechua Chanka · 56 páginas · 8,2 MB",,https://peru.librosminedu.com/pdf-2-rimanakusun-fichas-multinivel-de-comunicacion-del-2-secundaria-3/,1HOMuUB9ZlK7J6rI1teRtFo0IZLu1n77W,downloaded,finetuning/reference-materials/peru-quechua/pdf/1HOMuUB9ZlK7J6rI1teRtFo0IZLu1n77W.pdf,finetuning/reference-materials/peru-quechua/text/1HOMuUB9ZlK7J6rI1teRtFo0IZLu1n77W.txt,extracted_unreviewed,56,8632893,4867,c9376e217000467ade7c1370a7d1fe15dd2fc88a67d82118183a70b1c685adfe,,explicit_restriction_detected_review_required,False
book-328cac99cb26,2 Rimanakusun: fichas multinivel de Comunicación del 2° Secundaria - Quechua chanka (MINEDU) PDF,chanka,language_communication,secondary,2,False,candidate,https://peru.librosminedu.com/2-rimanakusun-fichas-multinivel-de-comunicacion-del-2-secundaria/,"Taqa 3 - 1, 2, 3 Llamkana rapiEIB - Quechua Chanka · 56 páginas · 8,8 MB",,https://peru.librosminedu.com/pdf-2-rimanakusun-fichas-multinivel-de-comunicacion-del-2-secundaria-4/,1sRXlW8xRKAz_Y1lGkE5v0RB1crWeFw_O,downloaded,finetuning/reference-materials/peru-quechua/pdf/1sRXlW8xRKAz_Y1lGkE5v0RB1crWeFw_O.pdf,finetuning/reference-materials/peru-quechua/text/1sRXlW8xRKAz_Y1lGkE5v0RB1crWeFw_O.txt,extracted_unreviewed,56,9249645,4554,4f768bee16b8d177a90b216fdee15f332f13ec360a227a6c22f559e777126b44,,explicit_restriction_detected_review_required,False
book-328cac99cb26,2 Rimanakusun: fichas multinivel de Comunicación del 2° Secundaria - Quechua chanka (MINEDU) PDF,chanka,language_communication,secondary,2,False,candidate,https://peru.librosminedu.com/2-rimanakusun-fichas-multinivel-de-comunicacion-del-2-secundaria/,"Taqa 4 - 1, 2, 3 Llamkana rapiEIB - Quechua Chanka · 56 páginas · 8,0 MB",,https://peru.librosminedu.com/pdf-2-rimanakusun-fichas-multinivel-de-comunicacion-del-2-secundaria-5/,1msoB6NCpU1dgX-JvPtc-6rXWk1FDy-Vu,downloaded,finetuning/reference-materials/peru-quechua/pdf/1msoB6NCpU1dgX-JvPtc-6rXWk1FDy-Vu.pdf,finetuning/reference-materials/peru-quechua/text/1msoB6NCpU1dgX-JvPtc-6rXWk1FDy-Vu.txt,extracted_unreviewed,56,8347373,5080,071b305bb4e4787f6d52d48e03f2dca786ec3f61947452b61bb2294b3048c0ec,,explicit_restriction_detected_review_required,False
book-3a97d1c483bb,Retahílas divertidas - Primaria - Quechua chanka (MINEDU) PDF,chanka,literature_readers,primary,,False,candidate,https://peru.librosminedu.com/retahilas-divertidas-primaria-quechua-chanka/,"Edición 2026EIB - Quechua Chanka · 40 páginas · 25,5 MB",2026,https://peru.librosminedu.com/pdf-retahilas-divertidas-primaria-quechua-chanka/,1o92aX53aAC7wWWOrG7x_5HxUORoW-Ch9,downloaded,finetuning/reference-materials/peru-quechua/pdf/1o92aX53aAC7wWWOrG7x_5HxUORoW-Ch9.pdf,finetuning/reference-materials/peru-quechua/text/1o92aX53aAC7wWWOrG7x_5HxUORoW-Ch9.txt,extracted_unreviewed,40,26722058,2572,11a16dac80a8ef43b89293aac423c7abb0550488c83eac4bfcfd060661d86df1,,explicit_restriction_detected_review_required,False
book-55b2cda25b48,1 Rimanakusun: fichas multinivel de Comunicación del 1° Secundaria - Quechua chanka (MINEDU) PDF,chanka,language_communication,secondary,1,False,candidate,https://peru.librosminedu.com/1-rimanakusun-fichas-multinivel-de-comunicacion-del-1-secundaria/,"Llamkana rapi MaskapayEIB - Quechua Chanka · 16 páginas · 7,0 MB",,https://peru.librosminedu.com/pdf-1-rimanakusun-fichas-multinivel-de-comunicacion-del-1-secundaria/,1UctTz7LYFFCzUD4ury77gp2GZrd9LM4b,downloaded,finetuning/reference-materials/peru-quechua/pdf/1UctTz7LYFFCzUD4ury77gp2GZrd9LM4b.pdf,finetuning/reference-materials/peru-quechua/text/1UctTz7LYFFCzUD4ury77gp2GZrd9LM4b.txt,extracted_unreviewed,16,7312118,1118,1fcb13f8a415a47466c55685e22713c71883a277a5d72e5d703955653c2fc945,,explicit_restriction_detected_review_required,False
book-55b2cda25b48,1 Rimanakusun: fichas multinivel de Comunicación del 1° Secundaria - Quechua chanka (MINEDU) PDF,chanka,language_communication,secondary,1,False,candidate,https://peru.librosminedu.com/1-rimanakusun-fichas-multinivel-de-comunicacion-del-1-secundaria/,"Taqa 1 - 1, 2, 3 Llamkana rapiEIB - Quechua Chanka · 56 páginas · 8,9 MB",,https://peru.librosminedu.com/pdf-1-rimanakusun-fichas-multinivel-de-comunicacion-del-1-secundaria-2/,1VBoaKeFR1DmEOdwX7jK2WID2MmF4nLAp,downloaded,finetuning/reference-materials/peru-quechua/pdf/1VBoaKeFR1DmEOdwX7jK2WID2MmF4nLAp.pdf,finetuning/reference-materials/peru-quechua/text/1VBoaKeFR1DmEOdwX7jK2WID2MmF4nLAp.txt,extracted_unreviewed,56,9326680,4465,93875ef11b8b6507145aa894a88ba8c0f208212d05f9a4f043c4b95471bc2d26,,explicit_restriction_detected_review_required,False
book-55b2cda25b48,1 Rimanakusun: fichas multinivel de Comunicación del 1° Secundaria - Quechua chanka (MINEDU) PDF,chanka,language_communication,secondary,1,False,candidate,https://peru.librosminedu.com/1-rimanakusun-fichas-multinivel-de-comunicacion-del-1-secundaria/,"Taqa 2 - 1, 2, 3 Llamkana rapiEIB - Quechua Chanka · 56 páginas · 8,7 MB",,https://peru.librosminedu.com/pdf-1-rimanakusun-fichas-multinivel-de-comunicacion-del-1-secundaria-3/,1OaJzGeCrYKiO9eunO6f1AxzSfTR-5Rx4,downloaded,finetuning/reference-materials/peru-quechua/pdf/1OaJzGeCrYKiO9eunO6f1AxzSfTR-5Rx4.pdf,finetuning/reference-materials/peru-quechua/text/1OaJzGeCrYKiO9eunO6f1AxzSfTR-5Rx4.txt,extracted_unreviewed,56,9130906,4502,1bbbfe36405ab6c1be81fe0105587e0a3541a139d9c7848dc31bb09956e83f89,,explicit_restriction_detected_review_required,False
book-55b2cda25b48,1 Rimanakusun: fichas multinivel de Comunicación del 1° Secundaria - Quechua chanka (MINEDU) PDF,chanka,language_communication,secondary,1,False,candidate,https://peru.librosminedu.com/1-rimanakusun-fichas-multinivel-de-comunicacion-del-1-secundaria/,"Taqa 3 - 1, 2, 3 Llamkana rapiEIB - Quechua Chanka · 56 páginas · 8,4 MB",,https://peru.librosminedu.com/pdf-1-rimanakusun-fichas-multinivel-de-comunicacion-del-1-secundaria-4/,1dIWttcW4k64IAbbGo5ROK_QypYh1bhqJ,downloaded,finetuning/reference-materials/peru-quechua/pdf/1dIWttcW4k64IAbbGo5ROK_QypYh1bhqJ.pdf,finetuning/reference-materials/peru-quechua/text/1dIWttcW4k64IAbbGo5ROK_QypYh1bhqJ.txt,extracted_unreviewed,56,8778887,4584,343e1a3264dcd6bb093edcc0c0d6478e6c94732e2a0cc4fd775b83836d612fc9,,explicit_restriction_detected_review_required,False
book-55b2cda25b48,1 Rimanakusun: fichas multinivel de Comunicación del 1° Secundaria - Quechua chanka (MINEDU) PDF,chanka,language_communication,secondary,1,False,candidate,https://peru.librosminedu.com/1-rimanakusun-fichas-multinivel-de-comunicacion-del-1-secundaria/,"Taqa 4 - 1, 2, 3 Llamkana rapiEIB - Quechua Chanka · 56 páginas · 8,9 MB",,https://peru.librosminedu.com/pdf-1-rimanakusun-fichas-multinivel-de-comunicacion-del-1-secundaria-5/,1HBVGtmfPb8Izz9Revb4LYfuIMeOJXgAS,downloaded,finetuning/reference-materials/peru-quechua/pdf/1HBVGtmfPb8Izz9Revb4LYfuIMeOJXgAS.pdf,finetuning/reference-materials/peru-quechua/text/1HBVGtmfPb8Izz9Revb4LYfuIMeOJXgAS.txt,extracted_unreviewed,56,9355962,4715,1e92b66af24b003c24eb93d4a675548aaee3e00e2e8bc2016785267554cab23a,,explicit_restriction_detected_review_required,False
book-19b5fdaf404e,6 Yachaykunata taripasun - Quechua chanka: fichas multinivel de Comunicación del 6° Primaria (MINEDU) PDF,chanka,language_communication,primary,6,False,candidate,https://peru.librosminedu.com/6-yachaykunata-taripasun-quechua-chanka-fichas-multinivel-de/,"Tupunapaq rapiEIB - Quechua Chanka · 12 páginas · 6,8 MB",,https://peru.librosminedu.com/pdf-6-yachaykunata-taripasun-quechua-chanka-fichas-multinivel-de/,1ARdNj_a5wd5hISkkZ_Wx6CoMMbElPGx7,downloaded,finetuning/reference-materials/peru-quechua/pdf/1ARdNj_a5wd5hISkkZ_Wx6CoMMbElPGx7.pdf,finetuning/reference-materials/peru-quechua/text/1ARdNj_a5wd5hISkkZ_Wx6CoMMbElPGx7.txt,extracted_unreviewed,12,7140085,1089,e4df88989fb3c39e93c6607a60f5e20ac674291ab2a25681e99e356fdff04960,,explicit_restriction_detected_review_required,False
book-19b5fdaf404e,6 Yachaykunata taripasun - Quechua chanka: fichas multinivel de Comunicación del 6° Primaria (MINEDU) PDF,chanka,language_communication,primary,6,False,candidate,https://peru.librosminedu.com/6-yachaykunata-taripasun-quechua-chanka-fichas-multinivel-de/,"Taqa 1 - 1 Llamkana rapiEIB - Quechua Chanka · 20 páginas · 7,5 MB",,https://peru.librosminedu.com/pdf-6-yachaykunata-taripasun-quechua-chanka-fichas-multinivel-de-2/,1ax4Pp9QXxViJVESAwfVbq9KBMcRgBb1M,downloaded,finetuning/reference-materials/peru-quechua/pdf/1ax4Pp9QXxViJVESAwfVbq9KBMcRgBb1M.pdf,finetuning/reference-materials/peru-quechua/text/1ax4Pp9QXxViJVESAwfVbq9KBMcRgBb1M.txt,extracted_unreviewed,20,7837422,2008,6e18109954368fbc0f85138597d1b4d21c81acb8e6a7229884daa42b77a925c3,,explicit_restriction_detected_review_required,False
book-19b5fdaf404e,6 Yachaykunata taripasun - Quechua chanka: fichas multinivel de Comunicación del 6° Primaria (MINEDU) PDF,chanka,language_communication,primary,6,False,candidate,https://peru.librosminedu.com/6-yachaykunata-taripasun-quechua-chanka-fichas-multinivel-de/,"Taqa 1 - 2 Llamkana rapiEIB - Quechua Chanka · 20 páginas · 7,5 MB",,https://peru.librosminedu.com/pdf-6-yachaykunata-taripasun-quechua-chanka-fichas-multinivel-de-3/,1cG42Oicj9rPGDGoH8i3VevZaTF6Xd3go,downloaded,finetuning/reference-materials/peru-quechua/pdf/1cG42Oicj9rPGDGoH8i3VevZaTF6Xd3go.pdf,finetuning/reference-materials/peru-quechua/text/1cG42Oicj9rPGDGoH8i3VevZaTF6Xd3go.txt,extracted_unreviewed,20,7875685,2245,703836c989709eb4dd5e5c99c13b53350709a475e7f537b6bd0d6ee2140e8615,,explicit_restriction_detected_review_required,False
book-19b5fdaf404e,6 Yachaykunata taripasun - Quechua chanka: fichas multinivel de Comunicación del 6° Primaria (MINEDU) PDF,chanka,language_communication,primary,6,False,candidate,https://peru.librosminedu.com/6-yachaykunata-taripasun-quechua-chanka-fichas-multinivel-de/,"Taqa 1 - 3 Llamkana rapiEIB - Quechua Chanka · 20 páginas · 7,5 MB",,https://peru.librosminedu.com/pdf-6-yachaykunata-taripasun-quechua-chanka-fichas-multinivel-de-4/,1ig7IjTZogYM4y4TnEwUZwN_IlobUyEnb,downloaded,finetuning/reference-materials/peru-quechua/pdf/1ig7IjTZogYM4y4TnEwUZwN_IlobUyEnb.pdf,finetuning/reference-materials/peru-quechua/text/1ig7IjTZogYM4y4TnEwUZwN_IlobUyEnb.txt,extracted_unreviewed,20,7904129,2347,cbb9f678f5a4b99cc21c64addc4c1e51512364d7ef0ae1ed2bd80df1270978f7,,explicit_restriction_detected_review_required,False
book-19b5fdaf404e,6 Yachaykunata taripasun - Quechua chanka: fichas multinivel de Comunicación del 6° Primaria (MINEDU) PDF,chanka,language_communication,primary,6,False,candidate,https://peru.librosminedu.com/6-yachaykunata-taripasun-quechua-chanka-fichas-multinivel-de/,"Taqa 2 - 1 Llamkana rapiEIB - Quechua Chanka · 20 páginas · 7,0 MB",,https://peru.librosminedu.com/pdf-6-yachaykunata-taripasun-quechua-chanka-fichas-multinivel-de-5/,1lX33ryyFamAs579Q0-oUhbJ353wxzSvn,downloaded,finetuning/reference-materials/peru-quechua/pdf/1lX33ryyFamAs579Q0-oUhbJ353wxzSvn.pdf,finetuning/reference-materials/peru-quechua/text/1lX33ryyFamAs579Q0-oUhbJ353wxzSvn.txt,extracted_unreviewed,20,7367231,2003,285a93e1546a71eef7efc2eada9c5ee76024d323bbb0112ce3c4662d4c62575e,,explicit_restriction_detected_review_required,False
book-19b5fdaf404e,6 Yachaykunata taripasun - Quechua chanka: fichas multinivel de Comunicación del 6° Primaria (MINEDU) PDF,chanka,language_communication,primary,6,False,candidate,https://peru.librosminedu.com/6-yachaykunata-taripasun-quechua-chanka-fichas-multinivel-de/,"Taqa 2 - 2 Llamkana rapiEIB - Quechua Chanka · 20 páginas · 7,2 MB",,https://peru.librosminedu.com/pdf-6-yachaykunata-taripasun-quechua-chanka-fichas-multinivel-de-6/,1hrGhPxEwKc0k2QMSGOeFEu4VIOPKN7L6,downloaded,finetuning/reference-materials/peru-quechua/pdf/1hrGhPxEwKc0k2QMSGOeFEu4VIOPKN7L6.pdf,finetuning/reference-materials/peru-quechua/text/1hrGhPxEwKc0k2QMSGOeFEu4VIOPKN7L6.txt,extracted_unreviewed,20,7589629,2306,a70916a8bfdce77d1ad05add5a683e0f89cb5267101888f2e166e0ad10a79699,,explicit_restriction_detected_review_required,False
book-19b5fdaf404e,6 Yachaykunata taripasun - Quechua chanka: fichas multinivel de Comunicación del 6° Primaria (MINEDU) PDF,chanka,language_communication,primary,6,False,candidate,https://peru.librosminedu.com/6-yachaykunata-taripasun-quechua-chanka-fichas-multinivel-de/,"Taqa 2 - 3 Llamkana rapiEIB - Quechua Chanka · 20 páginas · 7,3 MB",,https://peru.librosminedu.com/pdf-6-yachaykunata-taripasun-quechua-chanka-fichas-multinivel-de-7/,1bPREP63twHhqeqsoQkZQn9gdwhMXx7dC,downloaded,finetuning/reference-materials/peru-quechua/pdf/1bPREP63twHhqeqsoQkZQn9gdwhMXx7dC.pdf,finetuning/reference-materials/peru-quechua/text/1bPREP63twHhqeqsoQkZQn9gdwhMXx7dC.txt,extracted_unreviewed,20,7651253,2256,78d5de469b4fb6ee4b7fb3c868a1505ce55d186aafd590848c6c39583bb115b0,,explicit_restriction_detected_review_required,False
book-19b5fdaf404e,6 Yachaykunata taripasun - Quechua chanka: fichas multinivel de Comunicación del 6° Primaria (MINEDU) PDF,chanka,language_communication,primary,6,False,candidate,https://peru.librosminedu.com/6-yachaykunata-taripasun-quechua-chanka-fichas-multinivel-de/,"Taqa 3 - 1 Llamkana rapiEIB - Quechua Chanka · 20 páginas · 7,2 MB",,https://peru.librosminedu.com/pdf-6-yachaykunata-taripasun-quechua-chanka-fichas-multinivel-de-8/,1z0l6m-ZJuM9jXMMaAeBiPLdUYLsiQUXV,downloaded,finetuning/reference-materials/peru-quechua/pdf/1z0l6m-ZJuM9jXMMaAeBiPLdUYLsiQUXV.pdf,finetuning/reference-materials/peru-quechua/text/1z0l6m-ZJuM9jXMMaAeBiPLdUYLsiQUXV.txt,extracted_unreviewed,20,7531682,2362,bc7db84a742185540b4a177afe57f135b2282f08277e282981e93188e823cb20,,explicit_restriction_detected_review_required,False
book-19b5fdaf404e,6 Yachaykunata taripasun - Quechua chanka: fichas multinivel de Comunicación del 6° Primaria (MINEDU) PDF,chanka,language_communication,primary,6,False,candidate,https://peru.librosminedu.com/6-yachaykunata-taripasun-quechua-chanka-fichas-multinivel-de/,"Taqa 3 - 2 Llamkana rapiEIB - Quechua Chanka · 20 páginas · 7,7 MB",,https://peru.librosminedu.com/pdf-6-yachaykunata-taripasun-quechua-chanka-fichas-multinivel-de-9/,1aD_UU9epOH14gFJ69oo9D2oknvY_mLZq,downloaded,finetuning/reference-materials/peru-quechua/pdf/1aD_UU9epOH14gFJ69oo9D2oknvY_mLZq.pdf,finetuning/reference-materials/peru-quechua/text/1aD_UU9epOH14gFJ69oo9D2oknvY_mLZq.txt,extracted_unreviewed,20,8038196,2457,a9620d51a753d9804f2607532af19b6ccf7b5516d7720f2aa216e44777bfd11e,,explicit_restriction_detected_review_required,False
book-19b5fdaf404e,6 Yachaykunata taripasun - Quechua chanka: fichas multinivel de Comunicación del 6° Primaria (MINEDU) PDF,chanka,language_communication,primary,6,False,candidate,https://peru.librosminedu.com/6-yachaykunata-taripasun-quechua-chanka-fichas-multinivel-de/,"Taqa 3 - 3 Llamkana rapiEIB - Quechua Chanka · 20 páginas · 7,5 MB",,https://peru.librosminedu.com/pdf-6-yachaykunata-taripasun-quechua-chanka-fichas-multinivel-de-10/,1xHaVPVLa05QlMQanGBkDSq0s39kxj2xg,downloaded,finetuning/reference-materials/peru-quechua/pdf/1xHaVPVLa05QlMQanGBkDSq0s39kxj2xg.pdf,finetuning/reference-materials/peru-quechua/text/1xHaVPVLa05QlMQanGBkDSq0s39kxj2xg.txt,extracted_unreviewed,20,7814482,2606,7d709a4e4b915defbad2809d039c3757c6eb9cf867a8cbcc2ca6dc66f9448ef9,,explicit_restriction_detected_review_required,False
book-19b5fdaf404e,6 Yachaykunata taripasun - Quechua chanka: fichas multinivel de Comunicación del 6° Primaria (MINEDU) PDF,chanka,language_communication,primary,6,False,candidate,https://peru.librosminedu.com/6-yachaykunata-taripasun-quechua-chanka-fichas-multinivel-de/,"Taqa 4 - 1 Llamkana rapiEIB - Quechua Chanka · 20 páginas · 7,4 MB",,https://peru.librosminedu.com/pdf-6-yachaykunata-taripasun-quechua-chanka-fichas-multinivel-de-11/,1u0zCzz8ELMM2vwYkCvPQB6fYEW7GsLN3,downloaded,finetuning/reference-materials/peru-quechua/pdf/1u0zCzz8ELMM2vwYkCvPQB6fYEW7GsLN3.pdf,finetuning/reference-materials/peru-quechua/text/1u0zCzz8ELMM2vwYkCvPQB6fYEW7GsLN3.txt,extracted_unreviewed,20,7740585,1712,fcf785e5bdb0bf9bd0b88a252ef356d47d14a98a5b4432bb95cec34d67003eee,,explicit_restriction_detected_review_required,False
book-19b5fdaf404e,6 Yachaykunata taripasun - Quechua chanka: fichas multinivel de Comunicación del 6° Primaria (MINEDU) PDF,chanka,language_communication,primary,6,False,candidate,https://peru.librosminedu.com/6-yachaykunata-taripasun-quechua-chanka-fichas-multinivel-de/,"Taqa 4 - 2 Llamkana rapiEIB - Quechua Chanka · 20 páginas · 7,2 MB",,https://peru.librosminedu.com/pdf-6-yachaykunata-taripasun-quechua-chanka-fichas-multinivel-de-12/,1B59ztB9kyICCfSwm_3YqUq5jG0UJ98Hl,downloaded,finetuning/reference-materials/peru-quechua/pdf/1B59ztB9kyICCfSwm_3YqUq5jG0UJ98Hl.pdf,finetuning/reference-materials/peru-quechua/text/1B59ztB9kyICCfSwm_3YqUq5jG0UJ98Hl.txt,extracted_unreviewed,20,7590631,1904,1c0e89935553992816cf2807ad071242f5eb4678ecf28dd9d87d52a6baf466fd,,explicit_restriction_detected_review_required,False
book-19b5fdaf404e,6 Yachaykunata taripasun - Quechua chanka: fichas multinivel de Comunicación del 6° Primaria (MINEDU) PDF,chanka,language_communication,primary,6,False,candidate,https://peru.librosminedu.com/6-yachaykunata-taripasun-quechua-chanka-fichas-multinivel-de/,"Taqa 4 - 3 Llamkana rapiEIB - Quechua Chanka · 20 páginas · 7,0 MB",,https://peru.librosminedu.com/pdf-6-yachaykunata-taripasun-quechua-chanka-fichas-multinivel-de-13/,1Xs-bglPQ4f9aqAYwBhfb_S0Vbub45vD6,downloaded,finetuning/reference-materials/peru-quechua/pdf/1Xs-bglPQ4f9aqAYwBhfb_S0Vbub45vD6.pdf,finetuning/reference-materials/peru-quechua/text/1Xs-bglPQ4f9aqAYwBhfb_S0Vbub45vD6.txt,extracted_unreviewed,20,7322494,2544,8c24fd15fbdcdec729d88fc0501cc70bafcf4800f9b7ee22db9e9e13af988ddd,,explicit_restriction_detected_review_required,False
book-61c95cf0d2be,5 Yachaykunata taripasun- Quechua chanka: fichas multinivel de Comunicación del 5° Primaria (MINEDU) PDF,chanka,language_communication,primary,5,False,candidate,https://peru.librosminedu.com/5-yachaykunata-taripasun-quechua-chanka-fichas-multinivel-de/,"Tupunapaq rapiEIB - Quechua Chanka · 12 páginas · 6,8 MB",,https://peru.librosminedu.com/pdf-5-yachaykunata-taripasun-quechua-chanka-fichas-multinivel-de/,1tvq_d-S3iKPv4I7__LD6UFknYfKBSc1V,downloaded,finetuning/reference-materials/peru-quechua/pdf/1tvq_d-S3iKPv4I7__LD6UFknYfKBSc1V.pdf,finetuning/reference-materials/peru-quechua/text/1tvq_d-S3iKPv4I7__LD6UFknYfKBSc1V.txt,extracted_unreviewed,12,7146013,1089,d51661c3867084e9230410739f49dabba194aa79c73deb7c29582e65d28bf525,,explicit_restriction_detected_review_required,False
book-61c95cf0d2be,5 Yachaykunata taripasun- Quechua chanka: fichas multinivel de Comunicación del 5° Primaria (MINEDU) PDF,chanka,language_communication,primary,5,False,candidate,https://peru.librosminedu.com/5-yachaykunata-taripasun-quechua-chanka-fichas-multinivel-de/,"1 Taqa - 1 Llamkana rapiEIB - Quechua Chanka · 20 páginas · 7,4 MB",,https://peru.librosminedu.com/pdf-5-yachaykunata-taripasun-quechua-chanka-fichas-multinivel-de-2/,1iOCThX8JIFKtFRH7_Asl4ibtjoj63BsC,downloaded,finetuning/reference-materials/peru-quechua/pdf/1iOCThX8JIFKtFRH7_Asl4ibtjoj63BsC.pdf,finetuning/reference-materials/peru-quechua/text/1iOCThX8JIFKtFRH7_Asl4ibtjoj63BsC.txt,extracted_unreviewed,20,7786906,2001,b8c1f3b4528ccb31cd99e068fa071ff5a42b966a19febd4e2289cf23b0891df1,,explicit_restriction_detected_review_required,False
book-61c95cf0d2be,5 Yachaykunata taripasun- Quechua chanka: fichas multinivel de Comunicación del 5° Primaria (MINEDU) PDF,chanka,language_communication,primary,5,False,candidate,https://peru.librosminedu.com/5-yachaykunata-taripasun-quechua-chanka-fichas-multinivel-de/,"1 Taqa - 2 Llamkana rapiEIB - Quechua Chanka · 20 páginas · 7,2 MB",,https://peru.librosminedu.com/pdf-5-yachaykunata-taripasun-quechua-chanka-fichas-multinivel-de-3/,1eiZxZSLvomJwS9hXNxrFqIIV7T2C93T7,downloaded,finetuning/reference-materials/peru-quechua/pdf/1eiZxZSLvomJwS9hXNxrFqIIV7T2C93T7.pdf,finetuning/reference-materials/peru-quechua/text/1eiZxZSLvomJwS9hXNxrFqIIV7T2C93T7.txt,extracted_unreviewed,20,7592025,2104,fa6d0d80ead9042e1713af8f33886f789b13f1b3b5dadc83afd321959e90d692,,explicit_restriction_detected_review_required,False
book-61c95cf0d2be,5 Yachaykunata taripasun- Quechua chanka: fichas multinivel de Comunicación del 5° Primaria (MINEDU) PDF,chanka,language_communication,primary,5,False,candidate,https://peru.librosminedu.com/5-yachaykunata-taripasun-quechua-chanka-fichas-multinivel-de/,"1 Taqa - 3 Llamkana rapiEIB - Quechua Chanka · 20 páginas · 7,2 MB",,https://peru.librosminedu.com/pdf-5-yachaykunata-taripasun-quechua-chanka-fichas-multinivel-de-4/,1Tr3b2o5JASB2oJPgK5IjxR4MDJZN-YHE,downloaded,finetuning/reference-materials/peru-quechua/pdf/1Tr3b2o5JASB2oJPgK5IjxR4MDJZN-YHE.pdf,finetuning/reference-materials/peru-quechua/text/1Tr3b2o5JASB2oJPgK5IjxR4MDJZN-YHE.txt,extracted_unreviewed,20,7498234,2179,8d55585f9632b75dc65368f000d8bdfe5e02d1576a6d121beac592b9715ac3ce,,explicit_restriction_detected_review_required,False
book-61c95cf0d2be,5 Yachaykunata taripasun- Quechua chanka: fichas multinivel de Comunicación del 5° Primaria (MINEDU) PDF,chanka,language_communication,primary,5,False,candidate,https://peru.librosminedu.com/5-yachaykunata-taripasun-quechua-chanka-fichas-multinivel-de/,"2 Taqa - 1 Llamkana rapiEIB - Quechua Chanka · 20 páginas · 7,2 MB",,https://peru.librosminedu.com/pdf-5-yachaykunata-taripasun-quechua-chanka-fichas-multinivel-de-5/,1GdioSyTuUYOLMAsL9bltew1rg5-OgH-c,downloaded,finetuning/reference-materials/peru-quechua/pdf/1GdioSyTuUYOLMAsL9bltew1rg5-OgH-c.pdf,finetuning/reference-materials/peru-quechua/text/1GdioSyTuUYOLMAsL9bltew1rg5-OgH-c.txt,extracted_unreviewed,20,7554645,1987,c34aa272139e3983e7230f9efc3a28429a59f3307ad6358329b7d0849abd56b7,,explicit_restriction_detected_review_required,False
book-61c95cf0d2be,5 Yachaykunata taripasun- Quechua chanka: fichas multinivel de Comunicación del 5° Primaria (MINEDU) PDF,chanka,language_communication,primary,5,False,candidate,https://peru.librosminedu.com/5-yachaykunata-taripasun-quechua-chanka-fichas-multinivel-de/,"2 Taqa - 2 Llamkana rapiEIB - Quechua Chanka · 20 páginas · 7,5 MB",,https://peru.librosminedu.com/pdf-5-yachaykunata-taripasun-quechua-chanka-fichas-multinivel-de-6/,1JmgHbRm31evzgnQWVM_6Zfx-nP85aaLp,downloaded,finetuning/reference-materials/peru-quechua/pdf/1JmgHbRm31evzgnQWVM_6Zfx-nP85aaLp.pdf,finetuning/reference-materials/peru-quechua/text/1JmgHbRm31evzgnQWVM_6Zfx-nP85aaLp.txt,extracted_unreviewed,20,7825136,2274,6fc66e0eb7a22326206603cbc0539a2727c09aaabb57ee96099a5e481d0dbe0d,,explicit_restriction_detected_review_required,False
book-61c95cf0d2be,5 Yachaykunata taripasun- Quechua chanka: fichas multinivel de Comunicación del 5° Primaria (MINEDU) PDF,chanka,language_communication,primary,5,False,candidate,https://peru.librosminedu.com/5-yachaykunata-taripasun-quechua-chanka-fichas-multinivel-de/,"2 Taqa - 3 Llamkana rapiEIB - Quechua Chanka · 20 páginas · 6,9 MB",,https://peru.librosminedu.com/pdf-5-yachaykunata-taripasun-quechua-chanka-fichas-multinivel-de-7/,1tbcMXBAxqiZbqJLmntVzZwcZVyULuzSm,downloaded,finetuning/reference-materials/peru-quechua/pdf/1tbcMXBAxqiZbqJLmntVzZwcZVyULuzSm.pdf,finetuning/reference-materials/peru-quechua/text/1tbcMXBAxqiZbqJLmntVzZwcZVyULuzSm.txt,extracted_unreviewed,20,7276100,2459,8abae83afa505428cc548c71b381c8793d0dc900badea3ee15f3b8f5d385a312,,explicit_restriction_detected_review_required,False
book-61c95cf0d2be,5 Yachaykunata taripasun- Quechua chanka: fichas multinivel de Comunicación del 5° Primaria (MINEDU) PDF,chanka,language_communication,primary,5,False,candidate,https://peru.librosminedu.com/5-yachaykunata-taripasun-quechua-chanka-fichas-multinivel-de/,"3 Taqa - 1 Llamkana rapiEIB - Quechua Chanka · 20 páginas · 7,3 MB",,https://peru.librosminedu.com/pdf-5-yachaykunata-taripasun-quechua-chanka-fichas-multinivel-de-8/,1sr0aACKSvYaiox169X8Ysx5XJYnag6jV,downloaded,finetuning/reference-materials/peru-quechua/pdf/1sr0aACKSvYaiox169X8Ysx5XJYnag6jV.pdf,finetuning/reference-materials/peru-quechua/text/1sr0aACKSvYaiox169X8Ysx5XJYnag6jV.txt,extracted_unreviewed,20,7611602,2105,cf4fd3139973a60ab15a1e116001c1d1b77ff16010b16219aec80de353f2b3b3,,explicit_restriction_detected_review_required,False
book-61c95cf0d2be,5 Yachaykunata taripasun- Quechua chanka: fichas multinivel de Comunicación del 5° Primaria (MINEDU) PDF,chanka,language_communication,primary,5,False,candidate,https://peru.librosminedu.com/5-yachaykunata-taripasun-quechua-chanka-fichas-multinivel-de/,"3 Taqa - 2 Llamkana rapiEIB - Quechua Chanka · 20 páginas · 7,2 MB",,https://peru.librosminedu.com/pdf-5-yachaykunata-taripasun-quechua-chanka-fichas-multinivel-de-9/,1xh9hzsy6Gxvutd3MruMcQrxgusHC3l8g,downloaded,finetuning/reference-materials/peru-quechua/pdf/1xh9hzsy6Gxvutd3MruMcQrxgusHC3l8g.pdf,finetuning/reference-materials/peru-quechua/text/1xh9hzsy6Gxvutd3MruMcQrxgusHC3l8g.txt,extracted_unreviewed,20,7529505,2364,09dca14206475ce6d6ffaf86ca8a44e4fee53bafdec0b95fe4cc306365f8a345,,explicit_restriction_detected_review_required,False
book-61c95cf0d2be,5 Yachaykunata taripasun- Quechua chanka: fichas multinivel de Comunicación del 5° Primaria (MINEDU) PDF,chanka,language_communication,primary,5,False,candidate,https://peru.librosminedu.com/5-yachaykunata-taripasun-quechua-chanka-fichas-multinivel-de/,"3 Taqa - 3 Llamkana rapiEIB - Quechua Chanka · 20 páginas · 7,2 MB",,https://peru.librosminedu.com/pdf-5-yachaykunata-taripasun-quechua-chanka-fichas-multinivel-de-10/,1HVHNyUu3wldwMY62TNvXJKPKnyEUnk68,downloaded,finetuning/reference-materials/peru-quechua/pdf/1HVHNyUu3wldwMY62TNvXJKPKnyEUnk68.pdf,finetuning/reference-materials/peru-quechua/text/1HVHNyUu3wldwMY62TNvXJKPKnyEUnk68.txt,extracted_unreviewed,20,7501811,2504,b965560130cf5210761ebc97118072b7905218cef1e3b53f73a343e4bb5cd748,,explicit_restriction_detected_review_required,False
book-61c95cf0d2be,5 Yachaykunata taripasun- Quechua chanka: fichas multinivel de Comunicación del 5° Primaria (MINEDU) PDF,chanka,language_communication,primary,5,False,candidate,https://peru.librosminedu.com/5-yachaykunata-taripasun-quechua-chanka-fichas-multinivel-de/,"4 Taqa - 1 Llamkana rapiEIB - Quechua Chanka · 20 páginas · 7,3 MB",,https://peru.librosminedu.com/pdf-5-yachaykunata-taripasun-quechua-chanka-fichas-multinivel-de-11/,1iFBvJgMN7NhwSr-0jfhfzxtihJNMWOgg,downloaded,finetuning/reference-materials/peru-quechua/pdf/1iFBvJgMN7NhwSr-0jfhfzxtihJNMWOgg.pdf,finetuning/reference-materials/peru-quechua/text/1iFBvJgMN7NhwSr-0jfhfzxtihJNMWOgg.txt,extracted_unreviewed,20,7624230,1737,26574171a0a55504179eaf287d6eebde92a68df13a9586b33a40229aadcded03,,explicit_restriction_detected_review_required,False
book-61c95cf0d2be,5 Yachaykunata taripasun- Quechua chanka: fichas multinivel de Comunicación del 5° Primaria (MINEDU) PDF,chanka,language_communication,primary,5,False,candidate,https://peru.librosminedu.com/5-yachaykunata-taripasun-quechua-chanka-fichas-multinivel-de/,"4 Taqa - 2 Llamkana rapiEIB - Quechua Chanka · 20 páginas · 7,2 MB",,https://peru.librosminedu.com/pdf-5-yachaykunata-taripasun-quechua-chanka-fichas-multinivel-de-12/,1z4-a-h765KQOmr0VuJ3a1hrpvH6YGFLD,downloaded,finetuning/reference-materials/peru-quechua/pdf/1z4-a-h765KQOmr0VuJ3a1hrpvH6YGFLD.pdf,finetuning/reference-materials/peru-quechua/text/1z4-a-h765KQOmr0VuJ3a1hrpvH6YGFLD.txt,extracted_unreviewed,20,7528721,1920,78f1db8f79c659fecc068bbc2e82670f8f4da446c472133f301a0e9243fc3b9b,,explicit_restriction_detected_review_required,False
book-61c95cf0d2be,5 Yachaykunata taripasun- Quechua chanka: fichas multinivel de Comunicación del 5° Primaria (MINEDU) PDF,chanka,language_communication,primary,5,False,candidate,https://peru.librosminedu.com/5-yachaykunata-taripasun-quechua-chanka-fichas-multinivel-de/,"4 Taqa - 3 Llamkana rapiEIB - Quechua Chanka · 20 páginas · 7,2 MB",,https://peru.librosminedu.com/pdf-5-yachaykunata-taripasun-quechua-chanka-fichas-multinivel-de-13/,1y5QdMblSOfMsUfW4ABTsCVKlEL3px6ta,downloaded,finetuning/reference-materials/peru-quechua/pdf/1y5QdMblSOfMsUfW4ABTsCVKlEL3px6ta.pdf,finetuning/reference-materials/peru-quechua/text/1y5QdMblSOfMsUfW4ABTsCVKlEL3px6ta.txt,extracted_unreviewed,20,7514682,2261,09ad22e4b58eeb3b2a0c159c2c62b7491e2df13471814cc5a5724ed80bfbd2e9,,explicit_restriction_detected_review_required,False
book-f8df1c2ad9a7,4 Yachaykunata taripasun - Quechua chanka: fichas multinivel de Comunicación del 4° Primaria (MINEDU) PDF,chanka,language_communication,primary,4,False,candidate,https://peru.librosminedu.com/4-yachaykunata-taripasun-quechua-chanka-fichas-multinivel-de/,"Tupunapaq rapiEIB - Quechua Chanka · 12 páginas · 7,0 MB",,https://peru.librosminedu.com/pdf-4-yachaykunata-taripasun-quechua-chanka-fichas-multinivel-de/,1LN7OVCI-5d-akdvQUeAwydy38nL23Oi0,downloaded,finetuning/reference-materials/peru-quechua/pdf/1LN7OVCI-5d-akdvQUeAwydy38nL23Oi0.pdf,finetuning/reference-materials/peru-quechua/text/1LN7OVCI-5d-akdvQUeAwydy38nL23Oi0.txt,extracted_unreviewed,12,7285015,848,d7d350e3a51033923452e13fad2a64368739814c26c8115d11d9c511455ad953,,explicit_restriction_detected_review_required,False
book-f8df1c2ad9a7,4 Yachaykunata taripasun - Quechua chanka: fichas multinivel de Comunicación del 4° Primaria (MINEDU) PDF,chanka,language_communication,primary,4,False,candidate,https://peru.librosminedu.com/4-yachaykunata-taripasun-quechua-chanka-fichas-multinivel-de/,"Taqa 1 - 1 Llamkana rapiEIB - Quechua Chanka · 20 páginas · 7,3 MB",,https://peru.librosminedu.com/pdf-4-yachaykunata-taripasun-quechua-chanka-fichas-multinivel-de-2/,1WV_WyHwXkkvImiLcdT5keHN7kFMFh4C7,downloaded,finetuning/reference-materials/peru-quechua/pdf/1WV_WyHwXkkvImiLcdT5keHN7kFMFh4C7.pdf,finetuning/reference-materials/peru-quechua/text/1WV_WyHwXkkvImiLcdT5keHN7kFMFh4C7.txt,extracted_unreviewed,20,7673492,1910,84c1f4cf478d9d267470602221ad6a99a54eae1a07e1f553c241e9c2845355ef,,explicit_restriction_detected_review_required,False
book-f8df1c2ad9a7,4 Yachaykunata taripasun - Quechua chanka: fichas multinivel de Comunicación del 4° Primaria (MINEDU) PDF,chanka,language_communication,primary,4,False,candidate,https://peru.librosminedu.com/4-yachaykunata-taripasun-quechua-chanka-fichas-multinivel-de/,"Taqa 1 - 2 Llamkana rapiEIB - Quechua Chanka · 20 páginas · 7,4 MB",,https://peru.librosminedu.com/pdf-4-yachaykunata-taripasun-quechua-chanka-fichas-multinivel-de-3/,1p1kO89tcX8zi-0OgcrANRjCzDioi79cM,downloaded,finetuning/reference-materials/peru-quechua/pdf/1p1kO89tcX8zi-0OgcrANRjCzDioi79cM.pdf,finetuning/reference-materials/peru-quechua/text/1p1kO89tcX8zi-0OgcrANRjCzDioi79cM.txt,extracted_unreviewed,20,7733542,2116,f5db9ef0066522f2fbdbc11cb8a874eee0a72080db7012a59265ee48e3a44a1c,,explicit_restriction_detected_review_required,False
book-f8df1c2ad9a7,4 Yachaykunata taripasun - Quechua chanka: fichas multinivel de Comunicación del 4° Primaria (MINEDU) PDF,chanka,language_communication,primary,4,False,candidate,https://peru.librosminedu.com/4-yachaykunata-taripasun-quechua-chanka-fichas-multinivel-de/,"Taqa 2 - 1 Llamkana rapiEIB - Quechua Chanka · 20 páginas · 7,0 MB",,https://peru.librosminedu.com/pdf-4-yachaykunata-taripasun-quechua-chanka-fichas-multinivel-de-4/,1p5SdcBqBx_6o2iFQC8Q98X_WpgUSq5nK,downloaded,finetuning/reference-materials/peru-quechua/pdf/1p5SdcBqBx_6o2iFQC8Q98X_WpgUSq5nK.pdf,finetuning/reference-materials/peru-quechua/text/1p5SdcBqBx_6o2iFQC8Q98X_WpgUSq5nK.txt,extracted_unreviewed,20,7324447,2289,ae047da7571b6883419e24f7a9841d05fb06d0987bd15299c7688246431425f7,,explicit_restriction_detected_review_required,False
book-f8df1c2ad9a7,4 Yachaykunata taripasun - Quechua chanka: fichas multinivel de Comunicación del 4° Primaria (MINEDU) PDF,chanka,language_communication,primary,4,False,candidate,https://peru.librosminedu.com/4-yachaykunata-taripasun-quechua-chanka-fichas-multinivel-de/,"Taqa 2 - 2 Llamkana rapiEIB - Quechua Chanka · 20 páginas · 7,1 MB",,https://peru.librosminedu.com/pdf-4-yachaykunata-taripasun-quechua-chanka-fichas-multinivel-de-5/,1XOlkiNrWrsnvJCvkpPhTut4bGmNUHKwY,downloaded,finetuning/reference-materials/peru-quechua/pdf/1XOlkiNrWrsnvJCvkpPhTut4bGmNUHKwY.pdf,finetuning/reference-materials/peru-quechua/text/1XOlkiNrWrsnvJCvkpPhTut4bGmNUHKwY.txt,extracted_unreviewed,20,7485606,2288,48243479ebe7ec9a1f82fb2620dd12a8a7b9fba00fa1dffeb072535d14048792,,explicit_restriction_detected_review_required,False
book-f8df1c2ad9a7,4 Yachaykunata taripasun - Quechua chanka: fichas multinivel de Comunicación del 4° Primaria (MINEDU) PDF,chanka,language_communication,primary,4,False,candidate,https://peru.librosminedu.com/4-yachaykunata-taripasun-quechua-chanka-fichas-multinivel-de/,"Taqa 3 - 1 Llamkana rapiEIB - Quechua Chanka · 20 páginas · 7,0 MB",,https://peru.librosminedu.com/pdf-4-yachaykunata-taripasun-quechua-chanka-fichas-multinivel-de-6/,1soq1plV1BDBA0aZNxl85vA9qE9t-m1RM,downloaded,finetuning/reference-materials/peru-quechua/pdf/1soq1plV1BDBA0aZNxl85vA9qE9t-m1RM.pdf,finetuning/reference-materials/peru-quechua/text/1soq1plV1BDBA0aZNxl85vA9qE9t-m1RM.txt,extracted_unreviewed,20,7377790,2178,f4a76f6bfc4a5f8f0054b2cafbffeb44bfee0e1cfe7c8a6d91d3dee75e2d3e85,,explicit_restriction_detected_review_required,False
book-f8df1c2ad9a7,4 Yachaykunata taripasun - Quechua chanka: fichas multinivel de Comunicación del 4° Primaria (MINEDU) PDF,chanka,language_communication,primary,4,False,candidate,https://peru.librosminedu.com/4-yachaykunata-taripasun-quechua-chanka-fichas-multinivel-de/,"Taqa 3 - 2 Llamkana rapiEIB - Quechua Chanka · 20 páginas · 7,5 MB",,https://peru.librosminedu.com/pdf-4-yachaykunata-taripasun-quechua-chanka-fichas-multinivel-de-7/,1sUdKk5q89swUYfSeYAkWQCk9QunKM-sP,downloaded,finetuning/reference-materials/peru-quechua/pdf/1sUdKk5q89swUYfSeYAkWQCk9QunKM-sP.pdf,finetuning/reference-materials/peru-quechua/text/1sUdKk5q89swUYfSeYAkWQCk9QunKM-sP.txt,extracted_unreviewed,20,7910465,2351,ccd3644894683132962989a3da2cd005833d5a6efce75f626617702d6e211222,,explicit_restriction_detected_review_required,False
book-f8df1c2ad9a7,4 Yachaykunata taripasun - Quechua chanka: fichas multinivel de Comunicación del 4° Primaria (MINEDU) PDF,chanka,language_communication,primary,4,False,candidate,https://peru.librosminedu.com/4-yachaykunata-taripasun-quechua-chanka-fichas-multinivel-de/,"Taqa 4 - 1 Llamkana rapiEIB - Quechua Chanka · 20 páginas · 7,1 MB",,https://peru.librosminedu.com/pdf-4-yachaykunata-taripasun-quechua-chanka-fichas-multinivel-de-8/,1RC7AQTkxAcwBky30gwXQcU7QqCNSRJ7L,downloaded,finetuning/reference-materials/peru-quechua/pdf/1RC7AQTkxAcwBky30gwXQcU7QqCNSRJ7L.pdf,finetuning/reference-materials/peru-quechua/text/1RC7AQTkxAcwBky30gwXQcU7QqCNSRJ7L.txt,extracted_unreviewed,20,7473957,1685,045ffb039828c998fc2f20cda66c2b6162d4ab0934548e61089c004b84bd68f8,,explicit_restriction_detected_review_required,False
book-f8df1c2ad9a7,4 Yachaykunata taripasun - Quechua chanka: fichas multinivel de Comunicación del 4° Primaria (MINEDU) PDF,chanka,language_communication,primary,4,False,candidate,https://peru.librosminedu.com/4-yachaykunata-taripasun-quechua-chanka-fichas-multinivel-de/,"Taqa 4 - 2 Llamkana rapiEIB - Quechua Chanka · 20 páginas · 7,0 MB",,https://peru.librosminedu.com/pdf-4-yachaykunata-taripasun-quechua-chanka-fichas-multinivel-de-9/,1ZmSJ4ZcNFEH_gP9mrshI0kA6D2vZCIIR,downloaded,finetuning/reference-materials/peru-quechua/pdf/1ZmSJ4ZcNFEH_gP9mrshI0kA6D2vZCIIR.pdf,finetuning/reference-materials/peru-quechua/text/1ZmSJ4ZcNFEH_gP9mrshI0kA6D2vZCIIR.txt,extracted_unreviewed,20,7296550,1765,cbb7512a462eafe546ad4c2f2ef758bc13f6ca3ccf408c5ecf66da05f64ec836,,explicit_restriction_detected_review_required,False
book-10024903f95b,3 Yachaykunata taripasun - Quechua chanka: fichas multinivel de Comunicación del 3° Primaria (MINEDU) PDF,chanka,language_communication,primary,3,False,candidate,https://peru.librosminedu.com/3-yachaykunata-taripasun-quechua-chanka-fichas-multinivel-de/,"Tupunapaq rapiEIB - Quechua Chanka · 12 páginas · 7,0 MB",,https://peru.librosminedu.com/pdf-3-yachaykunata-taripasun-quechua-chanka-fichas-multinivel-de/,1UbJIGnw0_NBdfV1jwE_oorFOWcz4l2Pn,downloaded,finetuning/reference-materials/peru-quechua/pdf/1UbJIGnw0_NBdfV1jwE_oorFOWcz4l2Pn.pdf,finetuning/reference-materials/peru-quechua/text/1UbJIGnw0_NBdfV1jwE_oorFOWcz4l2Pn.txt,extracted_unreviewed,12,7369224,862,42e046d457041ea558f501186b3e2e7ef5744aa8018e717670b12bd50c5827ec,,explicit_restriction_detected_review_required,False
book-10024903f95b,3 Yachaykunata taripasun - Quechua chanka: fichas multinivel de Comunicación del 3° Primaria (MINEDU) PDF,chanka,language_communication,primary,3,False,candidate,https://peru.librosminedu.com/3-yachaykunata-taripasun-quechua-chanka-fichas-multinivel-de/,"Taqa 1 - 1 Llamkana rapiEIB - Quechua Chanka · 20 páginas · 7,3 MB",,https://peru.librosminedu.com/pdf-3-yachaykunata-taripasun-quechua-chanka-fichas-multinivel-de-2/,1u7bFSd0dtPVd0PJfeV1z70toPtunvOZq,downloaded,finetuning/reference-materials/peru-quechua/pdf/1u7bFSd0dtPVd0PJfeV1z70toPtunvOZq.pdf,finetuning/reference-materials/peru-quechua/text/1u7bFSd0dtPVd0PJfeV1z70toPtunvOZq.txt,extracted_unreviewed,20,7704987,1624,1a747ff5b4e4614a35e7994dc5bdf2948b744add23bb6b2a3a1e95a470962fad,,explicit_restriction_detected_review_required,False
book-10024903f95b,3 Yachaykunata taripasun - Quechua chanka: fichas multinivel de Comunicación del 3° Primaria (MINEDU) PDF,chanka,language_communication,primary,3,False,candidate,https://peru.librosminedu.com/3-yachaykunata-taripasun-quechua-chanka-fichas-multinivel-de/,"Taqa 1 - 2 Llamkana rapiEIB - Quechua Chanka · 20 páginas · 7,2 MB",,https://peru.librosminedu.com/pdf-3-yachaykunata-taripasun-quechua-chanka-fichas-multinivel-de-3/,1LMXPTaNeFJ5oPXty4FUBnoij9EicXj6M,downloaded,finetuning/reference-materials/peru-quechua/pdf/1LMXPTaNeFJ5oPXty4FUBnoij9EicXj6M.pdf,finetuning/reference-materials/peru-quechua/text/1LMXPTaNeFJ5oPXty4FUBnoij9EicXj6M.txt,extracted_unreviewed,20,7592816,1886,0a4166da3df40c62919a8f31298be4ccd57090c13bba3846ed897be1527f2b81,,explicit_restriction_detected_review_required,False
book-10024903f95b,3 Yachaykunata taripasun - Quechua chanka: fichas multinivel de Comunicación del 3° Primaria (MINEDU) PDF,chanka,language_communication,primary,3,False,candidate,https://peru.librosminedu.com/3-yachaykunata-taripasun-quechua-chanka-fichas-multinivel-de/,"Taqa 2 - 1 Llamkana rapiEIB - Quechua Chanka · 20 páginas · 7,0 MB",,https://peru.librosminedu.com/pdf-3-yachaykunata-taripasun-quechua-chanka-fichas-multinivel-de-4/,1lLfud53S07PyAj_iMGdItSfpq5rG8y7s,downloaded,finetuning/reference-materials/peru-quechua/pdf/1lLfud53S07PyAj_iMGdItSfpq5rG8y7s.pdf,finetuning/reference-materials/peru-quechua/text/1lLfud53S07PyAj_iMGdItSfpq5rG8y7s.txt,extracted_unreviewed,20,7372814,2099,7196d0838039838f19d731f0df489571d01406f145a8d588763cdcb05773c1bf,,explicit_restriction_detected_review_required,False
book-10024903f95b,3 Yachaykunata taripasun - Quechua chanka: fichas multinivel de Comunicación del 3° Primaria (MINEDU) PDF,chanka,language_communication,primary,3,False,candidate,https://peru.librosminedu.com/3-yachaykunata-taripasun-quechua-chanka-fichas-multinivel-de/,"Taqa 2 - 2 Llamkana rapiEIB - Quechua Chanka · 20 páginas · 7,2 MB",,https://peru.librosminedu.com/pdf-3-yachaykunata-taripasun-quechua-chanka-fichas-multinivel-de-5/,1K2x7jJwSt8YuXYMjQ0TxWDkuPnqcftwO,downloaded,finetuning/reference-materials/peru-quechua/pdf/1K2x7jJwSt8YuXYMjQ0TxWDkuPnqcftwO.pdf,finetuning/reference-materials/peru-quechua/text/1K2x7jJwSt8YuXYMjQ0TxWDkuPnqcftwO.txt,extracted_unreviewed,20,7593329,2090,bf6e2d05e0fa94b478f507a64d79195c7590b66ca330e6031c78026745f91b7e,,explicit_restriction_detected_review_required,False
book-10024903f95b,3 Yachaykunata taripasun - Quechua chanka: fichas multinivel de Comunicación del 3° Primaria (MINEDU) PDF,chanka,language_communication,primary,3,False,candidate,https://peru.librosminedu.com/3-yachaykunata-taripasun-quechua-chanka-fichas-multinivel-de/,"Taqa 3 - 1 Llamkana rapiEIB - Quechua Chanka · 20 páginas · 7,2 MB",,https://peru.librosminedu.com/pdf-3-yachaykunata-taripasun-quechua-chanka-fichas-multinivel-de-6/,15lWj_NLK1qkcrzdwwnqnkfF5gIttVy3G,downloaded,finetuning/reference-materials/peru-quechua/pdf/15lWj_NLK1qkcrzdwwnqnkfF5gIttVy3G.pdf,finetuning/reference-materials/peru-quechua/text/15lWj_NLK1qkcrzdwwnqnkfF5gIttVy3G.txt,extracted_unreviewed,20,7558077,2075,f41db29f1b3cac335f6c094a173f5e418b2f293558c249c433186780fc23b7a2,,explicit_restriction_detected_review_required,False
book-10024903f95b,3 Yachaykunata taripasun - Quechua chanka: fichas multinivel de Comunicación del 3° Primaria (MINEDU) PDF,chanka,language_communication,primary,3,False,candidate,https://peru.librosminedu.com/3-yachaykunata-taripasun-quechua-chanka-fichas-multinivel-de/,"Taqa 3 - 2 Llamkana rapiEIB - Quechua Chanka · 20 páginas · 7,2 MB",,https://peru.librosminedu.com/pdf-3-yachaykunata-taripasun-quechua-chanka-fichas-multinivel-de-7/,1hlq0vG-xtew3eHZpw8flFjXUG18BF6ME,downloaded,finetuning/reference-materials/peru-quechua/pdf/1hlq0vG-xtew3eHZpw8flFjXUG18BF6ME.pdf,finetuning/reference-materials/peru-quechua/text/1hlq0vG-xtew3eHZpw8flFjXUG18BF6ME.txt,extracted_unreviewed,20,7572314,2158,56d266d3f537c913eb0957a2dbf6f6489a8731be3215a8c557247e9cb819e373,,explicit_restriction_detected_review_required,False
book-10024903f95b,3 Yachaykunata taripasun - Quechua chanka: fichas multinivel de Comunicación del 3° Primaria (MINEDU) PDF,chanka,language_communication,primary,3,False,candidate,https://peru.librosminedu.com/3-yachaykunata-taripasun-quechua-chanka-fichas-multinivel-de/,"Taqa 4 - 1 Llamkana rapiEIB - Quechua Chanka · 20 páginas · 7,3 MB",,https://peru.librosminedu.com/pdf-3-yachaykunata-taripasun-quechua-chanka-fichas-multinivel-de-8/,1dTuU04CfxgywVCXXADAeUKNgWH_Ea79l,downloaded,finetuning/reference-materials/peru-quechua/pdf/1dTuU04CfxgywVCXXADAeUKNgWH_Ea79l.pdf,finetuning/reference-materials/peru-quechua/text/1dTuU04CfxgywVCXXADAeUKNgWH_Ea79l.txt,extracted_unreviewed,20,7648745,1592,238a21aa63b87683fbf71fcba8eb82346c78f1055e502ea3cb47115d7358f3ba,,explicit_restriction_detected_review_required,False
book-10024903f95b,3 Yachaykunata taripasun - Quechua chanka: fichas multinivel de Comunicación del 3° Primaria (MINEDU) PDF,chanka,language_communication,primary,3,False,candidate,https://peru.librosminedu.com/3-yachaykunata-taripasun-quechua-chanka-fichas-multinivel-de/,"Taqa 4 - 2 Llamkana rapiEIB - Quechua Chanka · 20 páginas · 7,5 MB",,https://peru.librosminedu.com/pdf-3-yachaykunata-taripasun-quechua-chanka-fichas-multinivel-de-9/,1QhelG_rpgsfiEtK83noEv7bbt0t_cuU7,downloaded,finetuning/reference-materials/peru-quechua/pdf/1QhelG_rpgsfiEtK83noEv7bbt0t_cuU7.pdf,finetuning/reference-materials/peru-quechua/text/1QhelG_rpgsfiEtK83noEv7bbt0t_cuU7.txt,extracted_unreviewed,20,7874370,1719,1210f5e04c8af5a1b1eaedb098a5fc974d58afa56e30e8c6c11c5b4c214dcbde,,explicit_restriction_detected_review_required,False
book-7820b5d81de5,2 Yupana - Quechua chanka: fichas de trabajo de Matemáticas del 2° Primaria (MINEDU) PDF,chanka,mathematics,primary,2,False,candidate,https://peru.librosminedu.com/2-yupana-quechua-chanka-fichas-de-trabajo-de-matematicas-del-2/,"Edición 2026EIB - Quechua Chanka · 104 páginas · 37,4 MB",2026,https://peru.librosminedu.com/pdf-2-yupana-quechua-chanka-fichas-de-trabajo-de-matematicas-del-2/,1MjgRkG9ZGTUB-J72UPgl7jAQkfMX2xDG,downloaded,finetuning/reference-materials/peru-quechua/pdf/1MjgRkG9ZGTUB-J72UPgl7jAQkfMX2xDG.pdf,finetuning/reference-materials/peru-quechua/text/1MjgRkG9ZGTUB-J72UPgl7jAQkfMX2xDG.txt,no_extractable_text_ocr_needed,104,39235363,0,85f4efc77aed46453a7504f8c9e08c0874b28779062a5a8fe36af2a927310ce2,,not_cleared_review_required,False
book-66714fe63095,1 Yupana - Quechua chanka: fichas de trabajo de Matemáticas del 1° Primaria (MINEDU) PDF,chanka,mathematics,primary,1,False,candidate,https://peru.librosminedu.com/1-yupana-quechua-chanka-fichas-de-trabajo-de-matematicas-del-1/,"Edición 2026EIB - Quechua Chanka · 104 páginas · 38,0 MB",2026,https://peru.librosminedu.com/pdf-1-yupana-quechua-chanka-fichas-de-trabajo-de-matematicas-del-1/,1iNSP2_DbQ7D1-5FC85IHUDVg7SbnS8Zo,downloaded,finetuning/reference-materials/peru-quechua/pdf/1iNSP2_DbQ7D1-5FC85IHUDVg7SbnS8Zo.pdf,finetuning/reference-materials/peru-quechua/text/1iNSP2_DbQ7D1-5FC85IHUDVg7SbnS8Zo.txt,no_extractable_text_ocr_needed,104,39806712,0,9e8386085944f4bd5c185331757f2022b4ead621107a5a2934e6e33c3b1f4d97,,not_cleared_review_required,False
book-12189bc8bcfb,2 Kusisqa Yachasun - Quechua chanka: cuaderno de trabajo de Comunicación del 2° Primaria (MINEDU) PDF,chanka,language_communication,primary,2,False,candidate,https://peru.librosminedu.com/2-kusisqa-yachasun-quechua-chanka-cuaderno-de-trabajo-de-comunicacion/,"Edición 2026EIB - Quechua Chanka · 132 páginas · 32,6 MB",2026,https://peru.librosminedu.com/pdf-2-kusisqa-yachasun-quechua-chanka-cuaderno-de-trabajo-de-comunicacion/,1lCI9izUXXOEs3K8lRqz4OS9PSf3dyxzV,downloaded,finetuning/reference-materials/peru-quechua/pdf/1lCI9izUXXOEs3K8lRqz4OS9PSf3dyxzV.pdf,finetuning/reference-materials/peru-quechua/text/1lCI9izUXXOEs3K8lRqz4OS9PSf3dyxzV.txt,extracted_unreviewed,132,34186875,8269,cc1a60c156d214cde95efd0f9ccf96fb616d08ec5b85566558b32e8aac8aa16e,,explicit_restriction_detected_review_required,False
book-b804dedf1314,1 Rimanakusun - Quechua chanka: fichas de trabajo de lengua originaria como L2 1 - Primaria - Quechua chanka (MINEDU) PDF,chanka,language_communication,primary,,False,candidate,https://peru.librosminedu.com/1-rimanakusun-quechua-chanka-fichas-de-trabajo-de-lengua-originaria/,"Edición 2026EIB - Quechua Chanka · 164 páginas · 39,0 MB",2026,https://peru.librosminedu.com/pdf-1-rimanakusun-quechua-chanka-fichas-de-trabajo-de-lengua-originaria/,19tRP7xzE2G-Kv0pFvf2MJjQJzkGo2EO7,downloaded,finetuning/reference-materials/peru-quechua/pdf/19tRP7xzE2G-Kv0pFvf2MJjQJzkGo2EO7.pdf,finetuning/reference-materials/peru-quechua/text/19tRP7xzE2G-Kv0pFvf2MJjQJzkGo2EO7.txt,extracted_unreviewed,164,40876262,8149,ec712d8bf73f252a6c4fe3fe0af367aeabe26e5389b7690213932727c1f178d7,,explicit_restriction_detected_review_required,False
book-5d5f03d3e8b3,Pukllaspa yachasunchik: cuaderno de trabajo de 5 años - Quechua chanka (MINEDU) PDF,chanka,other_school_material,early_childhood,,False,candidate,https://peru.librosminedu.com/pukllaspa-yachasunchik-cuaderno-de-trabajo-de-5-anos-quechua-chanka/,"Edición 2026EIB - Quechua Chanka · 210 páginas · 52,8 MB",2026,https://peru.librosminedu.com/pdf-pukllaspa-yachasunchik-cuaderno-de-trabajo-de-5-anos-quechua-chanka/,19PYeleYwKP-D0j3x3bIRLTLoCuESRJjC,downloaded,finetuning/reference-materials/peru-quechua/pdf/19PYeleYwKP-D0j3x3bIRLTLoCuESRJjC.pdf,finetuning/reference-materials/peru-quechua/text/19PYeleYwKP-D0j3x3bIRLTLoCuESRJjC.txt,extracted_unreviewed,210,55351685,9638,902a44ff4da4451c25efa2bbf3feb5ee59f5a4eb64a5d5ccf4a101ac1965b9b5,,explicit_restriction_detected_review_required,False
book-35d8ba6aa28a,1 Kusisqa Yachasun - Quechua chanka: cuaderno de trabajo de Comunicación del 1° Primaria (MINEDU) PDF,chanka,language_communication,primary,1,False,candidate,https://peru.librosminedu.com/1-kusisqa-yachasun-quechua-chanka-cuaderno-de-trabajo-de-comunicacion/,"Edición 2026EIB - Quechua Chanka · 132 páginas · 36,3 MB",2026,https://peru.librosminedu.com/pdf-1-kusisqa-yachasun-quechua-chanka-cuaderno-de-trabajo-de-comunicacion/,1Vx3lu_wT9bcdZxxKvP3npWhHHOny-Lzv,downloaded,finetuning/reference-materials/peru-quechua/pdf/1Vx3lu_wT9bcdZxxKvP3npWhHHOny-Lzv.pdf,finetuning/reference-materials/peru-quechua/text/1Vx3lu_wT9bcdZxxKvP3npWhHHOny-Lzv.txt,extracted_unreviewed,132,38052170,5707,105403335c71b708858a737a3597b63d25a17c25f23413647f1b73c6851d050f,,explicit_restriction_detected_review_required,False
book-0c02e11be817,Pukllaspa yachasunchik: cuaderno de trabajo de 4 años - Quechua chanka (MINEDU) PDF,chanka,other_school_material,early_childhood,,False,candidate,https://peru.librosminedu.com/pukllaspa-yachasunchik-cuaderno-de-trabajo-de-4-anos-quechua-chanka/,"Edición 2026EIB - Quechua Chanka · 202 páginas · 47,2 MB",2026,https://peru.librosminedu.com/pdf-pukllaspa-yachasunchik-cuaderno-de-trabajo-de-4-anos-quechua-chanka/,1CNGls_d493iB3dvKEMpL6LGTt4XcR7cs,downloaded,finetuning/reference-materials/peru-quechua/pdf/1CNGls_d493iB3dvKEMpL6LGTt4XcR7cs.pdf,finetuning/reference-materials/peru-quechua/text/1CNGls_d493iB3dvKEMpL6LGTt4XcR7cs.txt,extracted_unreviewed,202,49465744,9205,905db5192d95580789ff4ab446d8ecf4de05aa56fe558214a7a69d866d146ff2,,explicit_restriction_detected_review_required,False
book-4e988e7b4b35,5 Rimanakushun: fichas multinivel de Comunicación del 5° Secundaria - Quechua central (MINEDU) PDF,central_unspecified,language_communication,secondary,5,False,candidate,https://peru.librosminedu.com/5-rimanakushun-fichas-multinivel-de-comunicacion-del-5-secundaria/,"Rapi TupunapaqEIB - Quechua Central · 16 páginas · 7,2 MB",,https://peru.librosminedu.com/pdf-5-rimanakushun-fichas-multinivel-de-comunicacion-del-5-secundaria/,1w8g853Pe9iMAO9M05xGcpF92lT0vXwne,downloaded,finetuning/reference-materials/peru-quechua/pdf/1w8g853Pe9iMAO9M05xGcpF92lT0vXwne.pdf,finetuning/reference-materials/peru-quechua/text/1w8g853Pe9iMAO9M05xGcpF92lT0vXwne.txt,extracted_unreviewed,16,7527896,1158,16fc7ac0e48d70a5adf09e4da764d419fb91f7365dbb6796f3f388d142cf15f4,,explicit_restriction_detected_review_required,False
book-4e988e7b4b35,5 Rimanakushun: fichas multinivel de Comunicación del 5° Secundaria - Quechua central (MINEDU) PDF,central_unspecified,language_communication,secondary,5,False,candidate,https://peru.librosminedu.com/5-rimanakushun-fichas-multinivel-de-comunicacion-del-5-secundaria/,"Taqa 1 - Llamkana rapi 1, 2, 3EIB - Quechua Central · 56 páginas · 9,1 MB",,https://peru.librosminedu.com/pdf-5-rimanakushun-fichas-multinivel-de-comunicacion-del-5-secundaria-2/,1JMWGmz5M1Dvov_aTAtpvbWfIu9cJTCU9,downloaded,finetuning/reference-materials/peru-quechua/pdf/1JMWGmz5M1Dvov_aTAtpvbWfIu9cJTCU9.pdf,finetuning/reference-materials/peru-quechua/text/1JMWGmz5M1Dvov_aTAtpvbWfIu9cJTCU9.txt,extracted_unreviewed,56,9538293,5155,35a6d73eb3ce08e603ec4accbdad9790f2509ded3afa16ceee68a5e05dbf1621,,explicit_restriction_detected_review_required,False
book-4e988e7b4b35,5 Rimanakushun: fichas multinivel de Comunicación del 5° Secundaria - Quechua central (MINEDU) PDF,central_unspecified,language_communication,secondary,5,False,candidate,https://peru.librosminedu.com/5-rimanakushun-fichas-multinivel-de-comunicacion-del-5-secundaria/,"Taqa 2 - Llamkana rapi 1, 2, 3EIB - Quechua Central · 56 páginas · 9,3 MB",,https://peru.librosminedu.com/pdf-5-rimanakushun-fichas-multinivel-de-comunicacion-del-5-secundaria-3/,1qIsS96r32fpVlFUSEJfq8Ln_K9M9oBJh,downloaded,finetuning/reference-materials/peru-quechua/pdf/1qIsS96r32fpVlFUSEJfq8Ln_K9M9oBJh.pdf,finetuning/reference-materials/peru-quechua/text/1qIsS96r32fpVlFUSEJfq8Ln_K9M9oBJh.txt,extracted_unreviewed,56,9765253,5037,c9ea76c1a7284c25cb55455ec95dfee06005a141fd4ad2da2ffc5abac596d074,,explicit_restriction_detected_review_required,False
book-4e988e7b4b35,5 Rimanakushun: fichas multinivel de Comunicación del 5° Secundaria - Quechua central (MINEDU) PDF,central_unspecified,language_communication,secondary,5,False,candidate,https://peru.librosminedu.com/5-rimanakushun-fichas-multinivel-de-comunicacion-del-5-secundaria/,"Taqa 3 - Llamkana rapi 1, 2, 3EIB - Quechua Central · 56 páginas · 8,7 MB",,https://peru.librosminedu.com/pdf-5-rimanakushun-fichas-multinivel-de-comunicacion-del-5-secundaria-4/,1FUx55yPqkDZlapIphZWPisuJ3yTk6c57,downloaded,finetuning/reference-materials/peru-quechua/pdf/1FUx55yPqkDZlapIphZWPisuJ3yTk6c57.pdf,finetuning/reference-materials/peru-quechua/text/1FUx55yPqkDZlapIphZWPisuJ3yTk6c57.txt,extracted_unreviewed,56,9154303,5006,ca41e1fa717b360e288d4d32d416f14303d828888083f94a739bc9dfaa366718,,explicit_restriction_detected_review_required,False
book-4e988e7b4b35,5 Rimanakushun: fichas multinivel de Comunicación del 5° Secundaria - Quechua central (MINEDU) PDF,central_unspecified,language_communication,secondary,5,False,candidate,https://peru.librosminedu.com/5-rimanakushun-fichas-multinivel-de-comunicacion-del-5-secundaria/,"Taqa 4 - Llamkana rapi 1, 2, 3EIB - Quechua Central · 56 páginas · 8,1 MB",,https://peru.librosminedu.com/pdf-5-rimanakushun-fichas-multinivel-de-comunicacion-del-5-secundaria-5/,1_Uwr3bPs4wV7uFWZ6JXxerOjN032j2Cd,downloaded,finetuning/reference-materials/peru-quechua/pdf/1_Uwr3bPs4wV7uFWZ6JXxerOjN032j2Cd.pdf,finetuning/reference-materials/peru-quechua/text/1_Uwr3bPs4wV7uFWZ6JXxerOjN032j2Cd.txt,extracted_unreviewed,56,8453013,4865,ff53a0ac7cdaa8f23e82f2bc05fbca375c9efbd8344b81590aeff784a0199c19,,explicit_restriction_detected_review_required,False
book-7385f45cb6ed,4 Rimanakushun: fichas multinivel de Comunicación del 4° Secundaria - Quechua central (MINEDU) PDF,central_unspecified,language_communication,secondary,4,False,candidate,https://peru.librosminedu.com/4-rimanakushun-fichas-multinivel-de-comunicacion-del-4-secundaria/,"Rapi TupunapaqEIB - Quechua Central · 16 páginas · 7,2 MB",,https://peru.librosminedu.com/pdf-4-rimanakushun-fichas-multinivel-de-comunicacion-del-4-secundaria/,1RqSMPp_Mkj4eEDsCFOVf85uJRJzvP360,downloaded,finetuning/reference-materials/peru-quechua/pdf/1RqSMPp_Mkj4eEDsCFOVf85uJRJzvP360.pdf,finetuning/reference-materials/peru-quechua/text/1RqSMPp_Mkj4eEDsCFOVf85uJRJzvP360.txt,extracted_unreviewed,16,7566871,1053,e4674670b04854f661347c326d5f76940aeca1d63c2472b5e2a479fe1466cc4c,,explicit_restriction_detected_review_required,False
book-7385f45cb6ed,4 Rimanakushun: fichas multinivel de Comunicación del 4° Secundaria - Quechua central (MINEDU) PDF,central_unspecified,language_communication,secondary,4,False,candidate,https://peru.librosminedu.com/4-rimanakushun-fichas-multinivel-de-comunicacion-del-4-secundaria/,"Rapi Tupunapaq. Taqa 1 - Llamkana rapi 1, 2, 3EIB - Quechua Central · 56 páginas · 9,6 MB",,https://peru.librosminedu.com/pdf-4-rimanakushun-fichas-multinivel-de-comunicacion-del-4-secundaria-2/,1dwRHgx4M5F9f8Syt-_97qLwN180IWylZ,downloaded,finetuning/reference-materials/peru-quechua/pdf/1dwRHgx4M5F9f8Syt-_97qLwN180IWylZ.pdf,finetuning/reference-materials/peru-quechua/text/1dwRHgx4M5F9f8Syt-_97qLwN180IWylZ.txt,extracted_unreviewed,56,10018081,4257,290ef028a9c806e9a28220ff5fbcfcc689449106ff40462b40c7e25205cf3a48,,explicit_restriction_detected_review_required,False
book-7385f45cb6ed,4 Rimanakushun: fichas multinivel de Comunicación del 4° Secundaria - Quechua central (MINEDU) PDF,central_unspecified,language_communication,secondary,4,False,candidate,https://peru.librosminedu.com/4-rimanakushun-fichas-multinivel-de-comunicacion-del-4-secundaria/,"Rapi Tupunapaq. Taqa 2 - Llamkana rapi 1, 2, 3EIB - Quechua Central · 56 páginas · 8,5 MB",,https://peru.librosminedu.com/pdf-4-rimanakushun-fichas-multinivel-de-comunicacion-del-4-secundaria-3/,1b0N491B9zs16jjytdj964Iv0M027LytY,downloaded,finetuning/reference-materials/peru-quechua/pdf/1b0N491B9zs16jjytdj964Iv0M027LytY.pdf,finetuning/reference-materials/peru-quechua/text/1b0N491B9zs16jjytdj964Iv0M027LytY.txt,extracted_unreviewed,56,8894411,4146,a32ef212169c15e50608555cb01038d4035b6320450fd6fb178758723019c9f7,,explicit_restriction_detected_review_required,False
book-7385f45cb6ed,4 Rimanakushun: fichas multinivel de Comunicación del 4° Secundaria - Quechua central (MINEDU) PDF,central_unspecified,language_communication,secondary,4,False,candidate,https://peru.librosminedu.com/4-rimanakushun-fichas-multinivel-de-comunicacion-del-4-secundaria/,"Rapi Tupunapaq. Taqa 3 - Llamkana rapi 1, 2, 3EIB - Quechua Central · 56 páginas · 9,2 MB",,https://peru.librosminedu.com/pdf-4-rimanakushun-fichas-multinivel-de-comunicacion-del-4-secundaria-4/,161Yr8RC4rTeTdVW6bGbBE85o6RY8pi7X,downloaded,finetuning/reference-materials/peru-quechua/pdf/161Yr8RC4rTeTdVW6bGbBE85o6RY8pi7X.pdf,finetuning/reference-materials/peru-quechua/text/161Yr8RC4rTeTdVW6bGbBE85o6RY8pi7X.txt,extracted_unreviewed,56,9631539,4462,2c93d9a3411778b1cb5236dce1ba6521f1279ddc87c12eb3a0b557fb358471dd,,explicit_restriction_detected_review_required,False
book-7385f45cb6ed,4 Rimanakushun: fichas multinivel de Comunicación del 4° Secundaria - Quechua central (MINEDU) PDF,central_unspecified,language_communication,secondary,4,False,candidate,https://peru.librosminedu.com/4-rimanakushun-fichas-multinivel-de-comunicacion-del-4-secundaria/,"Rapi Tupunapaq. Taqa 4 - Llamkana rapi 1, 2, 3EIB - Quechua Central · 56 páginas · 8,5 MB",,https://peru.librosminedu.com/pdf-4-rimanakushun-fichas-multinivel-de-comunicacion-del-4-secundaria-5/,1DCtwmucjgXb6hWBjFIsZmrCTMM_MFrkn,downloaded,finetuning/reference-materials/peru-quechua/pdf/1DCtwmucjgXb6hWBjFIsZmrCTMM_MFrkn.pdf,finetuning/reference-materials/peru-quechua/text/1DCtwmucjgXb6hWBjFIsZmrCTMM_MFrkn.txt,extracted_unreviewed,56,8923793,4468,632759370f47a039bbaaf493c48802c997bd4ee7d6c1640e903fc5f1f476c887,,explicit_restriction_detected_review_required,False
book-dab50719b0c8,3 Rimanakushun: fichas multinivel de Comunicación del 3° Secundaria - Quechua central (MINEDU) PDF,central_unspecified,language_communication,secondary,3,False,candidate,https://peru.librosminedu.com/3-rimanakushun-fichas-multinivel-de-comunicacion-del-3-secundaria/,"Rapi TupunapaqEIB - Quechua Central · 16 páginas · 19,4 MB",,https://peru.librosminedu.com/pdf-3-rimanakushun-fichas-multinivel-de-comunicacion-del-3-secundaria/,1whCR7GYrrKvz4HNSkCXHJSjFaeTAtNH0,downloaded,finetuning/reference-materials/peru-quechua/pdf/1whCR7GYrrKvz4HNSkCXHJSjFaeTAtNH0.pdf,finetuning/reference-materials/peru-quechua/text/1whCR7GYrrKvz4HNSkCXHJSjFaeTAtNH0.txt,extracted_unreviewed,16,20331939,1101,7901596b42088a14b0a9bb2462c3a50f89e9a7a4e6a8cde192894e66dbb18466,,explicit_restriction_detected_review_required,False
book-dab50719b0c8,3 Rimanakushun: fichas multinivel de Comunicación del 3° Secundaria - Quechua central (MINEDU) PDF,central_unspecified,language_communication,secondary,3,False,candidate,https://peru.librosminedu.com/3-rimanakushun-fichas-multinivel-de-comunicacion-del-3-secundaria/,"Taqa 1 - Llamkana rapi 1, 2, 3EIB - Quechua Central · 56 páginas · 28,4 MB",,https://peru.librosminedu.com/pdf-3-rimanakushun-fichas-multinivel-de-comunicacion-del-3-secundaria-2/,1Tk97PltoPlcpfLBnw6uvMDIMxi7XbDr1,downloaded,finetuning/reference-materials/peru-quechua/pdf/1Tk97PltoPlcpfLBnw6uvMDIMxi7XbDr1.pdf,finetuning/reference-materials/peru-quechua/text/1Tk97PltoPlcpfLBnw6uvMDIMxi7XbDr1.txt,extracted_unreviewed,56,29784192,4295,8d25673132d0e595a0d5a8c260b7d3509e1ba0967f171b0ac09df03dd095c2a9,,explicit_restriction_detected_review_required,False
book-dab50719b0c8,3 Rimanakushun: fichas multinivel de Comunicación del 3° Secundaria - Quechua central (MINEDU) PDF,central_unspecified,language_communication,secondary,3,False,candidate,https://peru.librosminedu.com/3-rimanakushun-fichas-multinivel-de-comunicacion-del-3-secundaria/,"Taqa 2 - Llamkana rapi 1, 2, 3EIB - Quechua Central · 56 páginas · 27,0 MB",,https://peru.librosminedu.com/pdf-3-rimanakushun-fichas-multinivel-de-comunicacion-del-3-secundaria-3/,1yBddzzUERtFGgrvhUFTYbXdAeI-sclqF,downloaded,finetuning/reference-materials/peru-quechua/pdf/1yBddzzUERtFGgrvhUFTYbXdAeI-sclqF.pdf,finetuning/reference-materials/peru-quechua/text/1yBddzzUERtFGgrvhUFTYbXdAeI-sclqF.txt,extracted_unreviewed,56,28357933,4265,4d86cd594974e9d89998b1ae48dd1db29494fc45ca0cd71c0737c64d5aa61b17,,explicit_restriction_detected_review_required,False
book-dab50719b0c8,3 Rimanakushun: fichas multinivel de Comunicación del 3° Secundaria - Quechua central (MINEDU) PDF,central_unspecified,language_communication,secondary,3,False,candidate,https://peru.librosminedu.com/3-rimanakushun-fichas-multinivel-de-comunicacion-del-3-secundaria/,"Taqa 3 - Llamkana rapi 1, 2, 3EIB - Quechua Chanka · 56 páginas · 38,2 MB",,https://peru.librosminedu.com/pdf-3-rimanakushun-fichas-multinivel-de-comunicacion-del-3-secundaria-4/,1X0_WnWJkQ_O7PWfXeroF1RdfBMf3_QZs,downloaded,finetuning/reference-materials/peru-quechua/pdf/1X0_WnWJkQ_O7PWfXeroF1RdfBMf3_QZs.pdf,finetuning/reference-materials/peru-quechua/text/1X0_WnWJkQ_O7PWfXeroF1RdfBMf3_QZs.txt,extracted_unreviewed,56,40087577,4455,04c4baaee093f8472c2b2c9dafa6b774b21a45d3ae6102f3f8dce5d34e635f94,,explicit_restriction_detected_review_required,False
book-dab50719b0c8,3 Rimanakushun: fichas multinivel de Comunicación del 3° Secundaria - Quechua central (MINEDU) PDF,central_unspecified,language_communication,secondary,3,False,candidate,https://peru.librosminedu.com/3-rimanakushun-fichas-multinivel-de-comunicacion-del-3-secundaria/,"Taqa 4 - Llamkana rapi 1, 2, 3EIB - Quechua Central · 56 páginas · 39,4 MB",,https://peru.librosminedu.com/pdf-3-rimanakushun-fichas-multinivel-de-comunicacion-del-3-secundaria-5/,1rOow6Z2jtNZ_Ys0RMQgzfvRsyUAzL7VJ,downloaded,finetuning/reference-materials/peru-quechua/pdf/1rOow6Z2jtNZ_Ys0RMQgzfvRsyUAzL7VJ.pdf,finetuning/reference-materials/peru-quechua/text/1rOow6Z2jtNZ_Ys0RMQgzfvRsyUAzL7VJ.txt,extracted_unreviewed,56,41352929,5086,dc76c8fa8788024acb211c05d2ec4b113aed46c9b19b42e8dfed8f0c4fd67589,,explicit_restriction_detected_review_required,False
book-c01d0b4752c4,2 Rimanakushun: fichas multinivel de Comunicación del 2° Secundaria - Quechua central (MINEDU) PDF,central_unspecified,language_communication,secondary,2,False,candidate,https://peru.librosminedu.com/2-rimanakushun-fichas-multinivel-de-comunicacion-del-2-secundaria/,"Rapi TupunapaqEIB - Quechua Central · 16 páginas · 7,1 MB",,https://peru.librosminedu.com/pdf-2-rimanakushun-fichas-multinivel-de-comunicacion-del-2-secundaria/,1s4l-B5Un6JuPRJVwVQD0AjNs6s4rRZ8A,downloaded,finetuning/reference-materials/peru-quechua/pdf/1s4l-B5Un6JuPRJVwVQD0AjNs6s4rRZ8A.pdf,finetuning/reference-materials/peru-quechua/text/1s4l-B5Un6JuPRJVwVQD0AjNs6s4rRZ8A.txt,extracted_unreviewed,16,7466140,1407,0d49837cb2ec3598c37f7c5b3c00aac90bbcd0cf0c3c376bbe4ad6596d3c35c6,,explicit_restriction_detected_review_required,False
book-c01d0b4752c4,2 Rimanakushun: fichas multinivel de Comunicación del 2° Secundaria - Quechua central (MINEDU) PDF,central_unspecified,language_communication,secondary,2,False,candidate,https://peru.librosminedu.com/2-rimanakushun-fichas-multinivel-de-comunicacion-del-2-secundaria/,"Taqa 1 - Llamkana rapi 1, 2, 3EIB - Quechua Central · 56 páginas · 8,4 MB",,https://peru.librosminedu.com/pdf-2-rimanakushun-fichas-multinivel-de-comunicacion-del-2-secundaria-2/,1_QGGJPhLkPHfRP9CpLII49o1lNizUySK,downloaded,finetuning/reference-materials/peru-quechua/pdf/1_QGGJPhLkPHfRP9CpLII49o1lNizUySK.pdf,finetuning/reference-materials/peru-quechua/text/1_QGGJPhLkPHfRP9CpLII49o1lNizUySK.txt,extracted_unreviewed,56,8824917,4891,ceb41214ccfdc7d61f5e2581cc94e9c4ada01fd7a26792286d060bd192a2ed35,,explicit_restriction_detected_review_required,False
book-c01d0b4752c4,2 Rimanakushun: fichas multinivel de Comunicación del 2° Secundaria - Quechua central (MINEDU) PDF,central_unspecified,language_communication,secondary,2,False,candidate,https://peru.librosminedu.com/2-rimanakushun-fichas-multinivel-de-comunicacion-del-2-secundaria/,"Taqa 2 - Llamkana rapi 1, 2, 3EIB - Quechua Central · 56 páginas · 8,8 MB",,https://peru.librosminedu.com/pdf-2-rimanakushun-fichas-multinivel-de-comunicacion-del-2-secundaria-3/,1TgtVEjroHbyZtuEApwUNgFfIiG1K0z-v,downloaded,finetuning/reference-materials/peru-quechua/pdf/1TgtVEjroHbyZtuEApwUNgFfIiG1K0z-v.pdf,finetuning/reference-materials/peru-quechua/text/1TgtVEjroHbyZtuEApwUNgFfIiG1K0z-v.txt,extracted_unreviewed,56,9259065,4922,0d6b5742f7241d6e009ead32afca6c2f6878657abbf0ae5accdadeacfadf93d0,,explicit_restriction_detected_review_required,False
book-c01d0b4752c4,2 Rimanakushun: fichas multinivel de Comunicación del 2° Secundaria - Quechua central (MINEDU) PDF,central_unspecified,language_communication,secondary,2,False,candidate,https://peru.librosminedu.com/2-rimanakushun-fichas-multinivel-de-comunicacion-del-2-secundaria/,"Taqa 3 - Llamkana rapi 1, 2, 3EIB - Quechua Central · 56 páginas · 8,3 MB",,https://peru.librosminedu.com/pdf-2-rimanakushun-fichas-multinivel-de-comunicacion-del-2-secundaria-4/,1KMENVcHn3zDI0ajeyVwN3hClbKZ7cJgT,downloaded,finetuning/reference-materials/peru-quechua/pdf/1KMENVcHn3zDI0ajeyVwN3hClbKZ7cJgT.pdf,finetuning/reference-materials/peru-quechua/text/1KMENVcHn3zDI0ajeyVwN3hClbKZ7cJgT.txt,extracted_unreviewed,56,8673156,4965,4218fbea5b76b59a2a59572b77784dbe5d36b76f86fa1889016c05fb74456bdf,,explicit_restriction_detected_review_required,False
book-c01d0b4752c4,2 Rimanakushun: fichas multinivel de Comunicación del 2° Secundaria - Quechua central (MINEDU) PDF,central_unspecified,language_communication,secondary,2,False,candidate,https://peru.librosminedu.com/2-rimanakushun-fichas-multinivel-de-comunicacion-del-2-secundaria/,"Taqa 4 - Llamkana rapi 1, 2, 3EIB - Quechua Central · 56 páginas · 8,8 MB",,https://peru.librosminedu.com/pdf-2-rimanakushun-fichas-multinivel-de-comunicacion-del-2-secundaria-5/,1lcPs5fK9nxONoJ4mBaOJ8k4qcLuD5Ory,downloaded,finetuning/reference-materials/peru-quechua/pdf/1lcPs5fK9nxONoJ4mBaOJ8k4qcLuD5Ory.pdf,finetuning/reference-materials/peru-quechua/text/1lcPs5fK9nxONoJ4mBaOJ8k4qcLuD5Ory.txt,extracted_unreviewed,56,9191106,5109,7fbb401839f55b9c22f0bdec9ab07530da6ab48eba37850eb255ee715a7c1182,,explicit_restriction_detected_review_required,False
book-a27fbef671f1,1 Rimanakushun: fichas multinivel de Comunicación del 1° Secundaria - Quechua central (MINEDU) PDF,central_unspecified,language_communication,secondary,1,False,candidate,https://peru.librosminedu.com/1-rimanakushun-fichas-multinivel-de-comunicacion-del-1-secundaria/,"Rapi TupunapaqEIB - Quechua Central · 16 páginas · 7,2 MB",,https://peru.librosminedu.com/pdf-1-rimanakushun-fichas-multinivel-de-comunicacion-del-1-secundaria/,1z0FRtFZc-I9kShma-mhEWaEehakAfD9b,downloaded,finetuning/reference-materials/peru-quechua/pdf/1z0FRtFZc-I9kShma-mhEWaEehakAfD9b.pdf,finetuning/reference-materials/peru-quechua/text/1z0FRtFZc-I9kShma-mhEWaEehakAfD9b.txt,extracted_unreviewed,16,7596476,1228,1ebb22f4d8737891605591fce9cca5cca4e69ea45ee0a4de0c601c4ad83162f0,,explicit_restriction_detected_review_required,False
book-a27fbef671f1,1 Rimanakushun: fichas multinivel de Comunicación del 1° Secundaria - Quechua central (MINEDU) PDF,central_unspecified,language_communication,secondary,1,False,candidate,https://peru.librosminedu.com/1-rimanakushun-fichas-multinivel-de-comunicacion-del-1-secundaria/,"Taqa 1 - Llamkana rapi 1, 2, 3EIB - Quechua Central · 56 páginas · 9,0 MB",,https://peru.librosminedu.com/pdf-1-rimanakushun-fichas-multinivel-de-comunicacion-del-1-secundaria-2/,1OqF8V-t11D4MOXPi-Za1dA9mszj7ElU7,downloaded,finetuning/reference-materials/peru-quechua/pdf/1OqF8V-t11D4MOXPi-Za1dA9mszj7ElU7.pdf,finetuning/reference-materials/peru-quechua/text/1OqF8V-t11D4MOXPi-Za1dA9mszj7ElU7.txt,extracted_unreviewed,56,9397331,5133,035593b6a893b6d16b3e364c40ce4298f2ec4ea339cb4f2c7ce8f9b24209c547,,explicit_restriction_detected_review_required,False
book-a27fbef671f1,1 Rimanakushun: fichas multinivel de Comunicación del 1° Secundaria - Quechua central (MINEDU) PDF,central_unspecified,language_communication,secondary,1,False,candidate,https://peru.librosminedu.com/1-rimanakushun-fichas-multinivel-de-comunicacion-del-1-secundaria/,"Taqa 2 - Llamkana rapi 1, 2, 3EIB - Quechua Central · 56 páginas · 8,8 MB",,https://peru.librosminedu.com/pdf-1-rimanakushun-fichas-multinivel-de-comunicacion-del-1-secundaria-3/,1QmL7fhEIw4BnogdZueWe6ZF96NJ9lKza,downloaded,finetuning/reference-materials/peru-quechua/pdf/1QmL7fhEIw4BnogdZueWe6ZF96NJ9lKza.pdf,finetuning/reference-materials/peru-quechua/text/1QmL7fhEIw4BnogdZueWe6ZF96NJ9lKza.txt,extracted_unreviewed,56,9265413,4723,53ff75241b21768505a73e2ee56805e7e21234308f91137c6a498be40202d4ae,,explicit_restriction_detected_review_required,False
book-a27fbef671f1,1 Rimanakushun: fichas multinivel de Comunicación del 1° Secundaria - Quechua central (MINEDU) PDF,central_unspecified,language_communication,secondary,1,False,candidate,https://peru.librosminedu.com/1-rimanakushun-fichas-multinivel-de-comunicacion-del-1-secundaria/,"Taqa 3 - Llamkana rapi 1, 2, 3EIB - Quechua Central · 56 páginas · 9,1 MB",,https://peru.librosminedu.com/pdf-1-rimanakushun-fichas-multinivel-de-comunicacion-del-1-secundaria-4/,1hoIM1X-YkE9wWHQOlVsC-oEpelPgeO16,downloaded,finetuning/reference-materials/peru-quechua/pdf/1hoIM1X-YkE9wWHQOlVsC-oEpelPgeO16.pdf,finetuning/reference-materials/peru-quechua/text/1hoIM1X-YkE9wWHQOlVsC-oEpelPgeO16.txt,extracted_unreviewed,56,9563477,4344,e9b5a8a2ebf1651a3b50dde0c6309c888bcc73b6a5233f646ca20b92f6bf47f6,,explicit_restriction_detected_review_required,False
book-a27fbef671f1,1 Rimanakushun: fichas multinivel de Comunicación del 1° Secundaria - Quechua central (MINEDU) PDF,central_unspecified,language_communication,secondary,1,False,candidate,https://peru.librosminedu.com/1-rimanakushun-fichas-multinivel-de-comunicacion-del-1-secundaria/,"Taqa 4 - Llamkana rapi 1, 2, 3EIB - Quechua Central · 56 páginas · 9,1 MB",,https://peru.librosminedu.com/pdf-1-rimanakushun-fichas-multinivel-de-comunicacion-del-1-secundaria-5/,1jV286i7KnSOo3nf0kAru1-fjib4LIG8-,downloaded,finetuning/reference-materials/peru-quechua/pdf/1jV286i7KnSOo3nf0kAru1-fjib4LIG8-.pdf,finetuning/reference-materials/peru-quechua/text/1jV286i7KnSOo3nf0kAru1-fjib4LIG8-.txt,extracted_unreviewed,56,9580185,4406,2a375a13fd02523fccc3f90effcbb500a6f7ac06b9f4f60b73948e77470b5c81,,explicit_restriction_detected_review_required,False
book-b39573faebbb,Retahílas divertidas - Primaria - Quechua central (MINEDU) PDF,central_unspecified,literature_readers,primary,,False,candidate,https://peru.librosminedu.com/retahilas-divertidas-primaria-quechua-central/,"Edición 2026EIB - Quechua Central · 40 páginas · 21,2 MB",2026,https://peru.librosminedu.com/pdf-retahilas-divertidas-primaria-quechua-central/,1qZTr_96lvOFgNSMGwbkh6a7ZO8w3x3uZ,downloaded,finetuning/reference-materials/peru-quechua/pdf/1qZTr_96lvOFgNSMGwbkh6a7ZO8w3x3uZ.pdf,finetuning/reference-materials/peru-quechua/text/1qZTr_96lvOFgNSMGwbkh6a7ZO8w3x3uZ.txt,extracted_unreviewed,40,22240471,2343,55b9a948f96a17cfa1e358204947640002cc2bac140617904f948b427c11c310,,explicit_restriction_detected_review_required,False
book-1ff1a257108f,2 Yachaykuna ruraykuna - Quechua central: saberes y haceres III 2 - Primaria - Quechua central (MINEDU) PDF,central_unspecified,community_knowledge,primary,,False,candidate,https://peru.librosminedu.com/2-yachaykuna-ruraykuna-quechua-central-saberes-y-haceres-iii-2/,"Edición 2026EIB - Quechua Central · 112 páginas · 42,7 MB",2026,https://peru.librosminedu.com/pdf-2-yachaykuna-ruraykuna-quechua-central-saberes-y-haceres-iii-2/,1Z8fvuxsoOdlS3abSIckFJJHalaNbMfDK,downloaded,finetuning/reference-materials/peru-quechua/pdf/1Z8fvuxsoOdlS3abSIckFJJHalaNbMfDK.pdf,finetuning/reference-materials/peru-quechua/text/1Z8fvuxsoOdlS3abSIckFJJHalaNbMfDK.txt,extracted_unreviewed,112,44776132,3904,e8c83e0d90fcd0c7b63bb66d34976fc3055e4662418584df314ab5fbf71544d9,,explicit_restriction_detected_review_required,False
book-b2562cae7315,6 Rimanakushun - Quechua central: fichas multinivel de Comunicación del 6° Primaria (MINEDU) PDF,central_unspecified,language_communication,primary,6,False,candidate,https://peru.librosminedu.com/6-rimanakushun-quechua-central-fichas-multinivel-de-comunicacion-del/,"Taqa DiagnóticaEIB - Quechua Central · 12 páginas · 7,2 MB",,https://peru.librosminedu.com/pdf-6-rimanakushun-quechua-central-fichas-multinivel-de-comunicacion-del/,1afD2KC1tacKsXw5OYJlUP6Q-Yf4JspKR,downloaded,finetuning/reference-materials/peru-quechua/pdf/1afD2KC1tacKsXw5OYJlUP6Q-Yf4JspKR.pdf,finetuning/reference-materials/peru-quechua/text/1afD2KC1tacKsXw5OYJlUP6Q-Yf4JspKR.txt,extracted_unreviewed,12,7553879,1064,3808dc00497f5da24e401da8626c5bf765e9ce0d44c0c352757e00af6d08ef62,,explicit_restriction_detected_review_required,False
book-b2562cae7315,6 Rimanakushun - Quechua central: fichas multinivel de Comunicación del 6° Primaria (MINEDU) PDF,central_unspecified,language_communication,primary,6,False,candidate,https://peru.librosminedu.com/6-rimanakushun-quechua-central-fichas-multinivel-de-comunicacion-del/,"Taqa 1 - 1 Llamkana rapiEIB - Quechua Central · 20 páginas · 7,9 MB",,https://peru.librosminedu.com/pdf-6-rimanakushun-quechua-central-fichas-multinivel-de-comunicacion-del-2/,1t7zfXeJF3qd_p9TZlEuj-l5aQBBGLjnD,downloaded,finetuning/reference-materials/peru-quechua/pdf/1t7zfXeJF3qd_p9TZlEuj-l5aQBBGLjnD.pdf,finetuning/reference-materials/peru-quechua/text/1t7zfXeJF3qd_p9TZlEuj-l5aQBBGLjnD.txt,extracted_unreviewed,20,8304310,1745,9cb68ae12ca731ca2853c7080a7fc92226082f0201f3a40bd14f304a9e87c503,,explicit_restriction_detected_review_required,False
book-b2562cae7315,6 Rimanakushun - Quechua central: fichas multinivel de Comunicación del 6° Primaria (MINEDU) PDF,central_unspecified,language_communication,primary,6,False,candidate,https://peru.librosminedu.com/6-rimanakushun-quechua-central-fichas-multinivel-de-comunicacion-del/,"Taqa 1 - 2 Llamkana rapiEIB - Quechua Central · 20 páginas · 8,2 MB",,https://peru.librosminedu.com/pdf-6-rimanakushun-quechua-central-fichas-multinivel-de-comunicacion-del-3/,1iTjRCr8ASXUAWtoLn3UCaY7VD5VwtC2j,downloaded,finetuning/reference-materials/peru-quechua/pdf/1iTjRCr8ASXUAWtoLn3UCaY7VD5VwtC2j.pdf,finetuning/reference-materials/peru-quechua/text/1iTjRCr8ASXUAWtoLn3UCaY7VD5VwtC2j.txt,extracted_unreviewed,20,8557849,2096,12ce3f0fe5eb41a5777e66759af053ce4a268c742fc3886beef85fed2347c8fb,,explicit_restriction_detected_review_required,False
book-b2562cae7315,6 Rimanakushun - Quechua central: fichas multinivel de Comunicación del 6° Primaria (MINEDU) PDF,central_unspecified,language_communication,primary,6,False,candidate,https://peru.librosminedu.com/6-rimanakushun-quechua-central-fichas-multinivel-de-comunicacion-del/,"Taqa 1 - 3 Llamkana rapiEIB - Quechua Central · 20 páginas · 8,4 MB",,https://peru.librosminedu.com/pdf-6-rimanakushun-quechua-central-fichas-multinivel-de-comunicacion-del-4/,1LDxS1A8E219hMcGAK7qzSVBQErEQrFH5,downloaded,finetuning/reference-materials/peru-quechua/pdf/1LDxS1A8E219hMcGAK7qzSVBQErEQrFH5.pdf,finetuning/reference-materials/peru-quechua/text/1LDxS1A8E219hMcGAK7qzSVBQErEQrFH5.txt,extracted_unreviewed,20,8828435,2213,8ce775ea49a7792ea155286e9bc798839b14aae39a985302e435ca4fa02dc03d,,explicit_restriction_detected_review_required,False
book-b2562cae7315,6 Rimanakushun - Quechua central: fichas multinivel de Comunicación del 6° Primaria (MINEDU) PDF,central_unspecified,language_communication,primary,6,False,candidate,https://peru.librosminedu.com/6-rimanakushun-quechua-central-fichas-multinivel-de-comunicacion-del/,"Taqa 2 - 1 Llamkana rapiEIB - Quechua Central · 20 páginas · 8,0 MB",,https://peru.librosminedu.com/pdf-6-rimanakushun-quechua-central-fichas-multinivel-de-comunicacion-del-5/,1epo8poPzi44t9mVS-atzWtF4em1MYVAH,downloaded,finetuning/reference-materials/peru-quechua/pdf/1epo8poPzi44t9mVS-atzWtF4em1MYVAH.pdf,finetuning/reference-materials/peru-quechua/text/1epo8poPzi44t9mVS-atzWtF4em1MYVAH.txt,extracted_unreviewed,20,8349981,2002,2965f8390af66a0cd59b97bafa7a45d54b3815605a45a640747a9253741ca07f,,explicit_restriction_detected_review_required,False
book-b2562cae7315,6 Rimanakushun - Quechua central: fichas multinivel de Comunicación del 6° Primaria (MINEDU) PDF,central_unspecified,language_communication,primary,6,False,candidate,https://peru.librosminedu.com/6-rimanakushun-quechua-central-fichas-multinivel-de-comunicacion-del/,"Taqa 2 - 2 Llamkana rapiEIB - Quechua Central · 20 páginas · 8,0 MB",,https://peru.librosminedu.com/pdf-6-rimanakushun-quechua-central-fichas-multinivel-de-comunicacion-del-6/,1RH1pHl8yFTeQUYoOVj0HKKr1AAEnRUtO,downloaded,finetuning/reference-materials/peru-quechua/pdf/1RH1pHl8yFTeQUYoOVj0HKKr1AAEnRUtO.pdf,finetuning/reference-materials/peru-quechua/text/1RH1pHl8yFTeQUYoOVj0HKKr1AAEnRUtO.txt,extracted_unreviewed,20,8410441,2158,78626b4c9b8c60ca10517284832099ceff52368eeaeb28412ac2d00eca4136e8,,explicit_restriction_detected_review_required,False
book-b2562cae7315,6 Rimanakushun - Quechua central: fichas multinivel de Comunicación del 6° Primaria (MINEDU) PDF,central_unspecified,language_communication,primary,6,False,candidate,https://peru.librosminedu.com/6-rimanakushun-quechua-central-fichas-multinivel-de-comunicacion-del/,"Taqa 2 - 3 Llamkana rapiEIB - Quechua Central · 20 páginas · 8,1 MB",,https://peru.librosminedu.com/pdf-6-rimanakushun-quechua-central-fichas-multinivel-de-comunicacion-del-7/,17IrNANRCyrhthGCTJ4a_U8CENyfV6OvG,downloaded,finetuning/reference-materials/peru-quechua/pdf/17IrNANRCyrhthGCTJ4a_U8CENyfV6OvG.pdf,finetuning/reference-materials/peru-quechua/text/17IrNANRCyrhthGCTJ4a_U8CENyfV6OvG.txt,extracted_unreviewed,20,8533773,2172,43a68874ac9c886a932f41d68d81f281acf5d5f376bcc18c4459c99a66748ad8,,explicit_restriction_detected_review_required,False
book-b2562cae7315,6 Rimanakushun - Quechua central: fichas multinivel de Comunicación del 6° Primaria (MINEDU) PDF,central_unspecified,language_communication,primary,6,False,candidate,https://peru.librosminedu.com/6-rimanakushun-quechua-central-fichas-multinivel-de-comunicacion-del/,"Taqa 3 - 1 Llamkana rapiEIB - Quechua Central · 20 páginas · 8,0 MB",,https://peru.librosminedu.com/pdf-6-rimanakushun-quechua-central-fichas-multinivel-de-comunicacion-del-8/,1NMvH0RH7zIflwV4Ia50zpfUaYidA0r4H,downloaded,finetuning/reference-materials/peru-quechua/pdf/1NMvH0RH7zIflwV4Ia50zpfUaYidA0r4H.pdf,finetuning/reference-materials/peru-quechua/text/1NMvH0RH7zIflwV4Ia50zpfUaYidA0r4H.txt,extracted_unreviewed,20,8404109,2047,eb921861b27b9c11eee748d4d6d3538c9ae95283f18b791b5c0f40cdd7f5e720,,explicit_restriction_detected_review_required,False
book-b2562cae7315,6 Rimanakushun - Quechua central: fichas multinivel de Comunicación del 6° Primaria (MINEDU) PDF,central_unspecified,language_communication,primary,6,False,candidate,https://peru.librosminedu.com/6-rimanakushun-quechua-central-fichas-multinivel-de-comunicacion-del/,"Taqa 3 - 2 Llamkana rapiEIB - Quechua Central · 20 páginas · 7,6 MB",,https://peru.librosminedu.com/pdf-6-rimanakushun-quechua-central-fichas-multinivel-de-comunicacion-del-9/,1I3R643ItbCsBQqF09vOjpIGGuZgECFrN,downloaded,finetuning/reference-materials/peru-quechua/pdf/1I3R643ItbCsBQqF09vOjpIGGuZgECFrN.pdf,finetuning/reference-materials/peru-quechua/text/1I3R643ItbCsBQqF09vOjpIGGuZgECFrN.txt,extracted_unreviewed,20,7984236,2134,590e10da7439649f12f736b836772444ff87723a27fc28d836cd9c2a3bb6cb75,,explicit_restriction_detected_review_required,False
book-b2562cae7315,6 Rimanakushun - Quechua central: fichas multinivel de Comunicación del 6° Primaria (MINEDU) PDF,central_unspecified,language_communication,primary,6,False,candidate,https://peru.librosminedu.com/6-rimanakushun-quechua-central-fichas-multinivel-de-comunicacion-del/,"Taqa 3 - 3 Llamkana rapiEIB - Quechua Central · 20 páginas · 7,6 MB",,https://peru.librosminedu.com/pdf-6-rimanakushun-quechua-central-fichas-multinivel-de-comunicacion-del-10/,1NJ_wh51iFuNH2U1G2c-33FKRPIXeuTMR,downloaded,finetuning/reference-materials/peru-quechua/pdf/1NJ_wh51iFuNH2U1G2c-33FKRPIXeuTMR.pdf,finetuning/reference-materials/peru-quechua/text/1NJ_wh51iFuNH2U1G2c-33FKRPIXeuTMR.txt,extracted_unreviewed,20,7964906,2281,955ee8dbd91400bcd4f8d1e9a3dc85a528561d335b7d4bbc5ec64ec65b7f24f7,,explicit_restriction_detected_review_required,False
book-b2562cae7315,6 Rimanakushun - Quechua central: fichas multinivel de Comunicación del 6° Primaria (MINEDU) PDF,central_unspecified,language_communication,primary,6,False,candidate,https://peru.librosminedu.com/6-rimanakushun-quechua-central-fichas-multinivel-de-comunicacion-del/,"Taqa 4 - 1 Llamkana rapiEIB - Quechua Central · 20 páginas · 8,2 MB",,https://peru.librosminedu.com/pdf-6-rimanakushun-quechua-central-fichas-multinivel-de-comunicacion-del-11/,1m8KZUD8Kgqp_JxhN6gC-GZoEbAEUCv-s,downloaded,finetuning/reference-materials/peru-quechua/pdf/1m8KZUD8Kgqp_JxhN6gC-GZoEbAEUCv-s.pdf,finetuning/reference-materials/peru-quechua/text/1m8KZUD8Kgqp_JxhN6gC-GZoEbAEUCv-s.txt,extracted_unreviewed,20,8619844,1543,55cf68f12855c8c6844cfdcfb6a14eaf1a4b25e48f48867c1c93f2f7ca58992a,,explicit_restriction_detected_review_required,False
book-b2562cae7315,6 Rimanakushun - Quechua central: fichas multinivel de Comunicación del 6° Primaria (MINEDU) PDF,central_unspecified,language_communication,primary,6,False,candidate,https://peru.librosminedu.com/6-rimanakushun-quechua-central-fichas-multinivel-de-comunicacion-del/,"Taqa 4 - 2 Llamkana rapiEIB - Quechua Central · 20 páginas · 8,7 MB",,https://peru.librosminedu.com/pdf-6-rimanakushun-quechua-central-fichas-multinivel-de-comunicacion-del-12/,1ydBX1IkKUu1q8oQO_IEdFLUlPCQaJ-gT,downloaded,finetuning/reference-materials/peru-quechua/pdf/1ydBX1IkKUu1q8oQO_IEdFLUlPCQaJ-gT.pdf,finetuning/reference-materials/peru-quechua/text/1ydBX1IkKUu1q8oQO_IEdFLUlPCQaJ-gT.txt,extracted_unreviewed,20,9105275,1671,e41a00d35d71cc25f76cc6217b5f8f49ed7ec18a5ef5e4286dc08477b4fcc0fa,,explicit_restriction_detected_review_required,False
book-b2562cae7315,6 Rimanakushun - Quechua central: fichas multinivel de Comunicación del 6° Primaria (MINEDU) PDF,central_unspecified,language_communication,primary,6,False,candidate,https://peru.librosminedu.com/6-rimanakushun-quechua-central-fichas-multinivel-de-comunicacion-del/,"Taqa 4 - 3 Llamkana rapiEIB - Quechua Central · 20 páginas · 8,2 MB",,https://peru.librosminedu.com/pdf-6-rimanakushun-quechua-central-fichas-multinivel-de-comunicacion-del-13/,1f0BdXzcgW7S8oJVif4gpZgLmY8q1Ewui,downloaded,finetuning/reference-materials/peru-quechua/pdf/1f0BdXzcgW7S8oJVif4gpZgLmY8q1Ewui.pdf,finetuning/reference-materials/peru-quechua/text/1f0BdXzcgW7S8oJVif4gpZgLmY8q1Ewui.txt,extracted_unreviewed,20,8653823,2232,9442d3c446d229c545a898bc58735fbb954ec1188c3c5b6dbb129bf9bb6eb748,,explicit_restriction_detected_review_required,False
book-9231fa8689f0,5 Rimanakushun - Quechua central: fichas multinivel de Comunicación del 5° Primaria (MINEDU) PDF,central_unspecified,language_communication,primary,5,False,candidate,https://peru.librosminedu.com/5-rimanakushun-quechua-central-fichas-multinivel-de-comunicacion-del/,"Taqa DiagnósticaEIB - Quechua Central · 12 páginas · 7,1 MB",,https://peru.librosminedu.com/pdf-5-rimanakushun-quechua-central-fichas-multinivel-de-comunicacion-del/,1IhpACY9gTXaWsKQs0kHEeVoFGp-PqKlA,downloaded,finetuning/reference-materials/peru-quechua/pdf/1IhpACY9gTXaWsKQs0kHEeVoFGp-PqKlA.pdf,finetuning/reference-materials/peru-quechua/text/1IhpACY9gTXaWsKQs0kHEeVoFGp-PqKlA.txt,extracted_unreviewed,12,7454722,1060,4429fb7e9f6488911580695a5666c178bb728a50cde9badfcce41a8745037f08,,explicit_restriction_detected_review_required,False
book-9231fa8689f0,5 Rimanakushun - Quechua central: fichas multinivel de Comunicación del 5° Primaria (MINEDU) PDF,central_unspecified,language_communication,primary,5,False,candidate,https://peru.librosminedu.com/5-rimanakushun-quechua-central-fichas-multinivel-de-comunicacion-del/,"Taqa 1EIB - Quechua Central · 20 páginas · 7,6 MB",,https://peru.librosminedu.com/pdf-5-rimanakushun-quechua-central-fichas-multinivel-de-comunicacion-del-2/,1amYqfMUhMHv2cymFtimWiKp9lhJX_piX,downloaded,finetuning/reference-materials/peru-quechua/pdf/1amYqfMUhMHv2cymFtimWiKp9lhJX_piX.pdf,finetuning/reference-materials/peru-quechua/text/1amYqfMUhMHv2cymFtimWiKp9lhJX_piX.txt,extracted_unreviewed,20,7951991,1928,128ea509069487fffb50e65beadcdf8a4b448af0ae75a966bd691b0c6aaad868,,explicit_restriction_detected_review_required,False
book-9231fa8689f0,5 Rimanakushun - Quechua central: fichas multinivel de Comunicación del 5° Primaria (MINEDU) PDF,central_unspecified,language_communication,primary,5,False,candidate,https://peru.librosminedu.com/5-rimanakushun-quechua-central-fichas-multinivel-de-comunicacion-del/,"Taqa 1 - Ficha 2EIB - Quechua Central · 20 páginas · 8,2 MB",,https://peru.librosminedu.com/pdf-5-rimanakushun-quechua-central-fichas-multinivel-de-comunicacion-del-3/,1hC4nl3hk9Dqn8GW-Jt7zvVx5eU3sTj8Z,downloaded,finetuning/reference-materials/peru-quechua/pdf/1hC4nl3hk9Dqn8GW-Jt7zvVx5eU3sTj8Z.pdf,finetuning/reference-materials/peru-quechua/text/1hC4nl3hk9Dqn8GW-Jt7zvVx5eU3sTj8Z.txt,extracted_unreviewed,20,8631572,2075,299bb8c9f92e9388b8e7590237bb0219a90f7768dbaf4b630b1e6c0e1eaab167,,explicit_restriction_detected_review_required,False
book-9231fa8689f0,5 Rimanakushun - Quechua central: fichas multinivel de Comunicación del 5° Primaria (MINEDU) PDF,central_unspecified,language_communication,primary,5,False,candidate,https://peru.librosminedu.com/5-rimanakushun-quechua-central-fichas-multinivel-de-comunicacion-del/,"Taqa 1 - Ficha 3EIB - Quechua Central · 20 páginas · 8,2 MB",,https://peru.librosminedu.com/pdf-5-rimanakushun-quechua-central-fichas-multinivel-de-comunicacion-del-4/,1LdBfFNw4TUHaFcZu1wkcnheHIEuQMaOH,downloaded,finetuning/reference-materials/peru-quechua/pdf/1LdBfFNw4TUHaFcZu1wkcnheHIEuQMaOH.pdf,finetuning/reference-materials/peru-quechua/text/1LdBfFNw4TUHaFcZu1wkcnheHIEuQMaOH.txt,extracted_unreviewed,20,8566460,2155,852819d6592ad7c21396bd3515520f8ffd48e9016eaa8b4d4bf6c66ceb1d8fe5,,explicit_restriction_detected_review_required,False
book-9231fa8689f0,5 Rimanakushun - Quechua central: fichas multinivel de Comunicación del 5° Primaria (MINEDU) PDF,central_unspecified,language_communication,primary,5,False,candidate,https://peru.librosminedu.com/5-rimanakushun-quechua-central-fichas-multinivel-de-comunicacion-del/,"Taqa 2EIB - Quechua Central · 20 páginas · 7,9 MB",,https://peru.librosminedu.com/pdf-5-rimanakushun-quechua-central-fichas-multinivel-de-comunicacion-del-5/,1Lqice2ODLg_QDc4Kd-GoR6Z7DHbCJhyE,downloaded,finetuning/reference-materials/peru-quechua/pdf/1Lqice2ODLg_QDc4Kd-GoR6Z7DHbCJhyE.pdf,finetuning/reference-materials/peru-quechua/text/1Lqice2ODLg_QDc4Kd-GoR6Z7DHbCJhyE.txt,extracted_unreviewed,20,8317005,1946,d796b2e652cab73efdfec649703c3e321eb862a7406de3eed9d495216df5257e,,explicit_restriction_detected_review_required,False
book-9231fa8689f0,5 Rimanakushun - Quechua central: fichas multinivel de Comunicación del 5° Primaria (MINEDU) PDF,central_unspecified,language_communication,primary,5,False,candidate,https://peru.librosminedu.com/5-rimanakushun-quechua-central-fichas-multinivel-de-comunicacion-del/,"Taqa 2 - Ficha 2EIB - Quechua Central · 20 páginas · 7,9 MB",,https://peru.librosminedu.com/pdf-5-rimanakushun-quechua-central-fichas-multinivel-de-comunicacion-del-6/,1o6dd94p3cQEtHnnMvyzHNlC8aMo9tZKB,downloaded,finetuning/reference-materials/peru-quechua/pdf/1o6dd94p3cQEtHnnMvyzHNlC8aMo9tZKB.pdf,finetuning/reference-materials/peru-quechua/text/1o6dd94p3cQEtHnnMvyzHNlC8aMo9tZKB.txt,extracted_unreviewed,20,8292074,2237,91765c04cf440eb8152a5ed672d87b6ddcca880f99f06dac5a41a1cd054b8040,,explicit_restriction_detected_review_required,False
book-9231fa8689f0,5 Rimanakushun - Quechua central: fichas multinivel de Comunicación del 5° Primaria (MINEDU) PDF,central_unspecified,language_communication,primary,5,False,candidate,https://peru.librosminedu.com/5-rimanakushun-quechua-central-fichas-multinivel-de-comunicacion-del/,"Taqa 2 - Ficha 3EIB - Quechua Central · 20 páginas · 7,8 MB",,https://peru.librosminedu.com/pdf-5-rimanakushun-quechua-central-fichas-multinivel-de-comunicacion-del-7/,1012mBqXHyeIpo1NPhaH53hPz4jW44L83,downloaded,finetuning/reference-materials/peru-quechua/pdf/1012mBqXHyeIpo1NPhaH53hPz4jW44L83.pdf,finetuning/reference-materials/peru-quechua/text/1012mBqXHyeIpo1NPhaH53hPz4jW44L83.txt,extracted_unreviewed,20,8145411,2527,6106a7a38bf895af5e37a8f06a4a50cabe33ed2a6ce7773f90ddfbce5cababab,,explicit_restriction_detected_review_required,False
book-9231fa8689f0,5 Rimanakushun - Quechua central: fichas multinivel de Comunicación del 5° Primaria (MINEDU) PDF,central_unspecified,language_communication,primary,5,False,candidate,https://peru.librosminedu.com/5-rimanakushun-quechua-central-fichas-multinivel-de-comunicacion-del/,"Taqa 3EIB - Quechua Central · 20 páginas · 7,7 MB",,https://peru.librosminedu.com/pdf-5-rimanakushun-quechua-central-fichas-multinivel-de-comunicacion-del-8/,1L-wwB_cWF3XeHd1SrViIq3r6RAgivODm,downloaded,finetuning/reference-materials/peru-quechua/pdf/1L-wwB_cWF3XeHd1SrViIq3r6RAgivODm.pdf,finetuning/reference-materials/peru-quechua/text/1L-wwB_cWF3XeHd1SrViIq3r6RAgivODm.txt,extracted_unreviewed,20,8094793,2113,9d1fa17e8f7a1f71611ef2126f6cdb01953dd477020b9df52210ace9877526a5,,explicit_restriction_detected_review_required,False
book-9231fa8689f0,5 Rimanakushun - Quechua central: fichas multinivel de Comunicación del 5° Primaria (MINEDU) PDF,central_unspecified,language_communication,primary,5,False,candidate,https://peru.librosminedu.com/5-rimanakushun-quechua-central-fichas-multinivel-de-comunicacion-del/,"Taqa 3 - Ficha 2EIB - Quechua Central · 20 páginas · 7,5 MB",,https://peru.librosminedu.com/pdf-5-rimanakushun-quechua-central-fichas-multinivel-de-comunicacion-del-9/,1iHN_FrTqlbeHXS4vKqBGPrd8Yh6CE9vb,downloaded,finetuning/reference-materials/peru-quechua/pdf/1iHN_FrTqlbeHXS4vKqBGPrd8Yh6CE9vb.pdf,finetuning/reference-materials/peru-quechua/text/1iHN_FrTqlbeHXS4vKqBGPrd8Yh6CE9vb.txt,extracted_unreviewed,20,7848450,2342,a0d79e1a09e4a7a2887349fc90564236bd943f4d62652fa68c3c6327a252b924,,explicit_restriction_detected_review_required,False
book-9231fa8689f0,5 Rimanakushun - Quechua central: fichas multinivel de Comunicación del 5° Primaria (MINEDU) PDF,central_unspecified,language_communication,primary,5,False,candidate,https://peru.librosminedu.com/5-rimanakushun-quechua-central-fichas-multinivel-de-comunicacion-del/,"Taqa 3 - Ficha 3EIB - Quechua Central · 20 páginas · 7,7 MB",,https://peru.librosminedu.com/pdf-5-rimanakushun-quechua-central-fichas-multinivel-de-comunicacion-del-10/,1pIuPKFXDU006qgn3a25XPvXdtT5WLZVv,downloaded,finetuning/reference-materials/peru-quechua/pdf/1pIuPKFXDU006qgn3a25XPvXdtT5WLZVv.pdf,finetuning/reference-materials/peru-quechua/text/1pIuPKFXDU006qgn3a25XPvXdtT5WLZVv.txt,extracted_unreviewed,20,8115265,2431,bd26741e499f7efa7f82d6faebce6864cbd2b611cb7988e5cba05236bb7ca516,,explicit_restriction_detected_review_required,False
book-9231fa8689f0,5 Rimanakushun - Quechua central: fichas multinivel de Comunicación del 5° Primaria (MINEDU) PDF,central_unspecified,language_communication,primary,5,False,candidate,https://peru.librosminedu.com/5-rimanakushun-quechua-central-fichas-multinivel-de-comunicacion-del/,"Taqa 4EIB - Quechua Central · 20 páginas · 8,0 MB",,https://peru.librosminedu.com/pdf-5-rimanakushun-quechua-central-fichas-multinivel-de-comunicacion-del-11/,1OHVEG09CLwJCfHVNOJRk6dreh9qxf7tA,downloaded,finetuning/reference-materials/peru-quechua/pdf/1OHVEG09CLwJCfHVNOJRk6dreh9qxf7tA.pdf,finetuning/reference-materials/peru-quechua/text/1OHVEG09CLwJCfHVNOJRk6dreh9qxf7tA.txt,extracted_unreviewed,20,8365612,1667,142a57c69b9d302a368e2317716386edd4a9d90764f9d1212cf8d26af2625989,,explicit_restriction_detected_review_required,False
book-9231fa8689f0,5 Rimanakushun - Quechua central: fichas multinivel de Comunicación del 5° Primaria (MINEDU) PDF,central_unspecified,language_communication,primary,5,False,candidate,https://peru.librosminedu.com/5-rimanakushun-quechua-central-fichas-multinivel-de-comunicacion-del/,"Taqa 4 - Ficha 2EIB - Quechua Central · 20 páginas · 8,0 MB",,https://peru.librosminedu.com/pdf-5-rimanakushun-quechua-central-fichas-multinivel-de-comunicacion-del-12/,17Yf5k1aCQPbOsOgHsoJ4yASAWQ9jIUSX,downloaded,finetuning/reference-materials/peru-quechua/pdf/17Yf5k1aCQPbOsOgHsoJ4yASAWQ9jIUSX.pdf,finetuning/reference-materials/peru-quechua/text/17Yf5k1aCQPbOsOgHsoJ4yASAWQ9jIUSX.txt,extracted_unreviewed,20,8348609,1928,3c649808a28411b87c330d075132694e46eedf3b5805c95cb78efa71f03ed174,,explicit_restriction_detected_review_required,False
book-9231fa8689f0,5 Rimanakushun - Quechua central: fichas multinivel de Comunicación del 5° Primaria (MINEDU) PDF,central_unspecified,language_communication,primary,5,False,candidate,https://peru.librosminedu.com/5-rimanakushun-quechua-central-fichas-multinivel-de-comunicacion-del/,"Taqa 4 - Ficha 3EIB - Quechua Central · 20 páginas · 8,0 MB",,https://peru.librosminedu.com/pdf-5-rimanakushun-quechua-central-fichas-multinivel-de-comunicacion-del-13/,1S6UBO254TVmIbRTvjaxyqiIxqbNyxyIz,downloaded,finetuning/reference-materials/peru-quechua/pdf/1S6UBO254TVmIbRTvjaxyqiIxqbNyxyIz.pdf,finetuning/reference-materials/peru-quechua/text/1S6UBO254TVmIbRTvjaxyqiIxqbNyxyIz.txt,extracted_unreviewed,20,8337952,2321,ead045d30eb92f02cdc1d9764dad425e0cbbe278763bec0a71522ec24c196fa1,,explicit_restriction_detected_review_required,False
book-14cf24698c2e,4 Rimanakushun - Quechua central: fichas multinivel de Comunicación del 4° Primaria (MINEDU) PDF,central_unspecified,language_communication,primary,4,False,candidate,https://peru.librosminedu.com/4-rimanakushun-quechua-central-fichas-multinivel-de-comunicacion-del/,"Taqa DiagnósticaEIB - Quechua Central · 12 páginas · 7,0 MB",,https://peru.librosminedu.com/pdf-4-rimanakushun-quechua-central-fichas-multinivel-de-comunicacion-del/,1eaJBEfeATN_UmmALggJ5tlKW-IZq0Q0h,downloaded,finetuning/reference-materials/peru-quechua/pdf/1eaJBEfeATN_UmmALggJ5tlKW-IZq0Q0h.pdf,finetuning/reference-materials/peru-quechua/text/1eaJBEfeATN_UmmALggJ5tlKW-IZq0Q0h.txt,extracted_unreviewed,12,7284020,757,365dfa150c256af1fbe8aed62ae1c49297e0c5b97b7686d2b350fe21d12c9b9f,,explicit_restriction_detected_review_required,False
book-14cf24698c2e,4 Rimanakushun - Quechua central: fichas multinivel de Comunicación del 4° Primaria (MINEDU) PDF,central_unspecified,language_communication,primary,4,False,candidate,https://peru.librosminedu.com/4-rimanakushun-quechua-central-fichas-multinivel-de-comunicacion-del/,"Taqa 1 - 1 Llamkana rapiEIB - Quechua Central · 20 páginas · 8,2 MB",,https://peru.librosminedu.com/pdf-4-rimanakushun-quechua-central-fichas-multinivel-de-comunicacion-del-2/,1n2lMdXCmAc32s0pEUu3C881bsG3Fribw,downloaded,finetuning/reference-materials/peru-quechua/pdf/1n2lMdXCmAc32s0pEUu3C881bsG3Fribw.pdf,finetuning/reference-materials/peru-quechua/text/1n2lMdXCmAc32s0pEUu3C881bsG3Fribw.txt,extracted_unreviewed,20,8594489,1741,3e2c1672fb48346b889a0610a10f93a13ddbae6f1a30de820262b3f29a5e2033,,explicit_restriction_detected_review_required,False
book-14cf24698c2e,4 Rimanakushun - Quechua central: fichas multinivel de Comunicación del 4° Primaria (MINEDU) PDF,central_unspecified,language_communication,primary,4,False,candidate,https://peru.librosminedu.com/4-rimanakushun-quechua-central-fichas-multinivel-de-comunicacion-del/,"Taqa 1 - 2 Llamkana rapiEIB - Quechua Central · 20 páginas · 8,5 MB",,https://peru.librosminedu.com/pdf-4-rimanakushun-quechua-central-fichas-multinivel-de-comunicacion-del-3/,1ecE1ltc1gpzGvDw6cWSIPzfVAIGz8O_s,downloaded,finetuning/reference-materials/peru-quechua/pdf/1ecE1ltc1gpzGvDw6cWSIPzfVAIGz8O_s.pdf,finetuning/reference-materials/peru-quechua/text/1ecE1ltc1gpzGvDw6cWSIPzfVAIGz8O_s.txt,extracted_unreviewed,20,8951399,1795,875b08d53fa6301a969da2cf6ec1fb0b46a6deeddfb13c42d235208cb6db1832,,explicit_restriction_detected_review_required,False
book-14cf24698c2e,4 Rimanakushun - Quechua central: fichas multinivel de Comunicación del 4° Primaria (MINEDU) PDF,central_unspecified,language_communication,primary,4,False,candidate,https://peru.librosminedu.com/4-rimanakushun-quechua-central-fichas-multinivel-de-comunicacion-del/,"Taqa 2 - 1 Llamkana rapiEIB - Quechua Central · 20 páginas · 8,4 MB",,https://peru.librosminedu.com/pdf-4-rimanakushun-quechua-central-fichas-multinivel-de-comunicacion-del-4/,1aHV2UacZmYA4UJcyz-wXeeC1nYxlWKx6,downloaded,finetuning/reference-materials/peru-quechua/pdf/1aHV2UacZmYA4UJcyz-wXeeC1nYxlWKx6.pdf,finetuning/reference-materials/peru-quechua/text/1aHV2UacZmYA4UJcyz-wXeeC1nYxlWKx6.txt,extracted_unreviewed,20,8814329,1899,b1469e9a5e2a68422fabe796c6c908e6d8612c234714e8afb7946afdb9a5fead,,explicit_restriction_detected_review_required,False
book-14cf24698c2e,4 Rimanakushun - Quechua central: fichas multinivel de Comunicación del 4° Primaria (MINEDU) PDF,central_unspecified,language_communication,primary,4,False,candidate,https://peru.librosminedu.com/4-rimanakushun-quechua-central-fichas-multinivel-de-comunicacion-del/,"Taqa 2 - 2 Llamkana rapiEIB - Quechua Central · 20 páginas · 8,2 MB",,https://peru.librosminedu.com/pdf-4-rimanakushun-quechua-central-fichas-multinivel-de-comunicacion-del-5/,1aOqPtyBNNQjzvk3-0rusPGh1jJyQ0cpg,downloaded,finetuning/reference-materials/peru-quechua/pdf/1aOqPtyBNNQjzvk3-0rusPGh1jJyQ0cpg.pdf,finetuning/reference-materials/peru-quechua/text/1aOqPtyBNNQjzvk3-0rusPGh1jJyQ0cpg.txt,extracted_unreviewed,20,8585173,1969,cc22b4a3e46575475a878dea997b0f729cb0242e30fa1acc1ca51ef735a9e5f5,,explicit_restriction_detected_review_required,False
book-14cf24698c2e,4 Rimanakushun - Quechua central: fichas multinivel de Comunicación del 4° Primaria (MINEDU) PDF,central_unspecified,language_communication,primary,4,False,candidate,https://peru.librosminedu.com/4-rimanakushun-quechua-central-fichas-multinivel-de-comunicacion-del/,"Taqa 3 - 1 Llamkana rapiEIB - Quechua Central · 20 páginas · 8,2 MB",,https://peru.librosminedu.com/pdf-4-rimanakushun-quechua-central-fichas-multinivel-de-comunicacion-del-6/,1oKKJBSPLFUb0oi5XIzKKRlEPUJDGMsX_,downloaded,finetuning/reference-materials/peru-quechua/pdf/1oKKJBSPLFUb0oi5XIzKKRlEPUJDGMsX_.pdf,finetuning/reference-materials/peru-quechua/text/1oKKJBSPLFUb0oi5XIzKKRlEPUJDGMsX_.txt,extracted_unreviewed,20,8651407,1864,36b1fd6414fe755e9ade1c493806879ea0c2312b3001583516716d337a4bbb6c,,explicit_restriction_detected_review_required,False
book-14cf24698c2e,4 Rimanakushun - Quechua central: fichas multinivel de Comunicación del 4° Primaria (MINEDU) PDF,central_unspecified,language_communication,primary,4,False,candidate,https://peru.librosminedu.com/4-rimanakushun-quechua-central-fichas-multinivel-de-comunicacion-del/,"Taqa 3 - 2 Llamkana rapiEIB - Quechua Central · 20 páginas · 8,3 MB",,https://peru.librosminedu.com/pdf-4-rimanakushun-quechua-central-fichas-multinivel-de-comunicacion-del-7/,1Dz3Z-iMqRWFLgr7dxP_f9mZiX27GPa6L,downloaded,finetuning/reference-materials/peru-quechua/pdf/1Dz3Z-iMqRWFLgr7dxP_f9mZiX27GPa6L.pdf,finetuning/reference-materials/peru-quechua/text/1Dz3Z-iMqRWFLgr7dxP_f9mZiX27GPa6L.txt,extracted_unreviewed,20,8754211,2108,ae82e6af33a31e1044a9e8cfad3fd6d1163c0e57ead425778032cf3b26ae7a25,,explicit_restriction_detected_review_required,False
book-14cf24698c2e,4 Rimanakushun - Quechua central: fichas multinivel de Comunicación del 4° Primaria (MINEDU) PDF,central_unspecified,language_communication,primary,4,False,candidate,https://peru.librosminedu.com/4-rimanakushun-quechua-central-fichas-multinivel-de-comunicacion-del/,"Taqa 4 - 1 Llamkana rapiEIB - Quechua Central · 20 páginas · 8,2 MB",,https://peru.librosminedu.com/pdf-4-rimanakushun-quechua-central-fichas-multinivel-de-comunicacion-del-8/,1vGhXFlzPFTMhSwXPpwXs4FRtup_WJc2n,downloaded,finetuning/reference-materials/peru-quechua/pdf/1vGhXFlzPFTMhSwXPpwXs4FRtup_WJc2n.pdf,finetuning/reference-materials/peru-quechua/text/1vGhXFlzPFTMhSwXPpwXs4FRtup_WJc2n.txt,extracted_unreviewed,20,8558834,1499,6dd2ae93212ff16e7eb1a9e066a59a251bc9c787fd45867377c27380e571b848,,explicit_restriction_detected_review_required,False
book-14cf24698c2e,4 Rimanakushun - Quechua central: fichas multinivel de Comunicación del 4° Primaria (MINEDU) PDF,central_unspecified,language_communication,primary,4,False,candidate,https://peru.librosminedu.com/4-rimanakushun-quechua-central-fichas-multinivel-de-comunicacion-del/,"Taqa 4 - 2 Llamkana rapiEIB - Quechua Central · 20 páginas · 7,7 MB",,https://peru.librosminedu.com/pdf-4-rimanakushun-quechua-central-fichas-multinivel-de-comunicacion-del-9/,18ZwQQLM_Sk5OFfHuVKDcg0VoyFmA8eDd,downloaded,finetuning/reference-materials/peru-quechua/pdf/18ZwQQLM_Sk5OFfHuVKDcg0VoyFmA8eDd.pdf,finetuning/reference-materials/peru-quechua/text/18ZwQQLM_Sk5OFfHuVKDcg0VoyFmA8eDd.txt,extracted_unreviewed,20,8105086,1450,2d81304b46904b082bf2c193158f03bfdf9ecbeb96ba58b503a5f827d549e682,,explicit_restriction_detected_review_required,False
book-3ac0ff23515c,3 Rimanakushun - Quechua central: fichas multinivel de Comunicación del 3° Primaria (MINEDU) PDF,central_unspecified,language_communication,primary,3,False,candidate,https://peru.librosminedu.com/3-rimanakushun-quechua-central-fichas-multinivel-de-comunicacion-del/,"Taqa DiagnósticaEIB - Quechua Central · 12 páginas · 6,8 MB",,https://peru.librosminedu.com/pdf-3-rimanakushun-quechua-central-fichas-multinivel-de-comunicacion-del/,1wOEnrrXfZWwpJAy6pdgj5YEBUTFaDmZQ,downloaded,finetuning/reference-materials/peru-quechua/pdf/1wOEnrrXfZWwpJAy6pdgj5YEBUTFaDmZQ.pdf,finetuning/reference-materials/peru-quechua/text/1wOEnrrXfZWwpJAy6pdgj5YEBUTFaDmZQ.txt,extracted_unreviewed,12,7135555,808,3ae97e549dba96cc82202d2a312d12afae6547f2d5450db73b95ba29e8e3f82f,,explicit_restriction_detected_review_required,False
book-3ac0ff23515c,3 Rimanakushun - Quechua central: fichas multinivel de Comunicación del 3° Primaria (MINEDU) PDF,central_unspecified,language_communication,primary,3,False,candidate,https://peru.librosminedu.com/3-rimanakushun-quechua-central-fichas-multinivel-de-comunicacion-del/,"Taqa 1 - 1 Llamkana rapiEIB - Quechua Central · 20 páginas · 8,9 MB",,https://peru.librosminedu.com/pdf-3-rimanakushun-quechua-central-fichas-multinivel-de-comunicacion-del-2/,1oXTmYtkG3DOgEtqVNudZGyNPZzrO2gIh,downloaded,finetuning/reference-materials/peru-quechua/pdf/1oXTmYtkG3DOgEtqVNudZGyNPZzrO2gIh.pdf,finetuning/reference-materials/peru-quechua/text/1oXTmYtkG3DOgEtqVNudZGyNPZzrO2gIh.txt,extracted_unreviewed,20,9326551,1620,6b415134e1749c8bd0943232b4058eeb6e2e57920ab4a2c6f6e9ea7b3e291f34,,explicit_restriction_detected_review_required,False
book-3ac0ff23515c,3 Rimanakushun - Quechua central: fichas multinivel de Comunicación del 3° Primaria (MINEDU) PDF,central_unspecified,language_communication,primary,3,False,candidate,https://peru.librosminedu.com/3-rimanakushun-quechua-central-fichas-multinivel-de-comunicacion-del/,"Taqa 1 - 2 Llamkana rapiEIB - Quechua Central · 20 páginas · 8,2 MB",,https://peru.librosminedu.com/pdf-3-rimanakushun-quechua-central-fichas-multinivel-de-comunicacion-del-3/,1fShyZIH2MgTw4VVuImBF8U-oDV3RJciR,downloaded,finetuning/reference-materials/peru-quechua/pdf/1fShyZIH2MgTw4VVuImBF8U-oDV3RJciR.pdf,finetuning/reference-materials/peru-quechua/text/1fShyZIH2MgTw4VVuImBF8U-oDV3RJciR.txt,extracted_unreviewed,20,8637607,1902,2e756115bf76edd629a6724dfba03296ed226c59aaf7fe6838aec70d36b57242,,explicit_restriction_detected_review_required,False
book-3ac0ff23515c,3 Rimanakushun - Quechua central: fichas multinivel de Comunicación del 3° Primaria (MINEDU) PDF,central_unspecified,language_communication,primary,3,False,candidate,https://peru.librosminedu.com/3-rimanakushun-quechua-central-fichas-multinivel-de-comunicacion-del/,"Taqa 2 - 1 Llamkana rapiEIB - Quechua Central · 20 páginas · 8,5 MB",,https://peru.librosminedu.com/pdf-3-rimanakushun-quechua-central-fichas-multinivel-de-comunicacion-del-4/,1SP1Ibq9_qxSZvc7yrmrGLC7mUBfBebWs,downloaded,finetuning/reference-materials/peru-quechua/pdf/1SP1Ibq9_qxSZvc7yrmrGLC7mUBfBebWs.pdf,finetuning/reference-materials/peru-quechua/text/1SP1Ibq9_qxSZvc7yrmrGLC7mUBfBebWs.txt,extracted_unreviewed,20,8935834,2014,42ebfd0cf0502366c0f2f69a9042685e0d3e195f17121b684eea22e81c66c72c,,explicit_restriction_detected_review_required,False
book-3ac0ff23515c,3 Rimanakushun - Quechua central: fichas multinivel de Comunicación del 3° Primaria (MINEDU) PDF,central_unspecified,language_communication,primary,3,False,candidate,https://peru.librosminedu.com/3-rimanakushun-quechua-central-fichas-multinivel-de-comunicacion-del/,"Taqa 2 - 2 Llamkana rapiEIB - Quechua Central · 20 páginas · 8,6 MB",,https://peru.librosminedu.com/pdf-3-rimanakushun-quechua-central-fichas-multinivel-de-comunicacion-del-5/,18_MXrn08MxMyC3r9mFjX9npcBi3aNkI2,downloaded,finetuning/reference-materials/peru-quechua/pdf/18_MXrn08MxMyC3r9mFjX9npcBi3aNkI2.pdf,finetuning/reference-materials/peru-quechua/text/18_MXrn08MxMyC3r9mFjX9npcBi3aNkI2.txt,extracted_unreviewed,20,9031172,2139,ccd918a715af2d20a76e248c6f30de1e8adb58bd5ab64a78a0bde10842da88e8,,explicit_restriction_detected_review_required,False
book-3ac0ff23515c,3 Rimanakushun - Quechua central: fichas multinivel de Comunicación del 3° Primaria (MINEDU) PDF,central_unspecified,language_communication,primary,3,False,candidate,https://peru.librosminedu.com/3-rimanakushun-quechua-central-fichas-multinivel-de-comunicacion-del/,"Taqa 3 - 1 Llamkana rapiEIB - Quechua Central · 20 páginas · 8,6 MB",,https://peru.librosminedu.com/pdf-3-rimanakushun-quechua-central-fichas-multinivel-de-comunicacion-del-6/,1UZ1jbQSqMQGDdCfC8P0LJQJxBkH-8bRB,downloaded,finetuning/reference-materials/peru-quechua/pdf/1UZ1jbQSqMQGDdCfC8P0LJQJxBkH-8bRB.pdf,finetuning/reference-materials/peru-quechua/text/1UZ1jbQSqMQGDdCfC8P0LJQJxBkH-8bRB.txt,extracted_unreviewed,20,9023124,2079,b20b007a97fcccf148b3e2cd0c32015a7a81a0f581c906656801b1f779310dca,,explicit_restriction_detected_review_required,False
book-3ac0ff23515c,3 Rimanakushun - Quechua central: fichas multinivel de Comunicación del 3° Primaria (MINEDU) PDF,central_unspecified,language_communication,primary,3,False,candidate,https://peru.librosminedu.com/3-rimanakushun-quechua-central-fichas-multinivel-de-comunicacion-del/,"Taqa 3 - 2 Llamkana rapiEIB - Quechua Central · 20 páginas · 8,2 MB",,https://peru.librosminedu.com/pdf-3-rimanakushun-quechua-central-fichas-multinivel-de-comunicacion-del-7/,1PMclOajDspSn0wUAE19dvtaQ7NhrADOU,downloaded,finetuning/reference-materials/peru-quechua/pdf/1PMclOajDspSn0wUAE19dvtaQ7NhrADOU.pdf,finetuning/reference-materials/peru-quechua/text/1PMclOajDspSn0wUAE19dvtaQ7NhrADOU.txt,extracted_unreviewed,20,8630065,2150,e530a15b9c0407c9c2c4df3e546bc39cfa0357c56c2dbaa39b4fb1ca6c75f159,,explicit_restriction_detected_review_required,False
book-3ac0ff23515c,3 Rimanakushun - Quechua central: fichas multinivel de Comunicación del 3° Primaria (MINEDU) PDF,central_unspecified,language_communication,primary,3,False,candidate,https://peru.librosminedu.com/3-rimanakushun-quechua-central-fichas-multinivel-de-comunicacion-del/,"Taqa 4 - 1 Llamkana rapiEIB - Quechua Central · 20 páginas · 8,4 MB",,https://peru.librosminedu.com/pdf-3-rimanakushun-quechua-central-fichas-multinivel-de-comunicacion-del-8/,12BPtWg0P7RGA9hRVv91Gm4WSNu6FpL-0,downloaded,finetuning/reference-materials/peru-quechua/pdf/12BPtWg0P7RGA9hRVv91Gm4WSNu6FpL-0.pdf,finetuning/reference-materials/peru-quechua/text/12BPtWg0P7RGA9hRVv91Gm4WSNu6FpL-0.txt,extracted_unreviewed,20,8859071,1555,317801af9deb7e83e8f0deb364ba7b03d23050a7d7bc03a45142d4384e00a870,,explicit_restriction_detected_review_required,False
book-3ac0ff23515c,3 Rimanakushun - Quechua central: fichas multinivel de Comunicación del 3° Primaria (MINEDU) PDF,central_unspecified,language_communication,primary,3,False,candidate,https://peru.librosminedu.com/3-rimanakushun-quechua-central-fichas-multinivel-de-comunicacion-del/,"Taqa 4 - 2 Llamkana rapiEIB - Quechua Central · 20 páginas · 7,8 MB",,https://peru.librosminedu.com/pdf-3-rimanakushun-quechua-central-fichas-multinivel-de-comunicacion-del-9/,1FlfIvnXRZQQAfp91iRlS7rCIiNa2KypK,downloaded,finetuning/reference-materials/peru-quechua/pdf/1FlfIvnXRZQQAfp91iRlS7rCIiNa2KypK.pdf,finetuning/reference-materials/peru-quechua/text/1FlfIvnXRZQQAfp91iRlS7rCIiNa2KypK.txt,extracted_unreviewed,20,8198486,1666,c56df8a50ac6d4c1022f849548465b4c6cdada4d453b6ee9fe65757e1032b4bc,,explicit_restriction_detected_review_required,False
book-e9e092d0cb82,1 Yupana - Quechua central: fichas de trabajo de Matemáticas del 1° Primaria (MINEDU) PDF,central_unspecified,mathematics,primary,1,False,candidate,https://peru.librosminedu.com/1-yupana-quechua-central-fichas-de-trabajo-de-matematicas-del-1/,"Edición 2026EIB - Quechua Central · 104 páginas · 38,2 MB",2026,https://peru.librosminedu.com/pdf-1-yupana-quechua-central-fichas-de-trabajo-de-matematicas-del-1/,12lhpYY48zmRK8eYh-RLImsF-uI5v4buq,downloaded,finetuning/reference-materials/peru-quechua/pdf/12lhpYY48zmRK8eYh-RLImsF-uI5v4buq.pdf,finetuning/reference-materials/peru-quechua/text/12lhpYY48zmRK8eYh-RLImsF-uI5v4buq.txt,no_extractable_text_ocr_needed,104,40047107,0,d9573d31ed5f7446cd572a94ef502cc5d8286251f1e060cbc23d306de1afe973,,not_cleared_review_required,False
book-2a7c9a3978a9,2 Yupana - Quechua central: fichas de trabajo de Matemáticas del 2° Primaria (MINEDU) PDF,central_unspecified,mathematics,primary,2,False,candidate,https://peru.librosminedu.com/2-yupana-quechua-central-fichas-de-trabajo-de-matematicas-del-2/,"Edición 2026EIB - Quechua Central · 104 páginas · 37,8 MB",2026,https://peru.librosminedu.com/pdf-2-yupana-quechua-central-fichas-de-trabajo-de-matematicas-del-2/,1RKk4yI6DtAcLDa_4xW6VzULimKYYPZ4Z,downloaded,finetuning/reference-materials/peru-quechua/pdf/1RKk4yI6DtAcLDa_4xW6VzULimKYYPZ4Z.pdf,finetuning/reference-materials/peru-quechua/text/1RKk4yI6DtAcLDa_4xW6VzULimKYYPZ4Z.txt,no_extractable_text_ocr_needed,104,39614366,0,b153d38db894e94070d91b51e5c20d0704765aa3c574fc16f56b38f56e20bfb8,,not_cleared_review_required,False
book-991de2029574,2 Rimanakushun - Quechua central: cuaderno de trabajo de Comunicación del 2° Primaria (MINEDU) PDF,central_unspecified,language_communication,primary,2,False,candidate,https://peru.librosminedu.com/2-rimanakushun-quechua-central-cuaderno-de-trabajo-de-comunicacion/,"Edición 2026EIB - Quechua Central · 132 páginas · 33,4 MB",2026,https://peru.librosminedu.com/pdf-2-rimanakushun-quechua-central-cuaderno-de-trabajo-de-comunicacion/,1ghGX1UfbVvoAGbdK1MsiGdGG_6-D2nMk,downloaded,finetuning/reference-materials/peru-quechua/pdf/1ghGX1UfbVvoAGbdK1MsiGdGG_6-D2nMk.pdf,finetuning/reference-materials/peru-quechua/text/1ghGX1UfbVvoAGbdK1MsiGdGG_6-D2nMk.txt,extracted_unreviewed,132,34982722,8169,5c881e120bd42b49b86c99dbaf47b167070662c7a617eac559c2f658b174d28e,,explicit_restriction_detected_review_required,False
book-2dc140e3dca8,1 Rimanakushun - Quechua central: fichas de trabajo de Lengua originaria como L2 1 - Primaria - Quechua central (MINEDU) PDF,central_unspecified,language_communication,primary,,False,candidate,https://peru.librosminedu.com/1-rimanakushun-quechua-central-fichas-de-trabajo-de-lengua-originaria/,"Edición 2026EIB - Quechua Central · 164 páginas · 39,1 MB",2026,https://peru.librosminedu.com/pdf-1-rimanakushun-quechua-central-fichas-de-trabajo-de-lengua-originaria/,1MCKXjlX5dVDsSjTdeRwZ3jZqR7gHvSEU,downloaded,finetuning/reference-materials/peru-quechua/pdf/1MCKXjlX5dVDsSjTdeRwZ3jZqR7gHvSEU.pdf,finetuning/reference-materials/peru-quechua/text/1MCKXjlX5dVDsSjTdeRwZ3jZqR7gHvSEU.txt,extracted_unreviewed,164,40956587,8875,394079f615e902776721ff9962a1ef78277d5caef9eb7f0df9e1280ac509dbfd,,explicit_restriction_detected_review_required,False
book-a2fd80b30a4a,2 Rimanakushun - Quechua central: fichas de trabajo de lengua originaria como L2 2 - Primaria - Quechua central (MINEDU) PDF,central_unspecified,language_communication,primary,,False,candidate,https://peru.librosminedu.com/2-rimanakushun-quechua-central-fichas-de-trabajo-de-lengua-originaria/,"Edición 2026EIB - Quechua Central · 164 páginas · 46,7 MB",2026,https://peru.librosminedu.com/pdf-2-rimanakushun-quechua-central-fichas-de-trabajo-de-lengua-originaria/,1oA26hx1n1r5ok6G4jJQ_6OJePj8kGRlG,downloaded,finetuning/reference-materials/peru-quechua/pdf/1oA26hx1n1r5ok6G4jJQ_6OJePj8kGRlG.pdf,finetuning/reference-materials/peru-quechua/text/1oA26hx1n1r5ok6G4jJQ_6OJePj8kGRlG.txt,extracted_unreviewed,164,48929605,9310,b51bc4447c851de7cdc89e86a453c0a0736d0c75881039ad6fbc4439cc700dc9,,explicit_restriction_detected_review_required,False
book-62a55efabfa2,1 Rimana - Quechua central: cuaderno de trabajo de Comunicación del 1° Primaria (MINEDU) PDF,central_unspecified,language_communication,primary,1,False,candidate,https://peru.librosminedu.com/1-rimana-quechua-central-cuaderno-de-trabajo-de-comunicacion-del-1/,"Edición 2026EIB - Quechua Central · 132 páginas · 30,9 MB",2026,https://peru.librosminedu.com/pdf-1-rimana-quechua-central-cuaderno-de-trabajo-de-comunicacion-del-1/,1pIDMfyVl7xrgYHPavzRqShLVynqVDeqn,downloaded,finetuning/reference-materials/peru-quechua/pdf/1pIDMfyVl7xrgYHPavzRqShLVynqVDeqn.pdf,finetuning/reference-materials/peru-quechua/text/1pIDMfyVl7xrgYHPavzRqShLVynqVDeqn.txt,extracted_unreviewed,132,32430230,5387,49a98ccfddaf307277eef31229591a59c57fd7a049690a9394554ebe67232eee,,explicit_restriction_detected_review_required,False
book-4d211e7f0c57,Pukllaypa yachakushun: cuaderno de trabajo de 5 años - Quechua central (MINEDU) PDF,central_unspecified,other_school_material,early_childhood,,False,candidate,https://peru.librosminedu.com/pukllaypa-yachakushun-cuaderno-de-trabajo-de-5-anos-quechua-central/,"Edición 2026EIB - Quechua Central · 210 páginas · 46,8 MB",2026,https://peru.librosminedu.com/pdf-pukllaypa-yachakushun-cuaderno-de-trabajo-de-5-anos-quechua-central/,1JLGfZ9TkKw4np3n8s-jUyyUD0Xpv0n3X,downloaded,finetuning/reference-materials/peru-quechua/pdf/1JLGfZ9TkKw4np3n8s-jUyyUD0Xpv0n3X.pdf,finetuning/reference-materials/peru-quechua/text/1JLGfZ9TkKw4np3n8s-jUyyUD0Xpv0n3X.txt,extracted_unreviewed,210,49038146,16861,5eab5badf3eeeab0db53df23ed7194734b9fc0550ddf8d448a9fc1d536171a4f,,explicit_restriction_detected_review_required,False
book-3b65222de469,Pukllaypa yachakushun: cuaderno de trabajo de 4 años - Quechua central (MINEDU) PDF,central_unspecified,other_school_material,early_childhood,,False,candidate,https://peru.librosminedu.com/pukllaypa-yachakushun-cuaderno-de-trabajo-de-4-anos-quechua-central/,"Edición 2026EIB - Quechua Central · 202 páginas · 60,5 MB",2026,https://peru.librosminedu.com/pdf-pukllaypa-yachakushun-cuaderno-de-trabajo-de-4-anos-quechua-central/,197j1ZTwdgeUr33Cn8DCLe7CX_X2RRZo_,downloaded,finetuning/reference-materials/peru-quechua/pdf/197j1ZTwdgeUr33Cn8DCLe7CX_X2RRZo_.pdf,finetuning/reference-materials/peru-quechua/text/197j1ZTwdgeUr33Cn8DCLe7CX_X2RRZo_.txt,extracted_unreviewed,202,63474215,16124,885be9a70aa867b43f579459bae016a0ad62f49ba446558f4f1ca70e0a8977d6,,explicit_restriction_detected_review_required,False
book-a69ecb3585d5,Wanku 4 - Kichwa San Martín - fichas de trabajo de Lengua originaria como L2 2 (MINEDU) PDF,kichwa_san_martin,language_communication,unspecified,,False,candidate,https://peru.librosminedu.com/wanku-4-kichwa-san-martin-fichas-de-trabajo-de-lengua-originaria-como-4/,"San Martín) Llamkana rapi 1EIB - Quechua amazónico (kichwa) · 16 páginas · 12,4 MB",,https://peru.librosminedu.com/pdf-wanku-4-kichwa-san-martin-fichas-de-trabajo-de-lengua-originaria-como-4/,1cY1aUiZxctmtW9hg5SmKyQApjKEOkhQB,downloaded,finetuning/reference-materials/peru-quechua/pdf/1cY1aUiZxctmtW9hg5SmKyQApjKEOkhQB.pdf,finetuning/reference-materials/peru-quechua/text/1cY1aUiZxctmtW9hg5SmKyQApjKEOkhQB.txt,extracted_review_required,16,13009192,1183,58c545fc64e0b5a97e83d2f6a91c8c0d4419a8773f70c8a15394794e87ecf66a,,explicit_restriction_detected_review_required,False
book-a69ecb3585d5,Wanku 4 - Kichwa San Martín - fichas de trabajo de Lengua originaria como L2 2 (MINEDU) PDF,kichwa_san_martin,language_communication,unspecified,,False,candidate,https://peru.librosminedu.com/wanku-4-kichwa-san-martin-fichas-de-trabajo-de-lengua-originaria-como-4/,"San Martín) Llamkana rapi 2EIB - Quechua amazónico (kichwa) · 16 páginas · 12,4 MB",,https://peru.librosminedu.com/pdf-wanku-4-kichwa-san-martin-fichas-de-trabajo-de-lengua-originaria-como-5/,1zh_QSW37tRMJeXsgnsr68emee1hE4UDx,downloaded,finetuning/reference-materials/peru-quechua/pdf/1zh_QSW37tRMJeXsgnsr68emee1hE4UDx.pdf,finetuning/reference-materials/peru-quechua/text/1zh_QSW37tRMJeXsgnsr68emee1hE4UDx.txt,extracted_review_required,16,13001901,1251,987cecd95762d03160f69352393b25c0588dacf3cdaa7ceaa3d1305a963b4b4a,,explicit_restriction_detected_review_required,False
book-a69ecb3585d5,Wanku 4 - Kichwa San Martín - fichas de trabajo de Lengua originaria como L2 2 (MINEDU) PDF,kichwa_san_martin,language_communication,unspecified,,False,candidate,https://peru.librosminedu.com/wanku-4-kichwa-san-martin-fichas-de-trabajo-de-lengua-originaria-como-4/,"San Martín) Llamkana rapi 3EIB - Quechua amazónico (kichwa) · 16 páginas · 12,4 MB",,https://peru.librosminedu.com/pdf-wanku-4-kichwa-san-martin-fichas-de-trabajo-de-lengua-originaria-como-6/,11-yxs8a7Cmjomgmggsp-9bOGFbOAdkmN,downloaded,finetuning/reference-materials/peru-quechua/pdf/11-yxs8a7Cmjomgmggsp-9bOGFbOAdkmN.pdf,finetuning/reference-materials/peru-quechua/text/11-yxs8a7Cmjomgmggsp-9bOGFbOAdkmN.txt,extracted_review_required,16,12993388,1296,78ac7fc40c5449823382ba404ef87e2603f823ba6eb6eeb16feaf2f29b9dfb08,,explicit_restriction_detected_review_required,False
book-c00f6884bee4,Wanku 2 - Kichwa San Martín - fichas de trabajo de Lengua originaria como L2 2 (MINEDU) PDF,kichwa_san_martin,language_communication,unspecified,,False,candidate,https://peru.librosminedu.com/wanku-2-kichwa-san-martin-fichas-de-trabajo-de-lengua-originaria-como-5/,"San Martín) Llamkana rapi 2 - parte 1EIB - Quechua amazónico (kichwa) · 16 páginas · 12,3 MB",,https://peru.librosminedu.com/pdf-wanku-2-kichwa-san-martin-fichas-de-trabajo-de-lengua-originaria-como-5/,1HiaAQXJqCr_07-PFsV45DzxzHh_30TrX,downloaded,finetuning/reference-materials/peru-quechua/pdf/1HiaAQXJqCr_07-PFsV45DzxzHh_30TrX.pdf,finetuning/reference-materials/peru-quechua/text/1HiaAQXJqCr_07-PFsV45DzxzHh_30TrX.txt,extracted_review_required,16,12940235,1783,e927d2aab6c6a9dc730c5a54b740d688f271642cdcfcbb83954984705ba8c26c,,explicit_restriction_detected_review_required,False
book-c00f6884bee4,Wanku 2 - Kichwa San Martín - fichas de trabajo de Lengua originaria como L2 2 (MINEDU) PDF,kichwa_san_martin,language_communication,unspecified,,False,candidate,https://peru.librosminedu.com/wanku-2-kichwa-san-martin-fichas-de-trabajo-de-lengua-originaria-como-5/,"San Martín) Llamkana rapi 2 - parte 2EIB - Quechua amazónico (kichwa) · 16 páginas · 12,4 MB",,https://peru.librosminedu.com/pdf-wanku-3-kichwa-san-martin-fichas-de-trabajo-de-lengua-originaria-como-5/,1ZdgMn-_qILo2vFzlil2U7PNGwaMJngbA,downloaded,finetuning/reference-materials/peru-quechua/pdf/1ZdgMn-_qILo2vFzlil2U7PNGwaMJngbA.pdf,finetuning/reference-materials/peru-quechua/text/1ZdgMn-_qILo2vFzlil2U7PNGwaMJngbA.txt,extracted_review_required,16,12992662,1662,2be3251388135948761167a2b7dcf79cd70df1eb9a466881269b79e455a6c5fc,,explicit_restriction_detected_review_required,False
book-c00f6884bee4,Wanku 2 - Kichwa San Martín - fichas de trabajo de Lengua originaria como L2 2 (MINEDU) PDF,kichwa_san_martin,language_communication,unspecified,,False,candidate,https://peru.librosminedu.com/wanku-2-kichwa-san-martin-fichas-de-trabajo-de-lengua-originaria-como-5/,"San Martín) Llamkana rapi 3 - parte 1EIB - Quechua amazónico (kichwa) · 16 páginas · 12,4 MB",,https://peru.librosminedu.com/pdf-wanku-2-kichwa-san-martin-fichas-de-trabajo-de-lengua-originaria-como-6/,1-2y6sOJQhpWv-f3fRHGFd3zTL7rEl8-V,downloaded,finetuning/reference-materials/peru-quechua/pdf/1-2y6sOJQhpWv-f3fRHGFd3zTL7rEl8-V.pdf,finetuning/reference-materials/peru-quechua/text/1-2y6sOJQhpWv-f3fRHGFd3zTL7rEl8-V.txt,extracted_review_required,16,12988563,1728,6ee095cefdc8a6b28dc9c9b4e3116484ec5d1c3e6d1bc771c3c3f4a93c07ab10,,explicit_restriction_detected_review_required,False
book-c00f6884bee4,Wanku 2 - Kichwa San Martín - fichas de trabajo de Lengua originaria como L2 2 (MINEDU) PDF,kichwa_san_martin,language_communication,unspecified,,False,candidate,https://peru.librosminedu.com/wanku-2-kichwa-san-martin-fichas-de-trabajo-de-lengua-originaria-como-5/,"San Martín) Llamkana rapi 3 - parte 2EIB - Quechua amazónico (kichwa) · 16 páginas · 12,5 MB",,https://peru.librosminedu.com/pdf-wanku-3-kichwa-san-martin-fichas-de-trabajo-de-lengua-originaria-como-6/,1yJKaIthvzY4St9vruzPH2_1DTBJoU8yk,downloaded,finetuning/reference-materials/peru-quechua/pdf/1yJKaIthvzY4St9vruzPH2_1DTBJoU8yk.pdf,finetuning/reference-materials/peru-quechua/text/1yJKaIthvzY4St9vruzPH2_1DTBJoU8yk.txt,extracted_review_required,16,13065867,1710,cf7c3923d59ac1df592b57ac541bbac22bf565bc3606338734e11cb898854217,,explicit_restriction_detected_review_required,False
book-04fd532d39a5,Wanku 1 - Kichwa San Martín - fichas de trabajo de Lengua originaria como L2 2 (MINEDU) PDF,kichwa_san_martin,language_communication,unspecified,,False,candidate,https://peru.librosminedu.com/wanku-1-kichwa-san-martin-fichas-de-trabajo-de-lengua-originaria-como-4/,"San Martín) Llamkana rapi 1EIB - Quechua amazónico (kichwa) · 16 páginas · 12,4 MB",,https://peru.librosminedu.com/pdf-wanku-1-kichwa-san-martin-fichas-de-trabajo-de-lengua-originaria-como-4/,1SUMehTiNEn0ZbFyYU-WX19pNs9jGSRRo,downloaded,finetuning/reference-materials/peru-quechua/pdf/1SUMehTiNEn0ZbFyYU-WX19pNs9jGSRRo.pdf,finetuning/reference-materials/peru-quechua/text/1SUMehTiNEn0ZbFyYU-WX19pNs9jGSRRo.txt,extracted_review_required,16,13001526,1592,035117be382e01e27f1c47de0459104592f11d94ca6529d0db30007f078c6450,,explicit_restriction_detected_review_required,False
book-04fd532d39a5,Wanku 1 - Kichwa San Martín - fichas de trabajo de Lengua originaria como L2 2 (MINEDU) PDF,kichwa_san_martin,language_communication,unspecified,,False,candidate,https://peru.librosminedu.com/wanku-1-kichwa-san-martin-fichas-de-trabajo-de-lengua-originaria-como-4/,"San Martín) Llamkana rapi 2EIB - Quechua amazónico (kichwa) · 16 páginas · 12,4 MB",,https://peru.librosminedu.com/pdf-wanku-1-kichwa-san-martin-fichas-de-trabajo-de-lengua-originaria-como-5/,1rmUUK6XhNxpFC84Mbz8Y5Ee7QVkX6XOb,downloaded,finetuning/reference-materials/peru-quechua/pdf/1rmUUK6XhNxpFC84Mbz8Y5Ee7QVkX6XOb.pdf,finetuning/reference-materials/peru-quechua/text/1rmUUK6XhNxpFC84Mbz8Y5Ee7QVkX6XOb.txt,extracted_review_required,16,12998054,1655,028e5b4c1837de3930aa608b153d0e7b0912bef6ffefa73226b0bb668e57c6a9,,explicit_restriction_detected_review_required,False
book-04fd532d39a5,Wanku 1 - Kichwa San Martín - fichas de trabajo de Lengua originaria como L2 2 (MINEDU) PDF,kichwa_san_martin,language_communication,unspecified,,False,candidate,https://peru.librosminedu.com/wanku-1-kichwa-san-martin-fichas-de-trabajo-de-lengua-originaria-como-4/,"San Martín) Llamkana rapi 3EIB - Quechua amazónico (kichwa) · 16 páginas · 12,4 MB",,https://peru.librosminedu.com/pdf-wanku-1-kichwa-san-martin-fichas-de-trabajo-de-lengua-originaria-como-6/,1LYTrdJlDMDHFOMhkGdwJyakxSoy0cSsh,downloaded,finetuning/reference-materials/peru-quechua/pdf/1LYTrdJlDMDHFOMhkGdwJyakxSoy0cSsh.pdf,finetuning/reference-materials/peru-quechua/text/1LYTrdJlDMDHFOMhkGdwJyakxSoy0cSsh.txt,extracted_review_required,16,12998016,1531,47f6a1a3f1b70ec7ea790fd508f5948a7661181f431f6e574d58641c373cb507,,explicit_restriction_detected_review_required,False
book-04fd532d39a5,Wanku 1 - Kichwa San Martín - fichas de trabajo de Lengua originaria como L2 2 (MINEDU) PDF,kichwa_san_martin,language_communication,unspecified,,False,candidate,https://peru.librosminedu.com/wanku-1-kichwa-san-martin-fichas-de-trabajo-de-lengua-originaria-como-4/,"Wanku 2 - Kichwa San Martín - fichas de trabajo de Lengua originaria como L2 2 -…EIB - Quechua amazónico (kichwa) · 16 páginas · 12,4 MB",,https://peru.librosminedu.com/pdf-wanku-2-kichwa-san-martin-fichas-de-trabajo-de-lengua-originaria-como-4/,1rYNCd5AvfyqWbhRDD6Lf-3tBozcp59Jy,downloaded,finetuning/reference-materials/peru-quechua/pdf/1rYNCd5AvfyqWbhRDD6Lf-3tBozcp59Jy.pdf,finetuning/reference-materials/peru-quechua/text/1rYNCd5AvfyqWbhRDD6Lf-3tBozcp59Jy.txt,extracted_review_required,16,12996075,1651,808164afec7031c5d921e2b4512aabeb8b72bdf5772eba20d5a9fd60a1b92c26,,explicit_restriction_detected_review_required,False
book-04fd532d39a5,Wanku 1 - Kichwa San Martín - fichas de trabajo de Lengua originaria como L2 2 (MINEDU) PDF,kichwa_san_martin,language_communication,unspecified,,False,candidate,https://peru.librosminedu.com/wanku-1-kichwa-san-martin-fichas-de-trabajo-de-lengua-originaria-como-4/,"Wanku 3 - Kichwa San Martín - fichas de trabajo de Lengua originaria como L2 2 -…EIB - Quechua amazónico (kichwa) · 16 páginas · 12,4 MB",,https://peru.librosminedu.com/pdf-wanku-3-kichwa-san-martin-fichas-de-trabajo-de-lengua-originaria-como-4/,19ouWEFuPqjQ25x5_3atAvQX5qTVgMLzs,downloaded,finetuning/reference-materials/peru-quechua/pdf/19ouWEFuPqjQ25x5_3atAvQX5qTVgMLzs.pdf,finetuning/reference-materials/peru-quechua/text/19ouWEFuPqjQ25x5_3atAvQX5qTVgMLzs.txt,extracted_review_required,16,13011105,1486,54033a0f3d2a3ab14abc6d1baaf8841fa8ee15cf67d4219280987e9c3dae71de,,explicit_restriction_detected_review_required,False
book-15a78435dec5,Wanku 4 - Kichwa San Martín: fichas de trabajo de Lengua originaria como L2 1 (MINEDU) PDF,kichwa_san_martin,language_communication,unspecified,,False,candidate,https://peru.librosminedu.com/wanku-4-kichwa-san-martin-fichas-de-trabajo-de-lengua-originaria-como/,"Llamkana rapi 1EIB - Quechua amazónico (kichwa) · 16 páginas · 12,5 MB",,https://peru.librosminedu.com/pdf-wanku-4-kichwa-san-martin-fichas-de-trabajo-de-lengua-originaria-como/,1N8AagkeGGlvzt2qYQ6K9Wz9esFm3EBG7,downloaded,finetuning/reference-materials/peru-quechua/pdf/1N8AagkeGGlvzt2qYQ6K9Wz9esFm3EBG7.pdf,finetuning/reference-materials/peru-quechua/text/1N8AagkeGGlvzt2qYQ6K9Wz9esFm3EBG7.txt,extracted_review_required,16,13143436,1346,e0499fe36e98de26e8ee37f2e0888d8a751f004ca4f6bf08a2394edcae993ed2,,explicit_restriction_detected_review_required,False
book-15a78435dec5,Wanku 4 - Kichwa San Martín: fichas de trabajo de Lengua originaria como L2 1 (MINEDU) PDF,kichwa_san_martin,language_communication,unspecified,,False,candidate,https://peru.librosminedu.com/wanku-4-kichwa-san-martin-fichas-de-trabajo-de-lengua-originaria-como/,"Llamkana rapi 2EIB - Quechua amazónico (kichwa) · 16 páginas · 12,5 MB",,https://peru.librosminedu.com/pdf-wanku-4-kichwa-san-martin-fichas-de-trabajo-de-lengua-originaria-como-2/,1GqMSCDTcrz0AN1vad9j0UBlQx6yn2Pct,downloaded,finetuning/reference-materials/peru-quechua/pdf/1GqMSCDTcrz0AN1vad9j0UBlQx6yn2Pct.pdf,finetuning/reference-materials/peru-quechua/text/1GqMSCDTcrz0AN1vad9j0UBlQx6yn2Pct.txt,extracted_review_required,16,13103623,1386,821d53af3a961db2418230c1945be60c4fae98b30aa3298a8a97dd249ff7498a,,explicit_restriction_detected_review_required,False
book-15a78435dec5,Wanku 4 - Kichwa San Martín: fichas de trabajo de Lengua originaria como L2 1 (MINEDU) PDF,kichwa_san_martin,language_communication,unspecified,,False,candidate,https://peru.librosminedu.com/wanku-4-kichwa-san-martin-fichas-de-trabajo-de-lengua-originaria-como/,"Llamkana rapi 3EIB - Quechua amazónico (kichwa) · 16 páginas · 12,5 MB",,https://peru.librosminedu.com/pdf-wanku-4-kichwa-san-martin-fichas-de-trabajo-de-lengua-originaria-como-3/,1O-thb-QSd6wYsQFz3vc7neb8YvZ_dILd,downloaded,finetuning/reference-materials/peru-quechua/pdf/1O-thb-QSd6wYsQFz3vc7neb8YvZ_dILd.pdf,finetuning/reference-materials/peru-quechua/text/1O-thb-QSd6wYsQFz3vc7neb8YvZ_dILd.txt,extracted_review_required,16,13129317,1468,c8bc78f9b50d064facd22bffd258f2cf4a7bb0520947cecea2a5791680975696,,explicit_restriction_detected_review_required,False
book-d597f8faf93f,Wanku 1 - Kichwa San Martín: fichas de trabajo de Lengua originaria como L2 1 (MINEDU) PDF,kichwa_san_martin,language_communication,unspecified,,False,candidate,https://peru.librosminedu.com/wanku-1-kichwa-san-martin-fichas-de-trabajo-de-lengua-originaria-como/,"Llamkana rapi 1 - parte 1EIB - Quechua amazónico (kichwa) · 16 páginas · 12,6 MB",,https://peru.librosminedu.com/pdf-wanku-1-kichwa-san-martin-fichas-de-trabajo-de-lengua-originaria-como/,15yhyhczzJsqKLnOFTKBjsjyu5AUvrowg,downloaded,finetuning/reference-materials/peru-quechua/pdf/15yhyhczzJsqKLnOFTKBjsjyu5AUvrowg.pdf,finetuning/reference-materials/peru-quechua/text/15yhyhczzJsqKLnOFTKBjsjyu5AUvrowg.txt,extracted_review_required,16,13210590,1410,11d9f22e3ab52a1e81b90eb6ec45c81c8661d17ee71f19b61e889a0d2b070cdd,,explicit_restriction_detected_review_required,False
book-d597f8faf93f,Wanku 1 - Kichwa San Martín: fichas de trabajo de Lengua originaria como L2 1 (MINEDU) PDF,kichwa_san_martin,language_communication,unspecified,,False,candidate,https://peru.librosminedu.com/wanku-1-kichwa-san-martin-fichas-de-trabajo-de-lengua-originaria-como/,"Llamkana rapi 1 - parte 2EIB - Quechua amazónico (kichwa) · 16 páginas · 12,5 MB",,https://peru.librosminedu.com/pdf-wanku-2-kichwa-san-martin-fichas-de-trabajo-de-lengua-originaria-como/,1A2THFk8A-1MkHMOgUtMJu9rgWxuFBT9-,downloaded,finetuning/reference-materials/peru-quechua/pdf/1A2THFk8A-1MkHMOgUtMJu9rgWxuFBT9-.pdf,finetuning/reference-materials/peru-quechua/text/1A2THFk8A-1MkHMOgUtMJu9rgWxuFBT9-.txt,extracted_review_required,16,13077124,1402,a66e88314d58e3ea53b4c212518ddda0088641f4719bfa46bcfa4a6ab93c79ae,,explicit_restriction_detected_review_required,False
book-d597f8faf93f,Wanku 1 - Kichwa San Martín: fichas de trabajo de Lengua originaria como L2 1 (MINEDU) PDF,kichwa_san_martin,language_communication,unspecified,,False,candidate,https://peru.librosminedu.com/wanku-1-kichwa-san-martin-fichas-de-trabajo-de-lengua-originaria-como/,"Llamkana rapi 1 - parte 3EIB - Quechua amazónico (kichwa) · 16 páginas · 12,5 MB",,https://peru.librosminedu.com/pdf-wanku-3-kichwa-san-martin-fichas-de-trabajo-de-lengua-originaria-como/,1JDxhcvVU7NFfJ_GOIJ4P5lV78aBAa8Tm,downloaded,finetuning/reference-materials/peru-quechua/pdf/1JDxhcvVU7NFfJ_GOIJ4P5lV78aBAa8Tm.pdf,finetuning/reference-materials/peru-quechua/text/1JDxhcvVU7NFfJ_GOIJ4P5lV78aBAa8Tm.txt,extracted_review_required,16,13147286,1448,686a6c79cf64ddd5d2da2c185c0d5341dd696d74555bbde5f6fb0c43d50359cb,,explicit_restriction_detected_review_required,False
book-d597f8faf93f,Wanku 1 - Kichwa San Martín: fichas de trabajo de Lengua originaria como L2 1 (MINEDU) PDF,kichwa_san_martin,language_communication,unspecified,,False,candidate,https://peru.librosminedu.com/wanku-1-kichwa-san-martin-fichas-de-trabajo-de-lengua-originaria-como/,"Llamkana rapi 2 - parte 1EIB - Quechua amazónico (kichwa) · 16 páginas · 12,6 MB",,https://peru.librosminedu.com/pdf-wanku-1-kichwa-san-martin-fichas-de-trabajo-de-lengua-originaria-como-2/,14exYkkwu7iN-rtFf8UwZH_pskap5_TQL,downloaded,finetuning/reference-materials/peru-quechua/pdf/14exYkkwu7iN-rtFf8UwZH_pskap5_TQL.pdf,finetuning/reference-materials/peru-quechua/text/14exYkkwu7iN-rtFf8UwZH_pskap5_TQL.txt,extracted_review_required,16,13210305,1478,5f4fcc79dc0b910362c93704fa2bc684870b836586daf1ef415a59c196b4ee42,,explicit_restriction_detected_review_required,False
book-d597f8faf93f,Wanku 1 - Kichwa San Martín: fichas de trabajo de Lengua originaria como L2 1 (MINEDU) PDF,kichwa_san_martin,language_communication,unspecified,,False,candidate,https://peru.librosminedu.com/wanku-1-kichwa-san-martin-fichas-de-trabajo-de-lengua-originaria-como/,"Llamkana rapi 2 - parte 2EIB - Quechua amazónico (kichwa) · 16 páginas · 12,4 MB",,https://peru.librosminedu.com/pdf-wanku-2-kichwa-san-martin-fichas-de-trabajo-de-lengua-originaria-como-2/,1jU_1ZRokngONMDIe27guVvFVW7GN0yPE,downloaded,finetuning/reference-materials/peru-quechua/pdf/1jU_1ZRokngONMDIe27guVvFVW7GN0yPE.pdf,finetuning/reference-materials/peru-quechua/text/1jU_1ZRokngONMDIe27guVvFVW7GN0yPE.txt,extracted_review_required,16,13008273,1502,86ae347d067fbbf84c5bed94d7f22f30c85ba0d546f7d84a10d8ac4b38b13444,,explicit_restriction_detected_review_required,False
book-d597f8faf93f,Wanku 1 - Kichwa San Martín: fichas de trabajo de Lengua originaria como L2 1 (MINEDU) PDF,kichwa_san_martin,language_communication,unspecified,,False,candidate,https://peru.librosminedu.com/wanku-1-kichwa-san-martin-fichas-de-trabajo-de-lengua-originaria-como/,"Llamkana rapi 2 - parte 3EIB - Quechua amazónico (kichwa) · 16 páginas · 12,6 MB",,https://peru.librosminedu.com/pdf-wanku-3-kichwa-san-martin-fichas-de-trabajo-de-lengua-originaria-como-2/,1R9FO-WvAhffg_hqdqtifUd6GstlKMRkI,downloaded,finetuning/reference-materials/peru-quechua/pdf/1R9FO-WvAhffg_hqdqtifUd6GstlKMRkI.pdf,finetuning/reference-materials/peru-quechua/text/1R9FO-WvAhffg_hqdqtifUd6GstlKMRkI.txt,extracted_review_required,16,13186126,1411,2af1abf35cee9942cbc6bee13f30a71b7421ef31dfb78ea35140d4dfe5dd83d0,,explicit_restriction_detected_review_required,False
book-d597f8faf93f,Wanku 1 - Kichwa San Martín: fichas de trabajo de Lengua originaria como L2 1 (MINEDU) PDF,kichwa_san_martin,language_communication,unspecified,,False,candidate,https://peru.librosminedu.com/wanku-1-kichwa-san-martin-fichas-de-trabajo-de-lengua-originaria-como/,"Llamkana rapi 3 - parte 1EIB - Quechua amazónico (kichwa) · 16 páginas · 12,6 MB",,https://peru.librosminedu.com/pdf-wanku-1-kichwa-san-martin-fichas-de-trabajo-de-lengua-originaria-como-3/,1iIbSLnfLtCa-BZ4f-TEaK5avrjOcZZx-,downloaded,finetuning/reference-materials/peru-quechua/pdf/1iIbSLnfLtCa-BZ4f-TEaK5avrjOcZZx-.pdf,finetuning/reference-materials/peru-quechua/text/1iIbSLnfLtCa-BZ4f-TEaK5avrjOcZZx-.txt,extracted_review_required,16,13157030,1489,5c39640dbeb7a92f0007b97afb8f2bc67b36cab0842acab3e26d64a581f56f21,,explicit_restriction_detected_review_required,False
book-d597f8faf93f,Wanku 1 - Kichwa San Martín: fichas de trabajo de Lengua originaria como L2 1 (MINEDU) PDF,kichwa_san_martin,language_communication,unspecified,,False,candidate,https://peru.librosminedu.com/wanku-1-kichwa-san-martin-fichas-de-trabajo-de-lengua-originaria-como/,"Llamkana rapi 3 - parte 2EIB - Quechua amazónico (kichwa) · 16 páginas · 12,4 MB",,https://peru.librosminedu.com/pdf-wanku-2-kichwa-san-martin-fichas-de-trabajo-de-lengua-originaria-como-3/,17ZKyEnumVKV1HYm3VAGhWRk8Oa3R60e-,downloaded,finetuning/reference-materials/peru-quechua/pdf/17ZKyEnumVKV1HYm3VAGhWRk8Oa3R60e-.pdf,finetuning/reference-materials/peru-quechua/text/17ZKyEnumVKV1HYm3VAGhWRk8Oa3R60e-.txt,extracted_review_required,16,13007004,1564,ecce34585bffeecd2474b37353a74f74cd2ab7554ef6e3af32e447d9090df3c7,,explicit_restriction_detected_review_required,False
book-d597f8faf93f,Wanku 1 - Kichwa San Martín: fichas de trabajo de Lengua originaria como L2 1 (MINEDU) PDF,kichwa_san_martin,language_communication,unspecified,,False,candidate,https://peru.librosminedu.com/wanku-1-kichwa-san-martin-fichas-de-trabajo-de-lengua-originaria-como/,"Llamkana rapi 3 - parte 3EIB - Quechua amazónico (kichwa) · 16 páginas · 12,5 MB",,https://peru.librosminedu.com/pdf-wanku-3-kichwa-san-martin-fichas-de-trabajo-de-lengua-originaria-como-3/,19oqtersIAianHD44K6vEWGxz_zArWp_g,downloaded,finetuning/reference-materials/peru-quechua/pdf/19oqtersIAianHD44K6vEWGxz_zArWp_g.pdf,finetuning/reference-materials/peru-quechua/text/19oqtersIAianHD44K6vEWGxz_zArWp_g.txt,extracted_review_required,16,13145653,1545,f1344f91d93caf24aeaf256ddff29094dca6d4fbc647c0ac4dbccdee1e2e80d2,,explicit_restriction_detected_review_required,False
book-ded2f7524a74,Rimakunisapa 1 - Kichwa: fichas de trabajo de Lengua originaria como L2 1 - Primaria - Quechua Amazónico (Kichwa - San Martín) (MINEDU) PDF,kichwa_san_martin,language_communication,primary,,False,candidate,https://peru.librosminedu.com/rimakunisapa-1-kichwa-fichas-de-trabajo-de-lengua-originaria-como-l2/,"Edición 2026EIB - Quechua amazónico (kichwa) · 164 páginas · 61,0 MB",2026,https://peru.librosminedu.com/pdf-rimakunisapa-1-kichwa-fichas-de-trabajo-de-lengua-originaria-como-l2/,1irEtBqZL6SP-GotcJGMfMujSVJaIy7-d,downloaded,finetuning/reference-materials/peru-quechua/pdf/1irEtBqZL6SP-GotcJGMfMujSVJaIy7-d.pdf,finetuning/reference-materials/peru-quechua/text/1irEtBqZL6SP-GotcJGMfMujSVJaIy7-d.txt,extracted_unreviewed,164,63976939,10941,1da6134130416cbf9a37b3fbfa5fa545d0aa45f09222db2fa0828614ec5a6cdd,,explicit_restriction_detected_review_required,False
book-34eb3e2aca3f,Rimakunisapa 2 - Kichwa: fichas de trabajo de Lengua originaria como L2 1 - Primaria - Quechua Amazónico (Kichwa - San Martín) (MINEDU) PDF,kichwa_san_martin,language_communication,primary,,False,candidate,https://peru.librosminedu.com/rimakunisapa-2-kichwa-fichas-de-trabajo-de-lengua-originaria-como-l2/,"Edición 2026EIB - Quechua amazónico (kichwa) · 164 páginas · 55,8 MB",2026,https://peru.librosminedu.com/pdf-rimakunisapa-2-kichwa-fichas-de-trabajo-de-lengua-originaria-como-l2/,1UTcXflmhiG2Kb6xbC-Mr1ya2E9teN5FW,downloaded,finetuning/reference-materials/peru-quechua/pdf/1UTcXflmhiG2Kb6xbC-Mr1ya2E9teN5FW.pdf,finetuning/reference-materials/peru-quechua/text/1UTcXflmhiG2Kb6xbC-Mr1ya2E9teN5FW.txt,extracted_unreviewed,164,58523714,11374,f55fb87da95961ead80511621d98e7d9792ba9b455763329a744817953cc25fc,,explicit_restriction_detected_review_required,False
book-2c5fabef0524,Rimana 2: Quechua Amazónico (kichwa): cuaderno de trabajo de Comunicación del 2° Primaria - Quechua Amazónico (Kichwa - Loreto) (MINEDU) PDF,kichwa_loreto,language_communication,primary,2,False,candidate,https://peru.librosminedu.com/rimana-2-quechua-amazonico-kichwa-cuaderno-de-trabajo-de-comunicacion/,"Edición 2026EIB - Quechua Amazónico · 130 páginas · 21,0 MB",2026,https://peru.librosminedu.com/pdf-rimana-2-quechua-amazonico-kichwa-cuaderno-de-trabajo-de-comunicacion/,1nsb7bla3XinSS49zI8lXzN1NouOR_KvU,downloaded,finetuning/reference-materials/peru-quechua/pdf/1nsb7bla3XinSS49zI8lXzN1NouOR_KvU.pdf,finetuning/reference-materials/peru-quechua/text/1nsb7bla3XinSS49zI8lXzN1NouOR_KvU.txt,extracted_unreviewed,130,21992627,10509,0aefae5cfcb5ee629fff9808c8670e77d392b5fda66bf72100e2581b68fd5202,,explicit_restriction_detected_review_required,False
book-a7131d3debd1,Rimana 1: Quechua Amazónico (kichwa): cuaderno de trabajo de Comunicación del 1° Primaria - Quechua Amazónico (Kichwa - Loreto) (MINEDU) PDF,kichwa_loreto,language_communication,primary,1,False,candidate,https://peru.librosminedu.com/rimana-1-quechua-amazonico-kichwa-cuaderno-de-trabajo-de-comunicacion/,"Edición 2026EIB - Quechua Amazónico · 130 páginas · 21,8 MB",2026,https://peru.librosminedu.com/pdf-rimana-1-quechua-amazonico-kichwa-cuaderno-de-trabajo-de-comunicacion/,1yGQmGQbBQz1dWh4sfF4cTGJcQQIieHVX,downloaded,finetuning/reference-materials/peru-quechua/pdf/1yGQmGQbBQz1dWh4sfF4cTGJcQQIieHVX.pdf,finetuning/reference-materials/peru-quechua/text/1yGQmGQbBQz1dWh4sfF4cTGJcQQIieHVX.txt,extracted_unreviewed,130,22844388,6425,a614cae137d3ed3953ed5acff3be5f518c542e643b30a5181056c503f0bc9e1c,,explicit_restriction_detected_review_required,False
